escenario,escenario_label,id,nombre,sistema,alcaldia_municipio,es_cetram,betweenness_centrality
scenario_metro,METRO,"(-99.18675, 19.40219)",Tacubaya,METRO,Miguel Hidalgo,False,0.156924
scenario_metro,METRO,"(-99.074517526, 19.317618602)",Periférico Oriente/Tláhuac,METRO,Iztapalapa,False,0.155048
scenario_metro,METRO,"(-99.19888233, 19.355731681)",Rómulo O'Farril,METRO,Álvaro Obregón,False,0.131018
scenario_metro,METRO,"(-99.19120546, 19.361795526)",Barranca del Muerto/Periférico,METRO,Álvaro Obregón,False,0.128381
scenario_metro,METRO,"(-99.062654986, 19.34508576)",Constitución de 1917/Periférico,METRO,Iztapalapa,False,0.127417
scenario_metro,METRO,"(-99.220328644, 19.32092595)",Luis Cabrera,METRO,La Magdalena Contreras,False,0.123558
scenario_metro,METRO,"(-99.067599524, 19.328377434)",Iztapalapa,METRO,Iztapalapa,False,0.121143
scenario_metro,METRO,"(-99.20203787, 19.347926363)",Desierto de los Leones,METRO,Álvaro Obregón,False,0.119893
scenario_metro,METRO,"(-99.10221507, 19.29513739)",Canal Nacional,METRO,Xochimilco,False,0.119862
scenario_metro,METRO,"(-99.115187193, 19.289618298)",Muyuguarda/Cafetales,METRO,Xochimilco,False,0.119515
scenario_metro,METRO,"(-99.064254049, 19.339142896)",5 de Mayo,METRO,Iztapalapa,False,0.118792
scenario_metro,METRO,"(-99.094240782, 19.298486669)",Cuemanco,METRO,Xochimilco,False,0.118577
scenario_metro,METRO,"(-99.08, 19.31)",Estrella del Sur,METRO,Iztapalapa,False,0.117464
scenario_metro,METRO,"(-99.0845, 19.304)",Culhuacán,METRO,Iztapalapa,False,0.117388
scenario_metro,METRO,"(-99.087, 19.301)",Atlalilco/Periférico,METRO,Iztapalapa,False,0.117315
scenario_metro,METRO,"(-99.09, 19.2995)",Canal de Chalco/Periférico,METRO,Tláhuac,False,0.117246
scenario_metro,METRO,"(-99.14678, 19.43738)",Hidalgo,METRO,Cuauhtémoc,False,0.11495
scenario_metro,METRO,"(-99.14906, 19.42648)",Balderas,METRO,Cuauhtémoc,False,0.110069
scenario_metro,METRO,"(-99.18758, 19.37626)",Mixcoac,METRO,Benito Juárez,False,0.109683
scenario_metro,METRO,"(-99.203232229, 19.340889452)",Toluca,METRO,Álvaro Obregón,False,0.109606
scenario_metro,METRO,"(-99.210965915, 19.330670787)",Glorieta Monumental,METRO,Álvaro Obregón,False,0.109309
scenario_metro,METRO,"(-99.16852, 19.40593)",Chilpancingo,METRO,Cuauhtémoc,False,0.107354
scenario_metro,METRO,"(-99.208994308, 19.334297058)",Parque el Batán,METRO,Álvaro Obregón,False,0.107345
scenario_metro,METRO,"(-99.212048351, 19.328610686)",Tarasquillo,METRO,Álvaro Obregón,False,0.106768
scenario_metro,METRO,"(-99.14463, 19.40722)",Lázaro Cárdenas,METRO,Cuauhtémoc,False,0.105547
scenario_metro,METRO,"(-99.188913461, 19.39097452)",San Pedro de los Pinos/Periférico,METRO,Benito Juárez,False,0.104428
scenario_metro,METRO,"(-99.21566038, 19.324062314)",San Antonio Elevado,METRO,La Magdalena Contreras,False,0.103532
scenario_metro,METRO,"(-99.215830905, 19.307569651)",Santa Teresa,METRO,Álvaro Obregón,False,0.101789
scenario_metro,METRO,"(-99.21991935, 19.312990572)",Ángeles,METRO,La Magdalena Contreras,False,0.100855
scenario_metro,METRO,"(-99.152082688, 19.290400734)",Zona de Hospitales,METRO,Tlalpan,False,0.100373
scenario_metro,METRO,"(-99.160595819, 19.30103758)",Imán/Circuito Azteca,METRO,Tlalpan,False,0.100006
scenario_metro,METRO,"(-99.191252619, 19.384772416)",Distribuidor Vial San Antonio,METRO,Álvaro Obregón,False,0.099513
scenario_metro,METRO,"(-99.221673835, 19.318655355)",Suiza,METRO,La Magdalena Contreras,False,0.098701
scenario_metro,METRO,"(-99.191521875, 19.376272947)",Celini,METRO,Álvaro Obregón,False,0.097789
scenario_metro,METRO,"(-99.154638075, 19.294732604)",Huipulco,METRO,Tlalpan,False,0.097785
scenario_metro,METRO,"(-99.139, 19.444)",Garibaldi y Lagunilla,METRO,Cuauhtémoc,False,0.097465
scenario_metro,METRO,"(-99.193938817, 19.372102693)",Rosa Trepadora,METRO,Álvaro Obregón,False,0.096785
scenario_metro,METRO,"(-99.18873824, 19.395538325)",11 de Abril,METRO,Benito Juárez,False,0.095133
scenario_metro,METRO,"(-99.185859753, 19.303159926)",Periférico Sur,METRO,Coyoacán,False,0.094279
scenario_metro,METRO,"(-99.147153433, 19.285517187)",ESCA,METRO,Tlalpan,False,0.092089
scenario_metro,METRO,"(-99.191148873, 19.366922941)",Prepa 8,METRO,Álvaro Obregón,False,0.091899
scenario_metro,METRO,"(-99.199755776, 19.304247671)",Jardines del Pedregal,METRO,Coyoacán,False,0.091091
scenario_metro,METRO,"(-99.204757324, 19.305818199)",Ajusco,METRO,Coyoacán,False,0.090916
scenario_metro,METRO,"(-99.17280623, 19.30302652)",Santa Ursula,METRO,Coyoacán,False,0.090517
scenario_metro,METRO,"(-99.14722, 19.43755)",Hidalgo,METRO,Cuauhtémoc,False,0.090249
scenario_metro,METRO,"(-99.181406533, 19.303174614)",Cuicuilco,METRO,Tlalpan,False,0.090151
scenario_metro,METRO,"(-99.16556443, 19.302104803)",Gran Sur,METRO,Tlalpan,False,0.089742
scenario_metro,METRO,"(-99.1656, 19.37085)",Zapata,METRO,Benito Juárez,False,0.089716
scenario_metro,METRO,"(-99.15142, 19.36134)",Eje Central,METRO,Benito Juárez,False,0.086724
scenario_metro,METRO,"(-99.141309524, 19.282690238)",Tepepan,METRO,Tlalpan,False,0.086356
scenario_metro,METRO,"(-99.16451, 19.37119)",Zapata,METRO,Benito Juárez,False,0.083346
scenario_metro,METRO,"(-99.126320188, 19.284843404)",Vaqueritos,METRO,Xochimilco,False,0.080984
scenario_metro,METRO,"(-99.131535929, 19.28374266)",Coapa,METRO,Tlalpan,False,0.080936
scenario_metro,METRO,"(-99.07451, 19.31761)",Periférico Oriente,METRO,Iztapalapa,False,0.079364
scenario_metro,METRO,"(-99.08722, 19.44569)",Oceanía,METRO,Venustiano Carranza,False,0.078282
scenario_metro,METRO,"(-99.14948, 19.427)",Balderas,METRO,Cuauhtémoc,False,0.077748
scenario_metro,METRO,"(-99.13787, 19.44389)",Garibaldi y Lagunilla,METRO,Cuauhtémoc,False,0.076109
scenario_metro,METRO,"(-99.046602029, 19.491180771)",Río de los Remedios Metro/Periférico,METRO,Ecatepec de Morelos,False,0.075666
scenario_metro,METRO,"(-99.1572, 19.38617)",Eugenia,METRO,Benito Juárez,False,0.075472
scenario_metro,METRO,"(-99.059656045, 19.353510491)",Revolución Social,METRO,Iztapalapa,False,0.074383
scenario_metro,METRO,"(-99.12314, 19.35776)",Mexicaltzingo,METRO,Coyoacán,False,0.07388
scenario_metro,METRO,"(-99.15603, 19.39592)",Etiopía y Plaza de la Transparencia,METRO,Benito Juárez,False,0.073381
scenario_metro,METRO,"(-99.059975261, 19.389646029)",Constitución de Apatzingán,METRO,Iztapalapa,False,0.073258
scenario_metro,METRO,"(-99.19135, 19.41177)",Constituyentes,METRO,Miguel Hidalgo,False,0.073211
scenario_metro,METRO,"(-99.057438562, 19.363381099)",Luis Méndez,METRO,Iztapalapa,False,0.073021
scenario_metro,METRO,"(-99.12235, 19.4091)",Jamaica,METRO,Venustiano Carranza,False,0.072808
scenario_metro,METRO,"(-99.10452, 19.32815)",San Andrés Tomatlán,METRO,Iztapalapa,False,0.072742
scenario_metro,METRO,"(-99.17112, 19.42185)",Sevilla,METRO,Cuauhtémoc,False,0.072722
scenario_metro,METRO,"(-99.060125079, 19.376718384)",Leyes de Reforma,METRO,Iztapalapa,False,0.07228
scenario_metro,METRO,"(-99.15325, 19.41376)",Hospital General,METRO,Cuauhtémoc,False,0.072248
scenario_metro,METRO,"(-99.060637256, 19.382069243)",Canal de Tezontle,METRO,Iztapalapa,False,0.069451
scenario_metro,METRO,"(-99.1546, 19.42566)",Cuauhtémoc,METRO,Cuauhtémoc,False,0.069259
scenario_metro,METRO,"(-99.14313, 19.45506)",Tlatelolco,METRO,Cuauhtémoc,False,0.06907
scenario_metro,METRO,"(-99.11957, 19.43917)",Morelos,METRO,Venustiano Carranza,False,0.0687
scenario_metro,METRO,"(-99.13023, 19.44322)",Lagunilla,METRO,Cuauhtémoc,False,0.068631
scenario_metro,METRO,"(-99.1369, 19.40087)",Viaducto,METRO,Benito Juárez,False,0.067755
scenario_metro,METRO,"(-99.08587, 19.32047)",Calle 11,METRO,Iztapalapa,False,0.067318
scenario_metro,METRO,"(-99.18926, 19.3615)",Barranca del Muerto,METRO,Álvaro Obregón,False,0.067194
scenario_metro,METRO,"(-99.13896, 19.38758)",Villa de Cortés,METRO,Benito Juárez,False,0.067005
scenario_metro,METRO,"(-99.10371, 19.43657)",Ricardo Flores Magón,METRO,Venustiano Carranza,False,0.066027
scenario_metro,METRO,"(-99.15603, 19.40656)",Centro Médico,METRO,Cuauhtémoc,False,0.065938
scenario_metro,METRO,"(-99.17892, 19.40611)",Patriotismo,METRO,Cuauhtémoc,False,0.065623
scenario_metro,METRO,"(-99.16066, 19.4419)",San Cosme,METRO,Cuauhtémoc,False,0.065514
scenario_metro,METRO,"(-99.203382922, 19.427271778)",Paseo de la Reforma,METRO,Miguel Hidalgo,False,0.064682
scenario_metro,METRO,"(-99.14125, 19.43158)",San Juan de Letrán,METRO,Cuauhtémoc,False,0.06455
scenario_metro,METRO,"(-99.057931891, 19.398359975)",Canal de San Juan/Periférico,METRO,Iztapalapa,False,0.064456
scenario_metro,METRO,"(-99.13562, 19.40918)",Chabacano,METRO,Cuauhtémoc,False,0.064382
scenario_metro,METRO,"(-99.194115856, 19.411209877)",Constituyentes/Periférico,METRO,Miguel Hidalgo,False,0.06438
scenario_metro,METRO,"(-99.191886444, 19.406424633)",Parque Lira,METRO,Miguel Hidalgo,False,0.064153
scenario_metro,METRO,"(-99.13264, 19.42592)",Pino Suárez,METRO,Cuauhtémoc,False,0.063811
scenario_metro,METRO,"(-99.191752938, 19.400193507)",Miguel Alemán Valdés,METRO,Miguel Hidalgo,False,0.063754
scenario_metro,METRO,"(-99.11348, 19.3983)",Coyuya,METRO,Iztacalco,True,0.062976
scenario_metro,METRO,"(-99.057587587, 19.404600096)",Valesquillo,METRO,Iztapalapa,False,0.062479
scenario_metro,METRO,"(-99.056785754, 19.411996156)",Av Pantitlán,METRO,Iztacalco,False,0.062473
scenario_metro,METRO,"(-99.19482127, 19.41793797)",Los Pinos,METRO,Miguel Hidalgo,False,0.062247
scenario_metro,METRO,"(-99.14519, 19.44473)",Guerrero,METRO,Cuauhtémoc,False,0.062172
scenario_metro,METRO,"(-99.14157, 19.36992)",Portales,METRO,Benito Juárez,False,0.061962
scenario_metro,METRO,"(-99.19904716, 19.422704576)",Alencastre,METRO,Miguel Hidalgo,False,0.061762
scenario_metro,METRO,"(-99.14161, 19.43638)",Bellas Artes,METRO,Cuauhtémoc,False,0.06101
scenario_metro,METRO,"(-99.05222697, 19.429710791)",Alameda Oriente,METRO,Venustiano Carranza,False,0.060544
scenario_metro,METRO,"(-99.06256, 19.34507)",Calz. Ermita Iztapalapa - Metro Constitución de 1917,RTP,Iztapalapa,False,0.060269
scenario_metro,METRO,"(-99.1077, 19.37321)",Aculco,METRO,Iztapalapa,False,0.059815
scenario_metro,METRO,"(-99.055499314, 19.422364593)",Ciudad Nezahualcóyotl,METRO,Nezahualcóyotl,False,0.05892
scenario_metro,METRO,"(-99.18661, 19.38434)",San Antonio,METRO,Benito Juárez,False,0.058835
scenario_metro,METRO,"(-99.11297, 19.40837)",Mixiuhca,METRO,Venustiano Carranza,False,0.058768
scenario_metro,METRO,"(-99.053966728, 19.493863799)",Valle de Santiago,METRO,Ecatepec de Morelos,False,0.058754
scenario_metro,METRO,"(-99.18198, 19.41295)",Juanacatlán,METRO,Miguel Hidalgo,False,0.058606
scenario_metro,METRO,"(-99.17088, 19.37201)",Hospital 20 de Noviembre,METRO,Benito Juárez,False,0.058507
scenario_metro,METRO,"(-99.13951, 19.46888)",La Raza,METRO,Gustavo A. Madero,False,0.058384
scenario_metro,METRO,"(-99.13397, 19.40851)",Chabacano,METRO,Cuauhtémoc,False,0.058039
scenario_metro,METRO,"(-99.18764, 19.40251)",Tacubaya,METRO,Miguel Hidalgo,False,0.056721
scenario_metro,METRO,"(-99.038811529, 19.487329411)",Valle de San Lorenzo,METRO,Nezahualcóyotl,False,0.056145
scenario_metro,METRO,"(-99.03166215, 19.479330953)",Colonias de Aragón,METRO,Nezahualcóyotl,False,0.056102
scenario_metro,METRO,"(-99.035645702, 19.473040547)",FES Aragón,METRO,Nezahualcóyotl,False,0.05607
scenario_metro,METRO,"(-99.037316653, 19.466612378)",Pirules,METRO,Nezahualcóyotl,False,0.056044
scenario_metro,METRO,"(-99.038384743, 19.457169926)",Peñón Texcoco/Periférico,METRO,Nezahualcóyotl,False,0.056027
scenario_metro,METRO,"(-99.07933, 19.45101)",Deportivo Oceanía,METRO,Gustavo A. Madero,False,0.055804
scenario_metro,METRO,"(-99.17642, 19.42075)",Chapultepec,METRO,Cuauhtémoc,True,0.055756
scenario_metro,METRO,"(-99.09345, 19.35783)",Iztapalapa,METRO,Iztapalapa,True,0.055107
scenario_metro,METRO,"(-99.216389674, 19.442377242)",Hipódromo las Américas,METRO,Miguel Hidalgo,False,0.05462
scenario_metro,METRO,"(-99.208096784, 19.432035165)",Presidente Masaryk,METRO,Miguel Hidalgo,False,0.054508
scenario_metro,METRO,"(-99.11211, 19.38829)",Iztacalco,METRO,Iztacalco,False,0.054372
scenario_metro,METRO,"(-99.18673, 19.3757)",Mixcoac,METRO,Benito Juárez,False,0.054225
scenario_metro,METRO,"(-99.14768, 19.43325)",Juárez,METRO,Cuauhtémoc,False,0.054159
scenario_metro,METRO,"(-99.17178, 19.44927)",Colegio Militar,METRO,Miguel Hidalgo,False,0.053875
scenario_metro,METRO,"(-99.13687, 19.43556)",Allende,METRO,Cuauhtémoc,False,0.053752
scenario_metro,METRO,"(-99.212946133, 19.436746397)",Homero,METRO,Miguel Hidalgo,False,0.053719
scenario_metro,METRO,"(-99.214626691, 19.439263893)",Ejército Nacional,METRO,Miguel Hidalgo,False,0.053352
scenario_metro,METRO,"(-99.18733, 19.40203)",Metro Tacubaya,RTP,Miguel Hidalgo,False,0.053281
scenario_metro,METRO,"(-99.0638, 19.34597)",Constitución de 1917,METRO,Iztapalapa,False,0.053038
scenario_metro,METRO,"(-99.14501, 19.35324)",General Anaya,METRO,Coyoacán,False,0.053036
scenario_metro,METRO,"(-99.16329, 19.42365)",Insurgentes,METRO,Cuauhtémoc,False,0.052717
scenario_metro,METRO,"(-99.07482, 19.35106)",UAM-I,METRO,Iztapalapa,False,0.050938
scenario_metro,METRO,"(-99.1912, 19.36178)",Periférico - Barranca del Muerto,CC,Álvaro Obregón,False,0.050516
scenario_metro,METRO,"(-99.14341, 19.42695)",Salto del Agua,METRO,Cuauhtémoc,False,0.050346
scenario_metro,METRO,"(-99.14185, 19.42772)",Salto del Agua,METRO,Cuauhtémoc,False,0.049136
scenario_metro,METRO,"(-99.15515, 19.40773)",Centro Médico,METRO,Cuauhtémoc,False,0.048773
scenario_metro,METRO,"(-99.12066, 19.40412)",Santa Anita,METRO,Iztacalco,False,0.047867
scenario_metro,METRO,"(-99.190016, 19.361767)",Base CETRAM Barranca del Muerto,CC,Álvaro Obregón,True,0.047554
scenario_metro,METRO,"(-99.143054256, 19.51806243)",Río San Joaquín,METRO,Azcapotzalco,False,0.04742
scenario_metro,METRO,"(-99.12627, 19.40671)",La Viga,METRO,Cuauhtémoc,False,0.047258
scenario_metro,METRO,"(-99.0942, 19.44084)",Romero Rubio,METRO,Venustiano Carranza,False,0.046728
scenario_metro,METRO,"(-99.18697, 19.37568)",Patriotismo,TROLE,Benito Juárez,False,0.046237
scenario_metro,METRO,"(-99.10949, 19.3791)",Apatlaco,METRO,Iztapalapa,False,0.046137
scenario_metro,METRO,"(-99.06339, 19.34601)",Calz. Ermita Iztapalapa - Metro Constitución de 1917,RTP,Iztapalapa,False,0.045863
scenario_metro,METRO,"(-99.15872, 19.37066)",Parque de los Venados,METRO,Benito Juárez,False,0.04585
scenario_metro,METRO,"(-99.15948, 19.37918)",División del Norte,METRO,Benito Juárez,False,0.045769
scenario_metro,METRO,"(-99.134532656, 19.517955725)",Acueducto,METRO,Gustavo A. Madero,False,0.04543
scenario_metro,METRO,"(-99.10316, 19.40854)",Velódromo,METRO,Venustiano Carranza,False,0.044816
scenario_metro,METRO,"(-99.2208, 19.32122)",Periférico - Luis Cabrera,RTP,La Magdalena Contreras,False,0.044737
scenario_metro,METRO,"(-99.13316, 19.27953)",Tepepan,TL,Xochimilco,False,0.044428
scenario_metro,METRO,"(-99.14319, 19.42155)",Doctores,METRO,Cuauhtémoc,False,0.044121
scenario_metro,METRO,"(-99.188, 19.37612)",Mixcoac Norte,TROLE,Benito Juárez,True,0.044085
scenario_metro,METRO,"(-99.2215, 19.32201)",Luis Cabrera - Casa Popular,RTP,La Magdalena Contreras,False,0.04386
scenario_metro,METRO,"(-99.12407, 19.44279)",Tepito,METRO,Cuauhtémoc,False,0.043815
scenario_metro,METRO,"(-99.18776, 19.40146)",Tacubaya,METRO,Miguel Hidalgo,True,0.043397
scenario_metro,METRO,"(-99.22467, 19.32277)",Luis Cabrera - Jalapa,RTP,La Magdalena Contreras,False,0.043245
scenario_metro,METRO,"(-99.15036, 19.41948)",Niños Héroes y  Poder Judicial CDMX,METRO,Cuauhtémoc,False,0.043214
scenario_metro,METRO,"(-99.13201, 19.47719)",Potrero,METRO,Gustavo A. Madero,False,0.043045
scenario_metro,METRO,"(-99.22866, 19.31982)",Luis Cabrera - Naranjos,RTP,La Magdalena Contreras,False,0.042974
scenario_metro,METRO,"(-99.06411, 19.3457)",Constitución de 1917,TROLE,Iztapalapa,False,0.042933
scenario_metro,METRO,"(-99.13375, 19.41021)",Chabacano,METRO,Cuauhtémoc,False,0.04284
scenario_metro,METRO,"(-99.04888, 19.34246)",Dvo. Santa Cruz,TROLE,Iztapalapa,False,0.042734
scenario_metro,METRO,"(-99.23075, 19.3181)",Luis Cabrera - Ferrocarril de Cuernavaca,RTP,La Magdalena Contreras,False,0.042723
scenario_metro,METRO,"(-99.15423, 19.43923)",Revolución,METRO,Cuauhtémoc,False,0.042473
scenario_metro,METRO,"(-99.14404, 19.41324)",Obrera,METRO,Cuauhtémoc,False,0.041862
scenario_metro,METRO,"(-99.085931388, 19.507128625)",Río de los Remedios MB/Periférico,METRO,Ecatepec de Morelos,False,0.041714
scenario_metro,METRO,"(-99.23195, 19.3167)",Autopista Urbana Poniente - Universidad Anahuac del Sur,RTP,La Magdalena Contreras,False,0.041708
scenario_metro,METRO,"(-99.14163, 19.35982)",Ermita,METRO,Benito Juárez,False,0.041593
scenario_metro,METRO,"(-99.09125, 19.40843)",Ciudad Deportiva,METRO,Iztacalco,False,0.041264
scenario_metro,METRO,"(-99.14344, 19.34082)",Las Torres,TL,Coyoacán,False,0.041237
scenario_metro,METRO,"(-99.06929, 19.45809)",Bosque de Aragón,METRO,Gustavo A. Madero,False,0.041144
scenario_metro,METRO,"(-99.235080884, 19.486174859)",Lomas Verdes,METRO,Naucalpan de Juárez,False,0.041106
scenario_metro,METRO,"(-99.19004, 19.47911)",Camarones,METRO,Azcapotzalco,False,0.041084
scenario_metro,METRO,"(-99.1136, 19.39828)",Metro Coyuya,MB,Iztacalco,True,0.040864
scenario_metro,METRO,"(-99.14399, 19.41295)",Obrera,TROLE,Cuauhtémoc,False,0.040822
scenario_metro,METRO,"(-99.224501362, 19.46601899)",Las Torres,METRO,Naucalpan de Juárez,False,0.040624
scenario_metro,METRO,"(-99.14423, 19.41218)",Obrera,TROLE,Cuauhtémoc,False,0.040458
scenario_metro,METRO,"(-99.18717, 19.45823)",Tacuba,METRO,Miguel Hidalgo,False,0.040339
scenario_metro,METRO,"(-99.23721, 19.33282)",Autopista Urbana Poniente - Av. de las Torres,RTP,Álvaro Obregón,False,0.040166
scenario_metro,METRO,"(-99.220587639, 19.458780111)",Cuatro Caminos/Periférico,METRO,Naucalpan de Juárez,False,0.040009
scenario_metro,METRO,"(-99.228522359, 19.473756768)",Naucalpan,METRO,Naucalpan de Juárez,False,0.039855
scenario_metro,METRO,"(-99.04679, 19.49069)",Río de los Remedios,METRO,Nezahualcóyotl,False,0.039836
scenario_metro,METRO,"(-99.05461, 19.47289)",Nezahualcóyotl,METRO,Nezahualcóyotl,False,0.03974
scenario_metro,METRO,"(-99.231934887, 19.479082935)",Gustavo Baz Prada,METRO,Naucalpan de Juárez,False,0.039329
scenario_metro,METRO,"(-99.16517, 19.37078)",Zapata II,TROLE,Benito Juárez,False,0.039279
scenario_metro,METRO,"(-99.14186, 19.33573)",Ciudad Jardín,TL,Coyoacán,False,0.03922
scenario_metro,METRO,"(-99.10624, 19.35275)",Atlalilco,METRO,Iztapalapa,False,0.039205
scenario_metro,METRO,"(-99.13652, 19.46967)",La Raza,METRO,Gustavo A. Madero,False,0.039146
scenario_metro,METRO,"(-99.14468, 19.40762)",Lázaro Cárdenas,TROLE,Cuauhtémoc,False,0.039121
scenario_metro,METRO,"(-99.14042, 19.43701)",Bellas Artes,METRO,Cuauhtémoc,False,0.039031
scenario_metro,METRO,"(-99.11296, 19.43237)",San Lázaro,METRO,Venustiano Carranza,False,0.038927
scenario_metro,METRO,"(-99.23795, 19.33331)",Autopista Urbana Poniente - Av. de las Torres,RTP,Álvaro Obregón,False,0.038883
scenario_metro,METRO,"(-99.06427591, 19.498268072)",Parque Orizaba,METRO,Ecatepec de Morelos,False,0.038742
scenario_metro,METRO,"(-99.101245836, 19.514791577)",Constituyentes de 1857,METRO,Gustavo A. Madero,False,0.038707
scenario_metro,METRO,"(-99.114145246, 19.521458049)",Hermilo Mena,METRO,Gustavo A. Madero,False,0.038637
scenario_metro,METRO,"(-99.077964989, 19.503819366)",Gran Canal de Desagüe,METRO,Ecatepec de Morelos,False,0.038636
scenario_metro,METRO,"(-99.124252609, 19.519154698)",La Presa,METRO,Gustavo A. Madero,False,0.038579
scenario_metro,METRO,"(-99.13969, 19.28273)",Periférico Participación Ciudadana,TL,Tlalpan,False,0.037905
scenario_metro,METRO,"(-99.16727, 19.44456)",Normal,METRO,Miguel Hidalgo,False,0.037805
scenario_metro,METRO,"(-99.08239, 19.40719)",Puebla,METRO,Venustiano Carranza,False,0.037754
scenario_metro,METRO,"(-99.11863, 19.26445)",Huichapan,TL,Xochimilco,False,0.037387
scenario_metro,METRO,"(-99.14379, 19.34128)",Calz. de Tlalpan - Candelaria,RTP,Coyoacán,False,0.037226
scenario_metro,METRO,"(-99.03344, 19.34394)",Papalotl,TROLE,Iztapalapa,False,0.036399
scenario_metro,METRO,"(-99.22162, 19.32222)",Av. Contreras - Casa Popular,RTP,La Magdalena Contreras,False,0.036397
scenario_metro,METRO,"(-99.19093, 19.43355)",Polanco,METRO,Miguel Hidalgo,False,0.036343
scenario_metro,METRO,"(-99.22583, 19.32218)",Av. Contreras  - Tuxpan,RTP,La Magdalena Contreras,False,0.036318
scenario_metro,METRO,"(-99.23114, 19.31717)",Luis Cabrera - Ferrocarril del Cuernavaca,RTP,La Magdalena Contreras,False,0.036242
scenario_metro,METRO,"(-99.08562, 19.35605)",Cerro de la Estrella,METRO,Iztapalapa,False,0.036056
scenario_metro,METRO,"(-99.11328, 19.4082)",Mixiuhca,MB,Venustiano Carranza,False,0.036055
scenario_metro,METRO,"(-99.176, 19.35346)",Viveros y  Derechos Humanos,METRO,Álvaro Obregón,False,0.036034
scenario_metro,METRO,"(-99.23256, 19.31633)",Autopista Urbana Poniente - Roberto Díaz Elizondo,RTP,La Magdalena Contreras,False,0.035987
scenario_metro,METRO,"(-99.2289, 19.31936)",Luis Cabrera - Magnolia,RTP,La Magdalena Contreras,False,0.035733
scenario_metro,METRO,"(-99.160395164, 19.512747483)",Progreso Nacional,METRO,Tlalnepantla de Baz,False,0.035514
scenario_metro,METRO,"(-99.05942, 19.39876)",Canal de San Juan,METRO,Iztacalco,False,0.035118
scenario_metro,METRO,"(-99.13781, 19.39521)",Xola,METRO,Benito Juárez,False,0.035088
scenario_metro,METRO,"(-99.02607, 19.34466)",Aztahuacán,TROLE,Iztapalapa,False,0.035046
scenario_metro,METRO,"(-99.10804, 19.25946)",Xochimilco,TL,Xochimilco,False,0.034721
scenario_metro,METRO,"(-99.108536, 19.25972)",Av. Cuauhtémoc y Gladiolas,CC,Xochimilco,False,0.034558
scenario_metro,METRO,"(-99.07221, 19.41535)",Pantitlán,METRO,Iztacalco,False,0.03449
scenario_metro,METRO,"(-99.10131, 19.35608)",Atlalilco,METRO,Iztapalapa,False,0.034242
scenario_metro,METRO,"(-99.07192, 19.4153)",Pantitlán,METRO,Iztacalco,False,0.034235
scenario_metro,METRO,"(-99.13294, 19.42438)",Pino Suárez,METRO,Cuauhtémoc,False,0.033682
scenario_metro,METRO,"(-99.24005, 19.34508)",Autopista Urbana Poniente - Av. de las Aguilas,RTP,Álvaro Obregón,False,0.033656
scenario_metro,METRO,"(-99.17086, 19.36136)",Coyoacán,METRO,Benito Juárez,False,0.033178
scenario_metro,METRO,"(-99.1815, 19.45725)",Cuitláhuac,METRO,Miguel Hidalgo,False,0.032912
scenario_metro,METRO,"(-99.15562, 19.29488)",Anillo Periférico y Blvd. Adolfo Ruíz Cortines,RTP,Tlalpan,False,0.032816
scenario_metro,METRO,"(-99.17549, 19.45291)",Popotla,METRO,Miguel Hidalgo,False,0.032758
scenario_metro,METRO,"(-99.237218852, 19.494230363)",Parque Naucalli,METRO,Naucalpan de Juárez,False,0.032724
scenario_metro,METRO,"(-99.23681324, 19.50921382)",Ciudad Satélite,METRO,Naucalpan de Juárez,False,0.032203
scenario_metro,METRO,"(-99.237, 19.502)",Torres de Satélite,METRO,Naucalpan de Juárez,False,0.032196
scenario_metro,METRO,"(-99.230636205, 19.519301362)",Circunvalación,METRO,Naucalpan de Juárez,False,0.032167
scenario_metro,METRO,"(-99.09575, 19.32215)",Lomas Estrella,METRO,Iztapalapa,False,0.032104
scenario_metro,METRO,"(-99.18873, 19.40003)",Viaducto Miguel Aleman,RTP,Miguel Hidalgo,False,0.032071
scenario_metro,METRO,"(-99.17825, 19.37355)",Insurgentes Sur,METRO,Benito Juárez,False,0.031968
scenario_metro,METRO,"(-99.117, 19.269)",Francisco Goytia - Unidad Habitacional Rosalina,RTP,Xochimilco,False,0.031394
scenario_metro,METRO,"(-99.218504817, 19.518596386)",Viveros de Atizapán,METRO,Tlalnepantla de Baz,False,0.031394
scenario_metro,METRO,"(-99.165593628, 19.512491599)",Vaso Regulador de Carretas,METRO,Tlalnepantla de Baz,False,0.031354
scenario_metro,METRO,"(-99.21170731, 19.516841427)",Presidente Juárez,METRO,Tlalnepantla de Baz,False,0.031337
scenario_metro,METRO,"(-99.17299855, 19.514511437)",El Heraldo,METRO,Tlalnepantla de Baz,False,0.03132
scenario_metro,METRO,"(-99.19649738, 19.517009411)",Tlalnepantla,METRO,Tlalnepantla de Baz,False,0.031299
scenario_metro,METRO,"(-99.179375332, 19.511604168)",Av de las Granjas,METRO,Tlalnepantla de Baz,False,0.031296
scenario_metro,METRO,"(-99.17015, 19.31219)",Av. Aztecas,RTP,Coyoacán,False,0.031069
scenario_metro,METRO,"(-99.19203, 19.42576)",Auditorio,METRO,Miguel Hidalgo,False,0.030902
scenario_metro,METRO,"(-99.1429, 19.36198)",Ermita,METRO,Benito Juárez,False,0.030834
scenario_metro,METRO,"(-99.05951, 19.30432)",Olivos,METRO,Tláhuac,False,0.030744
scenario_metro,METRO,"(-99.14002, 19.38005)",Nativitas,METRO,Benito Juárez,False,0.03055
scenario_metro,METRO,"(-99.199744, 19.366302)",Azcapotzalco,CC,Álvaro Obregón,False,0.030547
scenario_metro,METRO,"(-99.201981, 19.366375)",Iztapalapa,CC,Álvaro Obregón,False,0.030136
scenario_metro,METRO,"(-99.10717, 19.25622)",Ramírez Castillo,RTP,Xochimilco,False,0.030053
scenario_metro,METRO,"(-99.205041, 19.366457)",Alta Tension,CC,Álvaro Obregón,False,0.02999
scenario_metro,METRO,"(-99.154068179, 19.514609462)",Fábricas/Periférico,METRO,Tlalnepantla de Baz,False,0.029972
scenario_metro,METRO,"(-99.11541, 19.28972)",Anillo Periférico Canal de Garay - Cafetales,RTP,Tlalpan,False,0.029775
scenario_metro,METRO,"(-99.11353, 19.39939)",Metro Coyuya,MB,Iztacalco,False,0.029518
scenario_metro,METRO,"(-99.19177, 19.44501)",San Joaquín,METRO,Miguel Hidalgo,False,0.028828
scenario_metro,METRO,"(-99.14471, 19.48934)",Instituto del Petróleo,METRO,Gustavo A. Madero,False,0.028471
scenario_metro,METRO,"(-99.03566, 19.38515)",Guelatao,METRO,Iztapalapa,False,0.028412
scenario_metro,METRO,"(-99.06138, 19.46167)",Villa de Aragón,METRO,Gustavo A. Madero,False,0.028203
scenario_metro,METRO,"(-99.06527, 19.30631)",Tezonco,METRO,Iztapalapa,False,0.028082
scenario_metro,METRO,"(-99.18581, 19.39149)",San Pedro de los Pinos,METRO,Benito Juárez,False,0.027853
scenario_metro,METRO,"(-99.13931, 19.32749)",Xotepingo,TL,Coyoacán,False,0.027456
scenario_metro,METRO,"(-99.108475, 19.25661)",Francisco Goytia y Gladiolas,CC,Xochimilco,False,0.027277
scenario_metro,METRO,"(-99.00567, 19.36472)",Acatitla,METRO,Iztapalapa,False,0.027182
scenario_metro,METRO,"(-99.17421, 19.32478)",Paradero Metro Universidad lado poniente,RTP,Coyoacán,False,0.027089
scenario_metro,METRO,"(-99.17394, 19.32435)",Universidad,METRO,Coyoacán,True,0.026841
scenario_metro,METRO,"(-99.04896, 19.48575)",Impulsora,METRO,Nezahualcóyotl,False,0.026837
scenario_metro,METRO,"(-99.10623, 19.255912)",Francisco Goytia y Deportivo Xochimilco,CC,Xochimilco,False,0.026533
scenario_metro,METRO,"(-99.15998, 19.30068)",Periferico - Puente Estadio Azteca,CC,Coyoacán,False,0.026242
scenario_metro,METRO,"(-99.209438, 19.366622)",Lomas de Plateros,CC,Álvaro Obregón,False,0.026239
scenario_metro,METRO,"(-99.14921, 19.50068)",Politécnico,METRO,Gustavo A. Madero,False,0.026173
scenario_metro,METRO,"(-99.12555, 19.26792)",La Noria,TL,Xochimilco,False,0.026123
scenario_metro,METRO,"(-99.18877, 19.39547)",11 de Abril,RTP,Benito Juárez,False,0.026044
scenario_metro,METRO,"(-99.108483, 19.261934)",Gladiolas y Girasol,CC,Xochimilco,False,0.026021
scenario_metro,METRO,"(-99.13783, 19.42639)",Isabel la Católica,METRO,Cuauhtémoc,False,0.025592
scenario_metro,METRO,"(-99.0185, 19.34876)",Iztahuatzín,TROLE,Iztapalapa,False,0.025414
scenario_metro,METRO,"(-99.25722, 19.34667)",Av. Centenario - Bosques de Tarango,RTP,Álvaro Obregón,False,0.025398
scenario_metro,METRO,"(-99.188613, 19.391179)",Periferico,CC,Benito Juárez,False,0.025369
scenario_metro,METRO,"(-99.185973, 19.391556)",San Pedro de los Pinos,CC,Benito Juárez,False,0.025244
scenario_metro,METRO,"(-99.10493, 19.26462)",Pino - Pedro Ramírez del Castillo,CC,Xochimilco,False,0.025075
scenario_metro,METRO,"(-99.11354, 19.45514)",Consulado,METRO,Gustavo A. Madero,False,0.025009
scenario_metro,METRO,"(-99.25969, 19.35016)",Paseo de los Poetas - Cumbres Santa Fe,RTP,Cuajimalpa de Morelos,False,0.024971
scenario_metro,METRO,"(-99.25914, 19.34913)",Paseo de los Poetas - Cumbres Santa Fe,RTP,Cuajimalpa de Morelos,False,0.024787
scenario_metro,METRO,"(-99.09621, 19.45126)",Aragón,METRO,Gustavo A. Madero,False,0.024783
scenario_metro,METRO,"(-99.04125, 19.34319)",Meyehualco,TROLE,Iztapalapa,False,0.024646
scenario_metro,METRO,"(-99.11943, 19.42876)",Candelaria,METRO,Venustiano Carranza,False,0.024431
scenario_metro,METRO,"(-99.12053, 19.42159)",Fray Servando,METRO,Venustiano Carranza,False,0.024204
scenario_metro,METRO,"(-99.053908, 19.49352)",Av. Valle de Santiago y Anillo Periférico Blvd.,CC,Nezahualcóyotl,False,0.02411
scenario_metro,METRO,"(-99.19535, 19.49064)",Aquiles Serdán,METRO,Azcapotzalco,False,0.02401
scenario_metro,METRO,"(-99.101058, 19.262119)",C. Violeta y Nuevo León,CC,Xochimilco,False,0.023914
scenario_metro,METRO,"(-99.15235, 19.44619)",Buenavista,METRO,Cuauhtémoc,False,0.023761
scenario_metro,METRO,"(-99.191957, 19.363897)",Miguel Ocaranza,CC,Álvaro Obregón,False,0.023565
scenario_metro,METRO,"(-99.11949, 19.45887)",Valle Gómez,METRO,Gustavo A. Madero,False,0.023458
scenario_metro,METRO,"(-99.11723, 19.28817)",Anillo Periférico Blvd. Adolfo Ruiz Cortines - Cafetales,RTP,Xochimilco,False,0.023249
scenario_metro,METRO,"(-99.11613, 19.44895)",Canal del Norte,METRO,Venustiano Carranza,False,0.023232
scenario_metro,METRO,"(-99.057158, 19.342902)",Tulipán,TROLE,Iztapalapa,False,0.022842
scenario_metro,METRO,"(-99.099171, 19.261852)",Av. Nuevo León y Dalia,CC,Xochimilco,False,0.022812
scenario_metro,METRO,"(-99.04599, 19.29996)",Nopalera,METRO,Tláhuac,False,0.022505
scenario_metro,METRO,"(-99.00583, 19.3644)",Calz. Ignacio Zaragoza- Metro Acatitla y Amador Salazar,RTP,Iztapalapa,False,0.022418
scenario_metro,METRO,"(-99.199096, 19.355459)",Av. Las Flores,CC,Álvaro Obregón,False,0.022328
scenario_metro,METRO,"(-99.12091, 19.42954)",Candelaria,METRO,Venustiano Carranza,False,0.02232
scenario_metro,METRO,"(-99.1098, 19.42685)",Moctezuma,METRO,Venustiano Carranza,True,0.0223
scenario_metro,METRO,"(-99.14062, 19.33171)",La Virgen,TL,Coyoacán,False,0.022265
scenario_metro,METRO,"(-99.14494, 19.35276)",Calz. de Tlalpan - Metro General Anaya,RTP,Coyoacán,False,0.021901
scenario_metro,METRO,"(-99.12503, 19.42549)",Merced,METRO,Venustiano Carranza,False,0.021793
scenario_metro,METRO,"(-99.20636, 19.30553)",Anillo Periférico Blvd. Adolfo Ruiz Cortines - Blvd. de la Luz,RTP,Tlalpan,False,0.021655
scenario_metro,METRO,"(-99.10426, 19.25495)",Francisco Goytia - 5 de Mayo,RTP,Xochimilco,False,0.021539
scenario_metro,METRO,"(-99.14448, 19.34565)",Cerro de Jesús,RTP,Coyoacán,False,0.021513
scenario_metro,METRO,"(-99.0083, 19.35529)",Calz. Ermita Iztapalapa - 5 de Febrero,RTP,Iztapalapa,False,0.021385
scenario_metro,METRO,"(-99.20182, 19.42769)",Paseo de la Reforma - Blvd. Adolfo Lopez Mateos,RTP,Miguel Hidalgo,False,0.021279
scenario_metro,METRO,"(-99.14501, 19.34825)",Calz. de Tlalpan - Patinadores,RTP,Coyoacán,False,0.021165
scenario_metro,METRO,"(-99.1524, 19.29084)",Anillo Periférico Blvd. Adolfo Ruiz Cortines - Cardiología,RTP,Tlalpan,False,0.021153
scenario_metro,METRO,"(-99.14433, 19.40965)",Antonio Solís,TROLE,Cuauhtémoc,False,0.02114
scenario_metro,METRO,"(-99.195381, 19.364159)",Calz. De los Leones,CC,Álvaro Obregón,False,0.021086
scenario_metro,METRO,"(-99.14065, 19.47907)",Autobuses del Norte,METRO,Gustavo A. Madero,False,0.021049
scenario_metro,METRO,"(-99.00585, 19.35627)",Calz. Ermita Iztapalapa - Niños Héroes,RTP,Iztapalapa,False,0.020841
scenario_metro,METRO,"(-99.06957, 19.40462)",Agrícola Oriental,METRO,Iztacalco,False,0.020692
scenario_metro,METRO,"(-99.22124, 19.41117)",Paseo de la Reforma - MontaNas Rocallosas,CC,Miguel Hidalgo,False,0.020603
scenario_metro,METRO,"(-99.14706, 19.30183)",Estadio Azteca,TL,Coyoacán,False,0.020591
scenario_metro,METRO,"(-99.20933, 19.30019)",Colegio de México,RTP,Tlalpan,False,0.020419
scenario_metro,METRO,"(-99.207619, 19.366408)",Mejia Delgado,CC,Álvaro Obregón,False,0.020308
scenario_metro,METRO,"(-99.14614, 19.44514)",Guerrero,METRO,Cuauhtémoc,False,0.020221
scenario_metro,METRO,"(-99.04633, 19.39128)",Tepalcates,METRO,Iztapalapa,False,0.020163
scenario_metro,METRO,"(-99.13454, 19.41602)",San Antonio Abad,METRO,Cuauhtémoc,False,0.020038
scenario_metro,METRO,"(-99.16495, 19.28251)",Tezoquipa,RTP,Tlalpan,False,0.019999
scenario_metro,METRO,"(-99.21372, 19.29705)",Pico de Turquino,RTP,Tlalpan,False,0.019777
scenario_metro,METRO,"(-99.20512, 19.42766)",Montes Urales - Paseo de la Reforma,RTP,Miguel Hidalgo,False,0.019697
scenario_metro,METRO,"(-99.15902, 19.29272)",Chimalcoyotl,RTP,Tlalpan,False,0.019684
scenario_metro,METRO,"(-99.137226, 19.46991)",CETRAM La Raza BASE,CC,Gustavo A. Madero,False,0.019614
scenario_metro,METRO,"(-99.21598, 19.2938)",Six Flags,RTP,Tlalpan,False,0.019508
scenario_metro,METRO,"(-99.12453, 19.48629)",Deportivo 18 de Marzo,MB,Gustavo A. Madero,False,0.019486
scenario_metro,METRO,"(-99.13247, 19.47664)",Potrero,MB,Gustavo A. Madero,False,0.01942
scenario_metro,METRO,"(-99.107478, 19.264317)",Base en Av. Guadalupe I. Ramírez esquina con Av. México,CC,Xochimilco,False,0.019321
scenario_metro,METRO,"(-99.19163, 19.42555)",Paseo de la Reforma - Ruben Dario y Calz. Chivatito,RTP,Miguel Hidalgo,False,0.019299
scenario_metro,METRO,"(-99.19051, 19.46947)",Refinería,METRO,Miguel Hidalgo,False,0.019137
scenario_metro,METRO,"(-99.2172, 19.29111)",Sinanche,RTP,Tlalpan,False,0.019052
scenario_metro,METRO,"(-99.11124, 19.26074)",Francisco Goitia,TL,Xochimilco,False,0.019002
scenario_metro,METRO,"(-99.00813, 19.35528)",Acatitlán,TROLE,Iztapalapa,False,0.018891
scenario_metro,METRO,"(-99.207, 19.30332)",Anillo Periferico Boulevard Adolfo Ruiz Cortines,RTP,Tlalpan,False,0.018849
scenario_metro,METRO,"(-99.22602, 19.4067)",Paseo de la Reforma - Sierra Ixtlán,CC,Miguel Hidalgo,False,0.018717
scenario_metro,METRO,"(-99.13453, 19.51785)",Acueducto,RTP,Gustavo A. Madero,False,0.018675
scenario_metro,METRO,"(-99.12174, 19.41092)",Jamaica,METRO,Venustiano Carranza,False,0.01866
scenario_metro,METRO,"(-99.20726, 19.42905)",Montes Urales - Volcan,RTP,Miguel Hidalgo,False,0.018526
scenario_metro,METRO,"(-99.22875, 19.40588)",Paseo de la Reforma - Sierra Vertientes,CC,Miguel Hidalgo,False,0.018525
scenario_metro,METRO,"(-99.106292, 19.264878)",C. Pino y Matamoros,CC,Xochimilco,False,0.018418
scenario_metro,METRO,"(-99.13941, 19.46933)",Paradero La Raza,CC,Gustavo A. Madero,False,0.018417
scenario_metro,METRO,"(-99.15125, 19.36195)",Popocatépetl,TROLE,Benito Juárez,False,0.018284
scenario_metro,METRO,"(-99.13225, 19.4325)",Zócalo,METRO,Cuauhtémoc,False,0.01818
scenario_metro,METRO,"(-99.21267, 19.366709)",Loma del Angel,CC,Álvaro Obregón,False,0.018109
scenario_metro,METRO,"(-99.20984, 19.42957)",Montes Urales - Av. de los Andes,RTP,Miguel Hidalgo,False,0.018103
scenario_metro,METRO,"(-99.103062, 19.264238)",C. Pino y Hidalgo,CC,Xochimilco,False,0.017833
scenario_metro,METRO,"(-99.01586, 19.35206)",Tecoloxtitlán,TROLE,Iztapalapa,False,0.017808
scenario_metro,METRO,"(-99.14307, 19.3072)",El Vergel,TL,Coyoacán,False,0.017742
scenario_metro,METRO,"(-99.09407, 19.26079)",Callejón la Gloria - Av. Nuevo León,RTP,Xochimilco,False,0.017716
scenario_metro,METRO,"(-99.1151, 19.26577)",Guadalupe Inclan Ramírez,RTP,Xochimilco,False,0.017619
scenario_metro,METRO,"(-99.11674, 19.26817)",Prol. División del Norte - Condominios San Marcos,RTP,Xochimilco,False,0.017567
scenario_metro,METRO,"(-99.21131, 19.42877)",Av. de los Andes - Sierra Mojada,RTP,Miguel Hidalgo,False,0.017478
scenario_metro,METRO,"(-99.215806, 19.365975)",Loma Nueva,CC,Álvaro Obregón,False,0.017378
scenario_metro,METRO,"(-99.14517, 19.35339)",20 de Agosto y Calz. de Tlalpan,RTP,Coyoacán,False,0.017362
scenario_metro,METRO,"(-99.10609, 19.25161)",Capulines,RTP,Xochimilco,False,0.017253
scenario_metro,METRO,"(-99.14178, 19.42696)",Eje 1A Sur José María Izazaga - Eje Central Lázaro Cardenas,CC,Cuauhtémoc,False,0.017213
scenario_metro,METRO,"(-99.13816, 19.32379)",Nezahualpilli,TL,Coyoacán,False,0.017168
scenario_metro,METRO,"(-99.1053, 19.4514)",Eduardo Molina,METRO,Gustavo A. Madero,False,0.017082
scenario_metro,METRO,"(-99.218368, 19.364917)",Cda. Centenario,CC,Álvaro Obregón,False,0.016967
scenario_metro,METRO,"(-99.14332, 19.42702)",Eje 1A Sur Arcos de Belén - Metro Salto del Agua,CC,Cuauhtémoc,False,0.016915
scenario_metro,METRO,"(-99.10253, 19.29445)",Anillo Periférico Canal de Garay - Canal Nacional,RTP,Xochimilco,False,0.016764
scenario_metro,METRO,"(-99.10061, 19.262226)",Av. Nuevo León y Violeta,CC,Xochimilco,False,0.016745
scenario_metro,METRO,"(-99.08626, 19.25917)",Callejón Begonia - Av. Nuevo León,RTP,Xochimilco,False,0.016718
scenario_metro,METRO,"(-99.11815, 19.43966)",Morelos,METRO,Venustiano Carranza,False,0.016605
scenario_metro,METRO,"(-99.11432, 19.26442)",Av. México,RTP,Xochimilco,False,0.016516
scenario_metro,METRO,"(-99.20483, 19.42742)",Paseo de la Reforma - Montes Urales,CC,Miguel Hidalgo,False,0.016506
scenario_metro,METRO,"(-99.13879, 19.31795)",Registro Federal,TL,Coyoacán,False,0.016492
scenario_metro,METRO,"(-99.21582, 19.30755)",Anillo Periférico Blvd. Adolfo Ruiz Cortines - Hospital PEMEX,RTP,Tlalpan,False,0.016485
scenario_metro,METRO,"(-99.11037, 19.4496)",Canal del Norte,MB,Venustiano Carranza,False,0.01645
scenario_metro,METRO,"(-99.11241, 19.2611)",Cuauhtémoc,RTP,Xochimilco,False,0.016393
scenario_metro,METRO,"(-99.11589, 19.28924)",Anillo Periférico Canal de Garay - Cafetales,RTP,Tlalpan,False,0.016388
scenario_metro,METRO,"(-99.14497, 19.34591)",Calz. de Tlalpan - Parque San Andres,RTP,Coyoacán,False,0.016363
scenario_metro,METRO,"(-99.20624, 19.30451)",Boulevard de la Luz,RTP,Tlalpan,False,0.016269
scenario_metro,METRO,"(-99.01705, 19.37331)",Penón Viejo,METRO,Iztapalapa,False,0.016242
scenario_metro,METRO,"(-99.1139, 19.45802)",Consulado,METRO,Gustavo A. Madero,False,0.016232
scenario_metro,METRO,"(-99.2087, 19.306)",Anillo Periférico Blvd. Adolfo Ruiz Cortines - TV Azteca,RTP,Tlalpan,False,0.016129
scenario_metro,METRO,"(-99.10909, 19.25684)",Francisco Goytia - Margaritas,RTP,Xochimilco,False,0.016123
scenario_metro,METRO,"(-99.02164, 19.34516)",Atzintlí,TROLE,Iztapalapa,False,0.016088
scenario_metro,METRO,"(-99.20012, 19.50474)",El Rosario,METRO,Azcapotzalco,False,0.016028
scenario_metro,METRO,"(-99.055006, 19.4917)",Av. Valle de Santiago y Av. Valle del Volga,CC,Nezahualcóyotl,False,0.016002
scenario_metro,METRO,"(-99.09626, 19.41994)",Boulevard Puerto Aéreo,METRO,Venustiano Carranza,True,0.015981
scenario_metro,METRO,"(-99.19977, 19.50463)",El Rosario,METRO,Azcapotzalco,False,0.015902
scenario_metro,METRO,"(-99.11972, 19.49682)",Indios Verdes,MB,Gustavo A. Madero,False,0.015841
scenario_metro,METRO,"(-99.07816, 19.25755)",Av. Nuevo León - Calle del Puente,RTP,Xochimilco,False,0.015821
scenario_metro,METRO,"(-99.26485, 19.35603)",Colegio Monte Verde,RTP,Cuajimalpa de Morelos,False,0.0158
scenario_metro,METRO,"(-99.18823, 19.45938)",Tacuba,METRO,Miguel Hidalgo,False,0.015757
scenario_metro,METRO,"(-99.18627, 19.49091)",UAM Azcapotzalco,METRO,Azcapotzalco,False,0.015658
scenario_metro,METRO,"(-99.09901, 19.26184)",Calle Dalia - Av. Nuevo León,RTP,Xochimilco,False,0.015654
scenario_metro,METRO,"(-99.187435, 19.40186)",MB Tacubaya,CC,Miguel Hidalgo,False,0.015595
scenario_metro,METRO,"(-99.21615, 19.44177)",Industria Militar - Anillo Periférico,CC,Miguel Hidalgo,False,0.015364
scenario_metro,METRO,"(-99.16112, 19.29076)",Hospital Manuel Gea González.,RTP,Tlalpan,False,0.015235
scenario_metro,METRO,"(-99.09027, 19.25992)",Pino - Callejón San Lorenzo,RTP,Xochimilco,False,0.015212
scenario_metro,METRO,"(-99.20594, 19.30455)",Periférico,RTP,Tlalpan,False,0.015199
scenario_metro,METRO,"(-99.078912, 19.450941)",Av. Oceanía y Metro Deportivo Oceanía,CC,Gustavo A. Madero,False,0.015169
scenario_metro,METRO,"(-99.21049, 19.42459)",Paseo de la Reforma - Explanada I,RTP,Miguel Hidalgo,False,0.015132
scenario_metro,METRO,"(-99.14638, 19.43787)",Hidalgo,TROLE,Cuauhtémoc,False,0.015122
scenario_metro,METRO,"(-99.19757, 19.366091)",General Anaya,CC,Álvaro Obregón,False,0.014998
scenario_metro,METRO,"(-99.05849, 19.24999)",Lazaro Cardenas,RTP,Xochimilco,False,0.014923
scenario_metro,METRO,"(-99.1431, 19.51797)",Prolongación Río San Joaquin,RTP,Gustavo A. Madero,False,0.014829
scenario_metro,METRO,"(-99.21254, 19.42409)",Paseo de la Reforma - Monte Himalaya,RTP,Miguel Hidalgo,False,0.014781
scenario_metro,METRO,"(-99.07418, 19.25678)",Av. Nuevo León - Priv. Nuevo León,RTP,Xochimilco,False,0.014748
scenario_metro,METRO,"(-99.26732, 19.35573)",Altavista,RTP,Cuajimalpa de Morelos,False,0.0147
scenario_metro,METRO,"(-99.03431, 19.29666)",Zapotitlán,METRO,Tláhuac,False,0.014681
scenario_metro,METRO,"(-99.147477, 19.342344)",Central,TROLE,Coyoacán,False,0.01467
scenario_metro,METRO,"(-99.261005, 19.361073)",Pasando Tec de Monterrey,RTP,Álvaro Obregón,False,0.014668
scenario_metro,METRO,"(-99.25994, 19.35664)",Av. Carlos Lazo,RTP,Álvaro Obregón,False,0.014654
scenario_metro,METRO,"(-99.26868, 19.3555)",Altavista,RTP,Cuajimalpa de Morelos,False,0.014609
scenario_metro,METRO,"(-99.06236, 19.25352)",Av. Actopan,RTP,Xochimilco,False,0.014591
scenario_metro,METRO,"(-99.0142, 19.28602)",Tláhuac,METRO,Tláhuac,False,0.014466
scenario_metro,METRO,"(-99.21618, 19.4232)",Paseo de la Reforma - Monte Blanco,RTP,Miguel Hidalgo,False,0.014405
scenario_metro,METRO,"(-99.27699, 19.35232)",Av. Arteaga Salazar,RTP,Cuajimalpa de Morelos,False,0.014404
scenario_metro,METRO,"(-99.08162, 19.25819)",Av. Nuevo León - Calle Zacapa,RTP,Xochimilco,False,0.014404
scenario_metro,METRO,"(-99.27213, 19.35284)",Av. Tamaulipas 2,RTP,Cuajimalpa de Morelos,False,0.014379
scenario_metro,METRO,"(-99.13899, 19.4687)",La Raza,MB,Gustavo A. Madero,False,0.014356
scenario_metro,METRO,"(-99.01472, 19.28584)",C. C. Metro Tláhuac - CETRAM Tláhuac,RTP,Tláhuac,True,0.014282
scenario_metro,METRO,"(-99.06928, 19.2556)",La Huerta - Nuevo León,RTP,Xochimilco,False,0.014207
scenario_metro,METRO,"(-99.15708, 19.29419)",Sillón de Mendoza,RTP,Tlalpan,False,0.01413
scenario_metro,METRO,"(-99.20909, 19.42461)",Paseo de la Reforma - Monte Altai,RTP,Miguel Hidalgo,False,0.014129
scenario_metro,METRO,"(-99.19127, 19.38474)","Periférico, Puente hacia Periférico Norte",RTP,Álvaro Obregón,False,0.014126
scenario_metro,METRO,"(-99.138, 19.4712)",Eje 3 Norte Av. Cuitlahuac - Av. Insurgentes Norte,CC,Gustavo A. Madero,False,0.014099
scenario_metro,METRO,"(-99.13024, 19.46311)",Misterios,METRO,Gustavo A. Madero,False,0.014094
scenario_metro,METRO,"(-99.20339, 19.42716)",Paseo de la Reforma - Fuente de Petróleos,CC,Miguel Hidalgo,False,0.014091
scenario_metro,METRO,"(-99.11198, 19.46463)",Bondojito,METRO,Gustavo A. Madero,False,0.014081
scenario_metro,METRO,"(-99.11134, 19.34798)",Pueblo los Reyes,MB,Iztapalapa,False,0.014067
scenario_metro,METRO,"(-99.15943, 19.3038)",Iman - Diamantes,CC,Coyoacán,False,0.014045
scenario_metro,METRO,"(-99.10263, 19.21986)",Vicente Guerrero - Prol. Vicente Guerrero,RTP,Xochimilco,False,0.014006
scenario_metro,METRO,"(-99.14987, 19.34589)",América,TROLE,Coyoacán,False,0.013949
scenario_metro,METRO,"(-99.15505, 19.29513)",Periférico - Calz. de Tlalpan,CC,Tlalpan,False,0.013949
scenario_metro,METRO,"(-99.10733, 19.24633)",Guadalupe Inclan Ramírez - Unidad Infonavit,RTP,Xochimilco,False,0.013911
scenario_metro,METRO,"(-99.15075, 19.34978)",Irlanda,TROLE,Coyoacán,False,0.013904
scenario_metro,METRO,"(-99.1335, 19.40856)",Calz. Chabacano - José Antonio Torres,RTP,Cuauhtémoc,False,0.013876
scenario_metro,METRO,"(-99.21848, 19.37159)",Calle 28,RTP,Álvaro Obregón,False,0.013868
scenario_metro,METRO,"(-99.11244, 19.34313)",Barrio San Antonio,MB,Iztapalapa,False,0.013866
scenario_metro,METRO,"(-99.21471, 19.42321)",Paseo de la Reforma - Monte Everest,RTP,Miguel Hidalgo,False,0.013859
scenario_metro,METRO,"(-99.21118, 19.42413)",Paseo de la Reforma - Explanada,RTP,Miguel Hidalgo,False,0.013853
scenario_metro,METRO,"(-99.13547, 19.40863)",Calz. San Antonio Abad - Calz. Chabacano,RTP,Cuauhtémoc,False,0.013783
scenario_metro,METRO,"(-99.21811, 19.41785)",Paseo de la Reforma - Monte Libano,RTP,Miguel Hidalgo,False,0.013767
scenario_metro,METRO,"(-99.17069, 19.26775)",Laurel,RTP,Tlalpan,False,0.013754
scenario_metro,METRO,"(-99.07723, 19.25728)",Tenochtitlan - Cerrada Benito Juárez,RTP,Xochimilco,False,0.013745
scenario_metro,METRO,"(-99.01266, 19.28249)",Calle 1,RTP,Tláhuac,False,0.013727
scenario_metro,METRO,"(-99.07983, 19.4516)",Base Deportivo Oceanía,CC,Gustavo A. Madero,False,0.013709
scenario_metro,METRO,"(-99.10896, 19.33685)",Culhuacán,METRO,Iztapalapa,False,0.01367
scenario_metro,METRO,"(-99.11315, 19.33372)",Cafetales,MB,Coyoacán,False,0.013662
scenario_metro,METRO,"(-99.05663, 19.24697)",Carretera a Oaxtepec 2,RTP,Xochimilco,False,0.013607
scenario_metro,METRO,"(-99.11354, 19.32921)",ESIME Culhuacán,MB,Coyoacán,False,0.013578
scenario_metro,METRO,"(-99.22081, 19.37097)",Calle 32,RTP,Álvaro Obregón,False,0.013554
scenario_metro,METRO,"(-99.20717, 19.30279)",Superama,RTP,Tlalpan,False,0.013552
scenario_metro,METRO,"(-99.07292, 19.25642)",Tenochtitlan - Cerrada Benito Juárez,RTP,Xochimilco,False,0.013475
scenario_metro,METRO,"(-99.121556, 19.411098)",Eje 2 Ote. H Congreso de la Unión y Magdalena Mixhuca,CC,Venustiano Carranza,False,0.013413
scenario_metro,METRO,"(-99.20884, 19.30032)",Pico de Turquino,RTP,Tlalpan,False,0.013368
scenario_metro,METRO,"(-99.00962, 19.28171)",Riachuelo Serpentino,RTP,Tláhuac,False,0.013358
scenario_metro,METRO,"(-99.26061, 19.35907)",Carlos Lazo - Tec de Monterrey,RTP,Álvaro Obregón,False,0.013351
scenario_metro,METRO,"(-99.2215, 19.28926)",Cancun,RTP,Tlalpan,False,0.01335
scenario_metro,METRO,"(-99.16674, 19.27988)",La Joya y Insurgentes,RTP,Tlalpan,False,0.013329
scenario_metro,METRO,"(-99.2021, 19.40164)",Sur 128,RTP,Miguel Hidalgo,False,0.01332
scenario_metro,METRO,"(-99.21499, 19.29521)",Chedraui,RTP,Tlalpan,False,0.013282
scenario_metro,METRO,"(-99.21768, 19.42023)",Paseo de la Reforma - Prado Sur,RTP,Miguel Hidalgo,False,0.013263
scenario_metro,METRO,"(-99.11282, 19.41278)",Avenida del Taller,MB,Venustiano Carranza,False,0.013183
scenario_metro,METRO,"(-99.21908, 19.41587)",Paseo de la Reforma - Explanada II,RTP,Miguel Hidalgo,False,0.013145
scenario_metro,METRO,"(-99.0653, 19.25529)",Lopez Mateos,RTP,Xochimilco,False,0.013092
scenario_metro,METRO,"(-99.15515, 19.29557)",Anillo Periférico y Blvd. Adolfo Ruiz Cortines,RTP,Tlalpan,False,0.01306
scenario_metro,METRO,"(-99.11212, 19.44478)",Deportivo Eduardo Molina,MB,Venustiano Carranza,False,0.013059
scenario_metro,METRO,"(-99.15748, 19.2935)",Fray Pedro de Gante,RTP,Tlalpan,False,0.012973
scenario_metro,METRO,"(-99.15162, 19.44992)",Buenavista,SUB,Cuauhtémoc,False,0.012971
scenario_metro,METRO,"(-99.18939, 19.47902)",Metro Camarones,CC,Azcapotzalco,False,0.012942
scenario_metro,METRO,"(-99.18413, 19.53574)",Tlalnepantla,SUB,Tlalnepantla de Baz,False,0.012899
scenario_metro,METRO,"(-99.22, 19.41359)",Paseo de la Reforma - Sierra Tarahumara,RTP,Miguel Hidalgo,False,0.012888
scenario_metro,METRO,"(-99.06563, 19.25512)",México Poniente - Chapultepec,RTP,Xochimilco,False,0.012854
scenario_metro,METRO,"(-99.21656, 19.29227)",Sinanche,RTP,Tlalpan,False,0.012824
scenario_metro,METRO,"(-99.20765, 19.40099)",Florencio Miranda,RTP,Miguel Hidalgo,False,0.012813
scenario_metro,METRO,"(-99.26174, 19.3619)",Barros Sierra,RTP,Álvaro Obregón,False,0.012796
scenario_metro,METRO,"(-99.17107, 19.49175)",Fortuna,SUB,Azcapotzalco,False,0.012795
scenario_metro,METRO,"(-99.1644, 19.28424)",Tlalpan - La Rosa,CC,Tlalpan,False,0.012795
scenario_metro,METRO,"(-99.14702, 19.28534)",Anillo Periférico Blvd. Adolfo Ruiz Cortines - Kioto,RTP,Tlalpan,False,0.012752
scenario_metro,METRO,"(-99.10549, 19.25575)",Francisco Goitia,RTP,Xochimilco,False,0.012739
scenario_metro,METRO,"(-99.21497, 19.3985)",Vocacional 4,RTP,Álvaro Obregón,False,0.01266
scenario_metro,METRO,"(-99.14021, 19.28263)",Anillo Periférico Blvd. Adolfo Ruiz Cortines - México-Xochimilco,RTP,Tlalpan,False,0.012628
scenario_metro,METRO,"(-99.11426, 19.43006)",San Lázaro,METRO,Venustiano Carranza,False,0.012565
scenario_metro,METRO,"(-99.12066, 19.28675)",Anillo Periférico Blvd. Adolfo Ruiz Cortines - Río Buenaventura,RTP,Xochimilco,False,0.012555
scenario_metro,METRO,"(-99.19524, 19.49087)",Aquiles Serdán,TROLE,Azcapotzalco,False,0.012542
scenario_metro,METRO,"(-99.21901, 19.41517)",Paseo de la Reforma - Sierra del Bocatete,RTP,Miguel Hidalgo,False,0.012478
scenario_metro,METRO,"(-99.21014, 19.40054)",Henequen,RTP,Miguel Hidalgo,False,0.012466
scenario_metro,METRO,"(-99.2608, 19.36355)",Calle 3,RTP,Álvaro Obregón,False,0.012438
scenario_metro,METRO,"(-99.2649, 19.3585)",Frente a Colegio Westhill,RTP,Cuajimalpa de Morelos,False,0.012433
scenario_metro,METRO,"(-99.22688, 19.40658)",Paseo de la Reforma - Sierra Ixtlán,CC,Miguel Hidalgo,False,0.012407
scenario_metro,METRO,"(-99.04596, 19.29998)",Av. Tláhuac - General Manuel Flores,RTP,Tláhuac,False,0.012392
scenario_metro,METRO,"(-99.10568, 19.25757)",Cuitlahuac,RTP,Xochimilco,False,0.012383
scenario_metro,METRO,"(-99.12302, 19.35776)",Calz. Ermita Iztapalapa  - Metro Mexicaltzingo,RTP,Coyoacán,False,0.012376
scenario_metro,METRO,"(-99.19974, 19.38254)",Alta Tension,RTP,Álvaro Obregón,False,0.012349
scenario_metro,METRO,"(-99.13955, 19.44351)",Garibaldi,TROLE,Cuauhtémoc,False,0.012283
scenario_metro,METRO,"(-99.22019, 19.28941)",Huehuetan,RTP,Tlalpan,False,0.01228
scenario_metro,METRO,"(-99.21762, 19.28982)",Acachen,RTP,Tlalpan,False,0.012274
scenario_metro,METRO,"(-99.16022, 19.29152)",Tlalpan - San Fernando Hospital General,CC,Tlalpan,False,0.012262
scenario_metro,METRO,"(-99.10001, 19.39689)",Goma,MB,Iztacalco,False,0.012212
scenario_metro,METRO,"(-99.13274, 19.4775)",Av. Insurgentes Norte 2,RTP,Gustavo A. Madero,True,0.01213
scenario_metro,METRO,"(-99.22276, 19.28915)",Izmal,RTP,Tlalpan,False,0.012101
scenario_metro,METRO,"(-99.14946, 19.34523)",América,TROLE,Coyoacán,False,0.012059
scenario_metro,METRO,"(-99.21816, 19.28946)",Tizimin,RTP,Tlalpan,False,0.012001
scenario_metro,METRO,"(-99.10758, 19.258775)",Terminal Gladiolas y Justo Sierra,CC,Xochimilco,False,0.01198
scenario_metro,METRO,"(-99.20175, 19.39082)",Sur 122,RTP,Álvaro Obregón,False,0.011964
scenario_metro,METRO,"(-99.26726, 19.35552)",Altavista,RTP,Cuajimalpa de Morelos,False,0.011957
scenario_metro,METRO,"(-99.20559, 19.42711)",Paseo de la Reforma y Prado Norte,CC,Miguel Hidalgo,False,0.011945
scenario_metro,METRO,"(-99.23068, 19.40314)",Paseo de la Reforma - Sierra BreNa,RTP,Miguel Hidalgo,False,0.011925
scenario_metro,METRO,"(-99.23288, 19.40098)",Castillo de Chapultepec,RTP,Miguel Hidalgo,False,0.011925
scenario_metro,METRO,"(-99.20034, 19.4022)",Eje 5 Poniente,RTP,Miguel Hidalgo,False,0.011911
scenario_metro,METRO,"(-99.1190391, 19.4965442)",Indios Verdes,MEXIBÚS,Gustavo A. Madero,True,0.011877
scenario_metro,METRO,"(-99.15056, 19.29909)",Luis Murillo,RTP,Coyoacán,False,0.01187
scenario_metro,METRO,"(-99.21992, 19.41308)",Paseo de la Reforma - Sierra Tarahumara,CC,Miguel Hidalgo,False,0.011849
scenario_metro,METRO,"(-99.225191, 19.361992)",Gardenia,CC,Álvaro Obregón,False,0.011825
scenario_metro,METRO,"(-99.12148, 19.27678)",Francisco Goytia - Tierra y Libertad,RTP,Xochimilco,False,0.011824
scenario_metro,METRO,"(-99.00756, 19.27862)",Emiliano Zapata,RTP,Tláhuac,False,0.011789
scenario_metro,METRO,"(-99.16494, 19.28252)",Tlalpan y Tezoquipa,CC,Tlalpan,False,0.011775
scenario_metro,METRO,"(-99.10084, 19.21979)",Hombres Ilustres - Las Granjas,RTP,Xochimilco,False,0.011704
scenario_metro,METRO,"(-99.138763, 19.468175)",Insurgentes - CETRAM La Raza,CC,Gustavo A. Madero,False,0.011697
scenario_metro,METRO,"(-99.16889, 19.31135)",Totonacas,RTP,Coyoacán,False,0.011694
scenario_metro,METRO,"(-99.19534, 19.39463)",Jardín,RTP,Álvaro Obregón,False,0.011663
scenario_metro,METRO,"(-99.22451, 19.36924)",Av. Santa Lucia,RTP,Álvaro Obregón,False,0.011631
scenario_metro,METRO,"(-99.189397, 19.361475)",Barranca del Muerto,CC,Álvaro Obregón,True,0.011627
scenario_metro,METRO,"(-99.1183, 19.28771)",Anillo Periférico Blvd. Adolfo Ruiz Cortines - Puente 2,RTP,Xochimilco,False,0.011602
scenario_metro,METRO,"(-99.22248, 19.40997)",Paseo de la Reforma - Montes Apalaches,CC,Miguel Hidalgo,False,0.011587
scenario_metro,METRO,"(-99.227597, 19.360848)",Jose Galvez Moya,CC,Álvaro Obregón,False,0.01157
scenario_metro,METRO,"(-99.0928292, 19.5209632)",Martín Carrera,MEXIBÚS,Tlalnepantla de Baz,False,0.011509
scenario_metro,METRO,"(-99.22379, 19.40688)",Paseo de la Reforma - Montes Avernia,CC,Miguel Hidalgo,False,0.011469
scenario_metro,METRO,"(-99.10277, 19.42336)",Balbuena,METRO,Venustiano Carranza,True,0.011449
scenario_metro,METRO,"(-99.20873, 19.42506)",Paseo de la Reforma - Monte Altai,CC,Miguel Hidalgo,False,0.011423
scenario_metro,METRO,"(-99.16299, 19.48867)",Norte 45,METRO,Azcapotzalco,False,0.011403
scenario_metro,METRO,"(-99.20438, 19.38193)",Tercera Cerrada de Mina,RTP,Álvaro Obregón,False,0.011394
scenario_metro,METRO,"(-99.17415, 19.49067)",Ferrería y Arena Ciudad de México,METRO,Azcapotzalco,False,0.011392
scenario_metro,METRO,"(-99.23077, 19.40345)",Paseo de la Reforma - Sierra BreNa,CC,Miguel Hidalgo,False,0.011389
scenario_metro,METRO,"(-99.10934, 19.39785)",Canela,MB,Iztacalco,False,0.011387
scenario_metro,METRO,"(-99.06182, 19.25332)",Av. México Poniente,RTP,Xochimilco,False,0.011349
scenario_metro,METRO,"(-99.20299, 19.39018)",Cristo Rey,RTP,Álvaro Obregón,False,0.011323
scenario_metro,METRO,"(-99.16586, 19.30932)",Planta de Asfalto No. 263,RTP,Coyoacán,False,0.011308
scenario_metro,METRO,"(-99.04012, 19.29652)",Av. Tláhuac - Hernan Cortes,RTP,Tláhuac,False,0.011284
scenario_metro,METRO,"(-99.13997, 19.43864)",Teatro Blanquita,MB,Cuauhtémoc,False,0.011258
scenario_metro,METRO,"(-99.21043, 19.42459)",Paseo de la Reforma - Explanada,CC,Miguel Hidalgo,False,0.011232
scenario_metro,METRO,"(-99.16188, 19.29054)",Tlalpan y San Fernando,CC,Tlalpan,False,0.011212
scenario_metro,METRO,"(-99.23727, 19.39696)",Rivera de Cupia,RTP,Miguel Hidalgo,False,0.011152
scenario_metro,METRO,"(-99.07926, 19.47366)",Loreto Fabela - Camino a San Juan,CC,Gustavo A. Madero,False,0.011133
scenario_metro,METRO,"(-99.23385, 19.39995)",Castillo de Miramar,RTP,Miguel Hidalgo,False,0.011102
scenario_metro,METRO,"(-99.10854, 19.45369)",Río Consulado,MB,Gustavo A. Madero,False,0.011021
scenario_metro,METRO,"(-99.20933, 19.37366)",Calle 14,RTP,Álvaro Obregón,False,0.011018
scenario_metro,METRO,"(-99.14756, 19.30154)",Calz. de Tlalpan - Estadio Azteca,RTP,Coyoacán,False,0.011011
scenario_metro,METRO,"(-98.98716, 19.34637)",Eje 6 Sur Av. de las Torres - Lázaro Cardenas,RTP,Iztapalapa,False,0.011007
scenario_metro,METRO,"(-99.1635, 19.30802)",Iman - Gran Sur,CC,Coyoacán,False,0.010962
scenario_metro,METRO,"(-99.0754376, 19.5308126)",Vía Morelos,MEXIBÚS,Ecatepec de Morelos,False,0.010957
scenario_metro,METRO,"(-99.21365, 19.37283)",Ernesto Peralta Uruchurtu,RTP,Álvaro Obregón,False,0.010933
scenario_metro,METRO,"(-99.1253, 19.48348)",Deportivo 18 de Marzo,METRO,Gustavo A. Madero,False,0.010924
scenario_metro,METRO,"(-99.15908, 19.29235)",Tlalpan - INER,CC,Tlalpan,False,0.010918
scenario_metro,METRO,"(-99.18937, 19.40236)",Luis Ruiz y  Carlos Lazo,RTP,Miguel Hidalgo,False,0.010916
scenario_metro,METRO,"(-99.230592, 19.360074)",Carlos A. Madrazo,CC,Álvaro Obregón,False,0.010902
scenario_metro,METRO,"(-99.14491, 19.35281)",Tlalpan - Metro General Anaya,CC,Coyoacán,False,0.010768
scenario_metro,METRO,"(-99.189678, 19.397781)",Av. Jalisco,CC,Miguel Hidalgo,False,0.010732
scenario_metro,METRO,"(-99.10568, 19.4609)",Oriente 101,MB,Gustavo A. Madero,False,0.010715
scenario_metro,METRO,"(-99.11134, 19.35663)",Ermita Iztapalapa,MB,Iztapalapa,False,0.010713
scenario_metro,METRO,"(-99.23485, 19.39845)",Castillo de Miramar,RTP,Miguel Hidalgo,False,0.010712
scenario_metro,METRO,"(-99.20585, 19.39016)",Primero de noviembre,RTP,Álvaro Obregón,False,0.010694
scenario_metro,METRO,"(-99.23508, 19.48618)",Blvd. Manuel Avila C. y Av. Lomas Verdes,CC,Naucalpan de Juárez,False,0.010658
scenario_metro,METRO,"(-99.16134, 19.30575)",Iman - Chicaras,CC,Coyoacán,False,0.010647
scenario_metro,METRO,"(-98.98362, 19.34546)",Eje 6 Sur - Minas,RTP,Iztapalapa,False,0.010637
scenario_metro,METRO,"(-99.05793, 19.24905)",Acueducto,RTP,Xochimilco,False,0.010636
scenario_metro,METRO,"(-99.14172, 19.43641)",Bellas Artes,MB,Cuauhtémoc,False,0.010636
scenario_metro,METRO,"(-99.23307, 19.35872)",Angel Reyes,CC,Álvaro Obregón,False,0.010613
scenario_metro,METRO,"(-98.99123, 19.34723)",Benito Juárez,RTP,Iztapalapa,False,0.010612
scenario_metro,METRO,"(-99.19197, 19.44501)",Lago Hielmar - Lago Ginebra,CC,Miguel Hidalgo,False,0.010599
scenario_metro,METRO,"(-99.14813, 19.49104)",Instituto del Petróleo,METRO,Gustavo A. Madero,False,0.01058
scenario_metro,METRO,"(-99.121, 19.4933)",Indios Verdes,MB,Gustavo A. Madero,False,0.010572
scenario_metro,METRO,"(-99.05698, 19.2491)",Cuauhtémoc - Carretera a Oaxtepec,RTP,Xochimilco,False,0.010544
scenario_metro,METRO,"(-99.20746, 19.39053)",Turineses,RTP,Álvaro Obregón,False,0.010524
scenario_metro,METRO,"(-99.10542, 19.48223)",FF. CC. Hidalgo,TROLE,Gustavo A. Madero,False,0.010515
scenario_metro,METRO,"(-99.18157, 19.45712)",México-Tacuba - Metro Cuitlahuac,CC,Miguel Hidalgo,False,0.010507
scenario_metro,METRO,"(-99.19259, 19.426)",Paseo de la Reforma y Auditorio Nacional I,CC,Miguel Hidalgo,False,0.010456
scenario_metro,METRO,"(-99.10391, 19.39722)",Tlacotal,MB,Iztacalco,False,0.010437
scenario_metro,METRO,"(-99.2158, 19.39849)",Lienzo Charro,RTP,Miguel Hidalgo,False,0.01042
scenario_metro,METRO,"(-99.0650403, 19.5349224)",5 de Febrero,MEXIBÚS,Ecatepec de Morelos,False,0.010404
scenario_metro,METRO,"(-99.21089, 19.38342)",Chicago,RTP,Álvaro Obregón,False,0.010392
scenario_metro,METRO,"(-99.104886, 19.328272)",Av. Tláhuac - Metro San Andrés Tomatlán,CC,Iztapalapa,False,0.010381
scenario_metro,METRO,"(-99.20942, 19.36664)",Frente a Plaza Centenario,RTP,Álvaro Obregón,False,0.010345
scenario_metro,METRO,"(-99.18166, 19.45747)",Calz. México-Tacuba - Mar Hudson,RTP,Miguel Hidalgo,False,0.010291
scenario_metro,METRO,"(-99.200669, 19.359815)",Luis Kuhne,CC,Álvaro Obregón,False,0.010284
scenario_metro,METRO,"(-99.21052, 19.38967)",Alemanes,RTP,Álvaro Obregón,False,0.010264
scenario_metro,METRO,"(-99.14463, 19.34659)",Tlalpan - Puerto Rico,CC,Coyoacán,False,0.010243
scenario_metro,METRO,"(-99.192223, 19.338369)",Revolución y Eje 10 sur,CC,Álvaro Obregón,False,0.010228
scenario_metro,METRO,"(-99.1414, 19.28286)",Periférico - Tepepan,CC,Tlalpan,False,0.01019
scenario_metro,METRO,"(-99.17644, 19.42073)",Base Metro Chapultepec,CC,Miguel Hidalgo,True,0.010155
scenario_metro,METRO,"(-99.055319, 19.5435281)",Cerro Gordo,MEXIBÚS,Ecatepec de Morelos,False,0.010129
scenario_metro,METRO,"(-99.113854, 19.328489)",Av. Santa Ana - Retorno en U,CC,Coyoacán,False,0.010122
scenario_metro,METRO,"(-99.079807, 19.470783)",José Loreto Fabela y Av. 414,CC,Gustavo A. Madero,False,0.010107
scenario_metro,METRO,"(-99.1788, 19.37425)",Felix Cuevas,MB,Benito Juárez,False,0.010095
scenario_metro,METRO,"(-99.22252, 19.39634)",Colegio de Arquitectos,RTP,Miguel Hidalgo,False,0.010086
scenario_metro,METRO,"(-98.97633, 19.33933)",Autopista México-Puebla - La Escondida,RTP,Iztapalapa,False,0.010043
scenario_metro,METRO,"(-99.144262, 19.345624)",Calzada de Tlalpan - Cerro de Jesús,CC,Coyoacán,False,0.010031
scenario_metro,METRO,"(-99.12069, 19.27512)",Prol. División del Norte - de la Noria,RTP,Xochimilco,False,0.010025
scenario_metro,METRO,"(-99.13831, 19.28184)",Guadalupe Inclan Ramírez - Periférico,CC,Xochimilco,False,0.010002
scenario_metro,METRO,"(-99.19665, 19.4927)",Sauces,TROLE,Azcapotzalco,False,0.009982
scenario_metro,METRO,"(-99.13278, 19.42666)",Pino Suárez,MB,Cuauhtémoc,False,0.009976
scenario_metro,METRO,"(-99.14046, 19.44315)",Moctezuma,TROLE,Cuauhtémoc,False,0.009972
scenario_metro,METRO,"(-99.20158, 19.42762)",Paseo de la Reforma - Fuente de Petróleos,CC,Miguel Hidalgo,False,0.009942
scenario_metro,METRO,"(-99.107159, 19.328644)",Av. Santa Ana - Av. Tláhuac,CC,Iztapalapa,False,0.009931
scenario_metro,METRO,"(-99.203118, 19.359774)",Alcanfores,CC,Álvaro Obregón,False,0.009914
scenario_metro,METRO,"(-99.21601, 19.42322)",Paseo de la Reforma - Monte Blanco,CC,Miguel Hidalgo,False,0.009896
scenario_metro,METRO,"(-99.14242, 19.44138)",Lerdo,TROLE,Cuauhtémoc,False,0.009891
scenario_metro,METRO,"(-99.0519676, 19.5511921)",Clínica 93,MEXIBÚS,Ecatepec de Morelos,False,0.009853
scenario_metro,METRO,"(-99.21546, 19.36617)",Loma Nueva,RTP,Álvaro Obregón,False,0.009852
scenario_metro,METRO,"(-99.00603, 19.27641)",Av. Tláhuac,RTP,Tláhuac,False,0.009844
scenario_metro,METRO,"(-99.190992, 19.334221)",Estadio CU (BASE),CC,Coyoacán,False,0.009726
scenario_metro,METRO,"(-99.14427, 19.43939)",V. Trujano,TROLE,Cuauhtémoc,False,0.009725
scenario_metro,METRO,"(-99.21215, 19.38903)",Italianos,RTP,Álvaro Obregón,False,0.009725
scenario_metro,METRO,"(-99.109847, 19.32797)",Av. Santa Ana - Av. Canal Nacional,CC,Coyoacán,False,0.00972
scenario_metro,METRO,"(-99.10748, 19.48294)",Martín Carrera,METRO,Gustavo A. Madero,False,0.009704
scenario_metro,METRO,"(-99.1608, 19.51219)",Naucalpan - Ecatepec,CC,Gustavo A. Madero,False,0.009659
scenario_metro,METRO,"(-99.1887, 19.39516)",Periférico -  11 de Abril,CC,Benito Juárez,False,0.009649
scenario_metro,METRO,"(-99.22021, 19.36496)",Colina de Montecarlo,RTP,Álvaro Obregón,False,0.009612
scenario_metro,METRO,"(-99.19106, 19.33427)",Relaciones Laborales,PUMABUS,Coyoacán,False,0.009568
scenario_metro,METRO,"(-99.18938, 19.36148)",Metro Barranca del Muerto,RTP,Álvaro Obregón,True,0.009566
scenario_metro,METRO,"(-99.206344, 19.359686)",Alfonso Caso Andrade,CC,Álvaro Obregón,False,0.009552
scenario_metro,METRO,"(-99.21906, 19.41583)",Paseo de la Reforma - Explanada,CC,Miguel Hidalgo,False,0.009529
scenario_metro,METRO,"(-99.0468262, 19.5622122)",5ta. Aparición,MEXIBÚS,Ecatepec de Morelos,False,0.009487
scenario_metro,METRO,"(-99.21396, 19.38828)",Chinamecas,RTP,Álvaro Obregón,False,0.009468
scenario_metro,METRO,"(-99.15603, 19.29459)",Tlalpan - Periferico,CC,Tlalpan,False,0.00945
scenario_metro,METRO,"(-99.11954, 19.27343)",Francisco Goytia - Plan de Muyuguarda,RTP,Xochimilco,False,0.009398
scenario_metro,METRO,"(-99.10801, 19.47436)",Talismán,METRO,Gustavo A. Madero,False,0.009395
scenario_metro,METRO,"(-99.218118, 19.364833)",Cda. Centenario,CC,Álvaro Obregón,False,0.009395
scenario_metro,METRO,"(-99.137121, 19.341221)",Canal de Miramontes,TROLE,Coyoacán,False,0.009392
scenario_metro,METRO,"(-99.21806, 19.42134)",Paseo de la Reforma - Prado Sur,CC,Miguel Hidalgo,False,0.009387
scenario_metro,METRO,"(-99.12763, 19.48252)",Euzkaro,MB,Gustavo A. Madero,False,0.009341
scenario_metro,METRO,"(-99.21842, 19.4182)",Paseo de la Reforma - Monte Líbano,CC,Miguel Hidalgo,False,0.009335
scenario_metro,METRO,"(-99.10504, 19.25557)",Prolongación 16 de Septiembre - Camino a Nativitas,RTP,Xochimilco,False,0.009322
scenario_metro,METRO,"(-99.19375, 19.42621)",Paseo de la Reforma y Auditorio Nacional II,CC,Miguel Hidalgo,False,0.00931
scenario_metro,METRO,"(-99.22726, 19.39595)",Palo Santo,RTP,Miguel Hidalgo,False,0.009301
scenario_metro,METRO,"(-99.15513, 19.40727)",Centro Médico,MB,Cuauhtémoc,False,0.009298
scenario_metro,METRO,"(-99.10735, 19.48293)",Martín Carrera,TROLE,Gustavo A. Madero,False,0.00929
scenario_metro,METRO,"(-99.06425, 19.34565)",C. C. Metro Constitución de 1917 - Cetram Constitución de 1917 Anden B,RTP,Iztapalapa,False,0.009289
scenario_metro,METRO,"(-99.21995, 19.41359)",Paseo de la Reforma - Sierra Tarahumara Poniente,CC,Miguel Hidalgo,False,0.009282
scenario_metro,METRO,"(-99.10948, 19.36484)",Escuadrón 201,METRO,Iztapalapa,False,0.00923
scenario_metro,METRO,"(-99.21778, 19.39787)",Secretaría de Hacienda,RTP,Miguel Hidalgo,False,0.009173
scenario_metro,METRO,"(-99.206776, 19.35814)",Alfonso Caso Andrade,CC,Álvaro Obregón,False,0.009147
scenario_metro,METRO,"(-99.11221, 19.38827)",Iztacalco,TROLE,Iztacalco,False,0.009116
scenario_metro,METRO,"(-99.22296, 19.28904)",Izmal,RTP,Tlalpan,False,0.009016
scenario_metro,METRO,"(-99.234, 19.48433)",Blvd. Manuel Avila C. y Paseo de la Hacienda Echegaray,CC,Naucalpan de Juárez,False,0.008993
scenario_metro,METRO,"(-99.11266, 19.39026)",Oriente 116,MB,Iztacalco,False,0.008952
scenario_metro,METRO,"(-99.11343, 19.44128)",Mercado Morelos,MB,Venustiano Carranza,False,0.00891
scenario_metro,METRO,"(-98.99794, 19.34821)",Eje 6 Sur - 12 de Octubre,RTP,Iztapalapa,False,0.008891
scenario_metro,METRO,"(-99.1307, 19.42558)",San Pablo,MB,Cuauhtémoc,False,0.008861
scenario_metro,METRO,"(-99.20721, 19.366611)",Mejia Delgado,CC,Álvaro Obregón,False,0.008859
scenario_metro,METRO,"(-99.21821, 19.38673)",Tlaxcaltecas,RTP,Álvaro Obregón,False,0.008842
scenario_metro,METRO,"(-99.14296, 19.5178)",Punto 23,CC,Gustavo A. Madero,False,0.008836
scenario_metro,METRO,"(-99.055721, 19.487093)",Av. Valle de Santiago y Av. Valle de las Zapatas,CC,Nezahualcóyotl,False,0.008796
scenario_metro,METRO,"(-99.2297, 19.39544)",Cerrada Constituyentes,RTP,Miguel Hidalgo,False,0.008728
scenario_metro,METRO,"(-99.16345, 19.28692)",Tlalpan y Morelos,CC,Tlalpan,False,0.008725
scenario_metro,METRO,"(-99.1405, 19.43713)",Bellas Artes,TROLE,Cuauhtémoc,False,0.008681
scenario_metro,METRO,"(-99.19602, 19.4949)",Tezozómoc,METRO,Azcapotzalco,False,0.00867
scenario_metro,METRO,"(-99.28298, 19.35034)",Frente a No. 1160,RTP,Cuajimalpa de Morelos,False,0.008619
scenario_metro,METRO,"(-99.20628, 19.37328)",Av. del Rosal,RTP,Álvaro Obregón,False,0.008564
scenario_metro,METRO,"(-99.16748, 19.27809)",Insurgentes y Autopista México-Cuernavaca,CC,Tlalpan,False,0.00856
scenario_metro,METRO,"(-99.18636, 19.3509)",Altavista,MB,Álvaro Obregón,False,0.008557
scenario_metro,METRO,"(-99.054235, 19.241752)",San Gregorio - Oaxtepec y El Mirador,CC,Xochimilco,False,0.008549
scenario_metro,METRO,"(-99.0583, 19.487512)",Av. Valle de las Zapatas y Valle Grande,CC,Nezahualcóyotl,False,0.008549
scenario_metro,METRO,"(-99.13531, 19.40853)",Chabacano y San Antonio Abad,CC,Cuauhtémoc,False,0.008534
scenario_metro,METRO,"(-99.18076, 19.34625)",Miguel Ángel de Quevedo,METRO,Coyoacán,False,0.008515
scenario_metro,METRO,"(-99.22336, 19.38646)",Unidad Habitacional Belen,RTP,Álvaro Obregón,False,0.008511
scenario_metro,METRO,"(-99.08687, 19.44502)",Oceanía,METRO,Venustiano Carranza,False,0.008509
scenario_metro,METRO,"(-99.1267, 19.42311)",Mercado Sonora Sur,MB,Cuauhtémoc,False,0.00849
scenario_metro,METRO,"(-99.17697, 19.3361)",Copilco,METRO,Coyoacán,False,0.008488
scenario_metro,METRO,"(-99.10634, 19.2497)",Guadalupe Inclan Ramírez - Prol. 16 de Septiembre,RTP,Xochimilco,False,0.008438
scenario_metro,METRO,"(-99.17844, 19.37366)",Insurgentes Sur,TROLE,Benito Juárez,False,0.008434
scenario_metro,METRO,"(-99.17804, 19.47025)",Salónica,TROLE,Azcapotzalco,False,0.008424
scenario_metro,METRO,"(-99.11357, 19.40546)",Hospital General Troncoso,MB,Iztacalco,False,0.008411
scenario_metro,METRO,"(-99.21932, 19.36938)",Pesebre,RTP,Álvaro Obregón,False,0.0084
scenario_metro,METRO,"(-99.191039, 19.362679)",Alpes,CC,Álvaro Obregón,False,0.00837
scenario_metro,METRO,"(-99.1496, 19.52482)",Punto 32,CC,Gustavo A. Madero,False,0.008354
scenario_metro,METRO,"(-99.28583, 19.34981)",Camino a San Mateo,RTP,Cuajimalpa de Morelos,False,0.008342
scenario_metro,METRO,"(-99.060568, 19.487924)",Av. Valle de las Zapatas y Valle de Oniteper,CC,Nezahualcóyotl,False,0.00834
scenario_metro,METRO,"(-99.00541, 19.3497)",Eje 6 Sur - Parotas,RTP,Iztapalapa,False,0.008296
scenario_metro,METRO,"(-99.218796, 19.369516)",Base Plateros,CC,Álvaro Obregón,False,0.008277
scenario_metro,METRO,"(-99.22939, 19.48753)",Lomas Verdes - Vía Gustavo Baz,CC,Naucalpan de Juárez,False,0.008276
scenario_metro,METRO,"(-99.149177, 19.342584)",Division Del Norte,TROLE,Coyoacán,False,0.008234
scenario_metro,METRO,"(-98.96854, 19.33191)",Av. Yecahuizotl - Autopista México-Puebla,RTP,Iztapalapa,False,0.008228
scenario_metro,METRO,"(-98.98995, 19.34693)",Eje 6 Sur Av. de las Torres - Unión de Colonos,RTP,Iztapalapa,False,0.008215
scenario_metro,METRO,"(-99.22946, 19.36723)",Trovador,RTP,Álvaro Obregón,False,0.008215
scenario_metro,METRO,"(-99.113, 19.33876)",Calzada Taxqueña,MB,Iztapalapa,False,0.008205
scenario_metro,METRO,"(-99.116932, 19.268918)",Prol. Div. Del Norte y Alcanfores,CC,Xochimilco,False,0.008191
scenario_metro,METRO,"(-99.14002, 19.43923)",República de Perú,TROLE,Cuauhtémoc,False,0.008183
scenario_metro,METRO,"(-99.22377, 19.2835)",Tixkokob,RTP,Tlalpan,False,0.008152
scenario_metro,METRO,"(-99.18183, 19.36493)",Teatro de los Insurgentes,MB,Benito Juárez,False,0.008139
scenario_metro,METRO,"(-99.13946, 19.28287)",México-Xochimilco - Tren Ligero Periférico,CC,Tlalpan,False,0.008111
scenario_metro,METRO,"(-99.15294, 19.44636)",Eje 1 Norte Mosqueta - Av. de los Insurgentes Norte,CC,Cuauhtémoc,False,0.008106
scenario_metro,METRO,"(-99.27747, 19.35202)",Av. Tamaulipas,RTP,Cuajimalpa de Morelos,False,0.008078
scenario_metro,METRO,"(-99.15029, 19.50472)",Eje Central y Othon de Mendizabal,CC,Gustavo A. Madero,False,0.008059
scenario_metro,METRO,"(-99.051234, 19.217811)",San Gregorio - Oaxtepec y Texomulco,CC,Milpa Alta,False,0.008052
scenario_metro,METRO,"(-99.121351, 19.404211)",Base Metro Santa Anita,CC,Iztacalco,False,0.008035
scenario_metro,METRO,"(-99.00081, 19.24595)",La Barranca,RTP,Tláhuac,False,0.008003
scenario_metro,METRO,"(-99.0416, 19.2991)",Av. Tláhuac - Juan de Dios Peza,RTP,Tláhuac,False,0.007998
scenario_metro,METRO,"(-99.21301, 19.36669)",Frente a Pemex,RTP,Álvaro Obregón,False,0.007993
scenario_metro,METRO,"(-99.068349, 19.488695)",Orizaba y Villa de Ayala,CC,Gustavo A. Madero,False,0.007991
scenario_metro,METRO,"(-99.06265, 19.34503)",Constitución de 1917,CBB,Iztapalapa,False,0.007976
scenario_metro,METRO,"(-99.28831, 19.34868)",Cuartel,RTP,Cuajimalpa de Morelos,False,0.007973
scenario_metro,METRO,"(-99.109296, 19.364864)",Agustin Yañez y  Av. 5,CC,Iztapalapa,False,0.007966
scenario_metro,METRO,"(-98.96129, 19.31891)",Eje 10 Sur Chichilaula,RTP,Tláhuac,False,0.007961
scenario_metro,METRO,"(-99.196005, 19.364783)",Calz. De los Leones,CC,Álvaro Obregón,False,0.007954
scenario_metro,METRO,"(-99.18836, 19.40062)",Tordo,RTP,Miguel Hidalgo,False,0.007936
scenario_metro,METRO,"(-99.15131, 19.29848)",Renato Leduc,RTP,Coyoacán,False,0.007929
scenario_metro,METRO,"(-99.18391, 19.35848)",Francia,MB,Álvaro Obregón,False,0.007915
scenario_metro,METRO,"(-99.064031, 19.488565)",Av. Valle de las Zapatas y Av. Valle del Zambezi,CC,Nezahualcóyotl,False,0.007898
scenario_metro,METRO,"(-99.14722, 19.30194)",Tlalpan y Estadio Azteca,CC,Coyoacán,False,0.007893
scenario_metro,METRO,"(-99.066466, 19.488996)",Av. Valle de las Zapatas y Valle de Arriba,CC,Nezahualcóyotl,False,0.007886
scenario_metro,METRO,"(-99.22771, 19.49076)",Hacienda de la Encarnación - Gustavo Baz,CC,Naucalpan de Juárez,False,0.007861
scenario_metro,METRO,"(-99.15071309, 19.29903108)",Sobre Calz. De Tlalpan y Luis Murillo,CC,Coyoacán,False,0.00786
scenario_metro,METRO,"(-99.19044, 19.39732)",Anillo Periférico Sur,RTP,Álvaro Obregón,False,0.007834
scenario_metro,METRO,"(-99.12193, 19.40965)",Congreso de la Unión y Av. Morelos,CC,Venustiano Carranza,False,0.007828
scenario_metro,METRO,"(-99.22687, 19.38525)",Santa Isabel,RTP,Álvaro Obregón,False,0.007824
scenario_metro,METRO,"(-99.11222, 19.41837)",Venustiano Carranza,MB,Venustiano Carranza,False,0.007809
scenario_metro,METRO,"(-99.044321, 19.5679332)",Tulpetlac,MEXIBÚS,Ecatepec de Morelos,False,0.007809
scenario_metro,METRO,"(-99.114932, 19.26588)",Av. Guadalupe I. Ramírez y Prol. Div. Del Norte,CC,Xochimilco,False,0.007802
scenario_metro,METRO,"(-99.11987, 19.42517)",Cecilio Robelo,MB,Venustiano Carranza,False,0.007785
scenario_metro,METRO,"(-99.13725, 19.34078)",Miramontes y Taxqueña,CC,Coyoacán,False,0.007784
scenario_metro,METRO,"(-99.20219, 19.34741)",Anillo Periférico Sur - Desierto de los Leones,RTP,Álvaro Obregón,False,0.007777
scenario_metro,METRO,"(-99.20918, 19.35847)",Torrente,RTP,Álvaro Obregón,False,0.007768
scenario_metro,METRO,"(-99.19476, 19.37356)",Carlos Dolci,RTP,Álvaro Obregón,False,0.007753
scenario_metro,METRO,"(-99.2178, 19.36509)",Cerrada de Centenario,RTP,Álvaro Obregón,False,0.007753
scenario_metro,METRO,"(-99.11028, 19.36126)",Atanasio G. Saravia,MB,Iztapalapa,False,0.007744
scenario_metro,METRO,"(-99.23838, 19.40906)",Bosques de Ciruelos,RTP,Miguel Hidalgo,False,0.007718
scenario_metro,METRO,"(-99.047888, 19.21083)",San Gregorio - Oaxtepec y Achayatipac,CC,Milpa Alta,False,0.007694
scenario_metro,METRO,"(-99.22498, 19.28326)",Becal,RTP,Tlalpan,False,0.007691
scenario_metro,METRO,"(-99.22611, 19.28324)",Tekax,RTP,Tlalpan,False,0.007691
scenario_metro,METRO,"(-99.15488, 19.29476)",Anillo Periférico Blvd. Adolfo Ruiz Cortines - Puente Estadio Azteca,RTP,Tlalpan,False,0.007663
scenario_metro,METRO,"(-99.19257, 19.39638)",Canario,RTP,Álvaro Obregón,False,0.007657
scenario_metro,METRO,"(-99.1333, 19.41029)",José A. Torres y Mateos,CC,Cuauhtémoc,False,0.007655
scenario_metro,METRO,"(-99.1878, 19.40165)",Iturbe y Av. Jalisco,RTP,Miguel Hidalgo,True,0.007649
scenario_metro,METRO,"(-99.108848, 19.336971)",Culhuacán,TROLE,Iztapalapa,False,0.007648
scenario_metro,METRO,"(-99.13866, 19.4448)",Garibaldi,TROLE,Cuauhtémoc,False,0.007646
scenario_metro,METRO,"(-99.22296, 19.36395)",Frente a Telmex,RTP,Álvaro Obregón,False,0.007643
scenario_metro,METRO,"(-99.174002, 19.31017)",Tita Avendaño,TROLE,Coyoacán,False,0.00764
scenario_metro,METRO,"(-99.09331, 19.19396)",José María Morelos - Guatemala,RTP,Milpa Alta,False,0.007627
scenario_metro,METRO,"(-99.193299, 19.364145)",Estio,CC,Álvaro Obregón,False,0.007607
scenario_metro,METRO,"(-99.29001, 19.34784)",Frente a No. 783,RTP,Cuajimalpa de Morelos,False,0.007604
scenario_metro,METRO,"(-99.235192, 19.357559)",Queretaro,CC,Álvaro Obregón,False,0.007604
scenario_metro,METRO,"(-99.12078, 19.49354)",Metro Indios Verdes,RTP,Gustavo A. Madero,False,0.007583
scenario_metro,METRO,"(-99.22335, 19.28752)",Halacho,RTP,Tlalpan,False,0.00758
scenario_metro,METRO,"(-99.00265, 19.34915)",Eje 6 Sur - Venus,RTP,Iztapalapa,False,0.007569
scenario_metro,METRO,"(-99.19048, 19.33003)",Estacionamiento 8,PUMABUS,Coyoacán,False,0.007568
scenario_metro,METRO,"(-99.11619, 19.23648)",Prol. Hidalgo - Duraznos,RTP,Xochimilco,False,0.007564
scenario_metro,METRO,"(-99.11137, 19.24279)",Guadalupe Inclan Ramírez - Monte Morelos Oriente,RTP,Xochimilco,False,0.007561
scenario_metro,METRO,"(-99.0425062, 19.5766489)",Nuevo Laredo,MEXIBÚS,Ecatepec de Morelos,False,0.007535
scenario_metro,METRO,"(-99.22221, 19.48875)",Hacienda de la Encarnación - Estrella,CC,Naucalpan de Juárez,False,0.007517
scenario_metro,METRO,"(-99.20333, 19.37485)",Calle 20,RTP,Álvaro Obregón,False,0.007488
scenario_metro,METRO,"(-99.19914, 19.37422)",Rosa Blanca,RTP,Álvaro Obregón,False,0.007488
scenario_metro,METRO,"(-99.20205, 19.37463)",Alta Tensión,RTP,Álvaro Obregón,False,0.007488
scenario_metro,METRO,"(-99.19711, 19.37391)",Juan Cousin,RTP,Álvaro Obregón,False,0.007488
scenario_metro,METRO,"(-99.05429, 19.23595)",Herradura,RTP,Xochimilco,False,0.00748
scenario_metro,METRO,"(-98.98417, 19.34581)",Eje 6 Sur Av. de las Torres - Juan Escutia,RTP,Iztapalapa,False,0.007479
scenario_metro,METRO,"(-99.21218, 19.35836)",Mar,RTP,Álvaro Obregón,False,0.007475
scenario_metro,METRO,"(-99.227392, 19.36083)",Jose Galvez Moya,CC,Álvaro Obregón,False,0.007467
scenario_metro,METRO,"(-99.22366, 19.40778)",Paseo de la Reforma - Montes Auvernia,CC,Miguel Hidalgo,False,0.007464
scenario_metro,METRO,"(-99.22312, 19.28496)",Homun,RTP,Tlalpan,False,0.007447
scenario_metro,METRO,"(-99.069803, 19.489252)",Eje 6 Nte. Villa de Ayala y Atlacomulco,CC,Gustavo A. Madero,False,0.007442
scenario_metro,METRO,"(-99.152, 19.44613)",Buenavista,MB,Cuauhtémoc,False,0.00744
scenario_metro,METRO,"(-99.20323, 19.34705)",Anillo Periférico,RTP,Álvaro Obregón,False,0.007439
scenario_metro,METRO,"(-99.24298, 19.40491)",Bosques de Reforma - Bosques de Mangos,CC,Miguel Hidalgo,False,0.007433
scenario_metro,METRO,"(-99.16308, 19.28807)",Tlalpan e Hidalgo,CC,Tlalpan,False,0.007429
scenario_metro,METRO,"(-99.14785, 19.52451)",Desembocadura,CC,Gustavo A. Madero,False,0.007421
scenario_metro,METRO,"(-99.18673, 19.37551)",Eje 7 Sur Extremadura,RTP,Benito Juárez,False,0.007414
scenario_metro,METRO,"(-99.14674, 19.28871)",Xomali,TL,Tlalpan,False,0.007403
scenario_metro,METRO,"(-99.22855, 19.38458)",Paso de Mono,RTP,Álvaro Obregón,False,0.007388
scenario_metro,METRO,"(-99.02403, 19.29435)",Tlaltenco,METRO,Tláhuac,False,0.007386
scenario_metro,METRO,"(-99.053115, 19.496117)",Av. John F. Kennedy y Av. Valle de Santiago,CC,Ecatepec de Morelos,False,0.007369
scenario_metro,METRO,"(-99.14859, 19.34274)",División del Norte,TROLE,Coyoacán,False,0.007363
scenario_metro,METRO,"(-99.14943, 19.29993)",Tlalpan y Glorieta Huipulco,CC,Coyoacán,False,0.007358
scenario_metro,METRO,"(-99.222803, 19.363979)",Rinconada Centenario,CC,Álvaro Obregón,False,0.007351
scenario_metro,METRO,"(-99.14116, 19.5212)",Bajo Puente la Pastora,RTP,Gustavo A. Madero,False,0.007336
scenario_metro,METRO,"(-99.22748, 19.28305)",Sacalum,RTP,Tlalpan,False,0.007323
scenario_metro,METRO,"(-99.197537, 19.359761)",Calz. De las Aguilas,CC,Álvaro Obregón,False,0.007321
scenario_metro,METRO,"(-99.179694, 19.308041)",Cefiro,TROLE,Coyoacán,False,0.007314
scenario_metro,METRO,"(-99.14026, 19.52351)",Moctezuma,RTP,Gustavo A. Madero,False,0.007302
scenario_metro,METRO,"(-99.11246, 19.2409)",Guadalupe Inclan Ramírez - Monte Calvario,RTP,Xochimilco,False,0.007291
scenario_metro,METRO,"(-99.17561, 19.46864)",Glorieta de Camarones,TROLE,Azcapotzalco,False,0.007283
scenario_metro,METRO,"(-99.11362, 19.32068)",La Virgen,MB,Coyoacán,False,0.00728
scenario_metro,METRO,"(-99.229022, 19.359938)",G. Carmona,CC,Álvaro Obregón,False,0.007278
scenario_metro,METRO,"(-99.09157, 19.19272)",Av. José María Morelos-Emiliano Zapata,RTP,Milpa Alta,False,0.007273
scenario_metro,METRO,"(-99.14037, 19.52187)",Lateral Puente la Pastora,RTP,Gustavo A. Madero,False,0.007271
scenario_metro,METRO,"(-99.10641, 19.2504)",Prol. 16 de Septiembre - Capulines,RTP,Xochimilco,False,0.00727
scenario_metro,METRO,"(-99.03775, 19.29629)",Av. Tláhuac - Magdaleno Ita,RTP,Tláhuac,False,0.007269
scenario_metro,METRO,"(-99.0391864, 19.5919951)",La Viga,MEXIBÚS,Ecatepec de Morelos,False,0.007259
scenario_metro,METRO,"(-99.24021, 19.40818)",Bosques de Duraznos,RTP,Miguel Hidalgo,False,0.007257
scenario_metro,METRO,"(-99.11173, 19.26539)",Guadalupe Inclan Ramírez - Tabachines,CC,Xochimilco,False,0.00724
scenario_metro,METRO,"(-99.1436, 19.52237)",Punto 29,CC,Gustavo A. Madero,False,0.007221
scenario_metro,METRO,"(-99.10819, 19.26464)",Pino - Fernando Celada,CC,Xochimilco,False,0.00722
scenario_metro,METRO,"(-99.089843, 19.259815)",Av. Nuevo León y Callejón San Lorenzo,CC,Xochimilco,False,0.00722
scenario_metro,METRO,"(-99.22334, 19.28634)",Tenozique,RTP,Tlalpan,False,0.007213
scenario_metro,METRO,"(-99.22445, 19.36218)",Centenario,RTP,Álvaro Obregón,False,0.007211
scenario_metro,METRO,"(-99.17718, 19.4206)",CETRAM Chapultepec (base),CC,Miguel Hidalgo,False,0.007201
scenario_metro,METRO,"(-99.2781, 19.35172)",Av. Arteaga y Salazar,RTP,Cuajimalpa de Morelos,False,0.007198
scenario_metro,METRO,"(-99.10624, 19.26489)",Pino - Matamoros,CC,Xochimilco,False,0.007176
scenario_metro,METRO,"(-99.00378, 19.34958)",Av. México - Eje 6 Sur Av. de las Torres y Cuauhtémoc,RTP,Iztapalapa,False,0.007174
scenario_metro,METRO,"(-99.20723, 19.34676)",Flor de María,RTP,Álvaro Obregón,False,0.007162
scenario_metro,METRO,"(-99.22996, 19.38416)",Miguel Aleman,RTP,Álvaro Obregón,False,0.007136
scenario_metro,METRO,"(-99.10756, 19.45608)",Río Santa Coleta,MB,Gustavo A. Madero,False,0.007127
scenario_metro,METRO,"(-99.1918, 19.39665)",Barza,RTP,Álvaro Obregón,False,0.007125
scenario_metro,METRO,"(-99.11618, 19.267167)",Prol. Div. Del Norte y Guadalupe I. Ramírez,CC,Xochimilco,False,0.007097
scenario_metro,METRO,"(-99.07908, 19.476)",Loreto Fabela - Puerto Tampico,CC,Gustavo A. Madero,False,0.00708
scenario_metro,METRO,"(-99.20295, 19.45864)",Panteones,METRO,Miguel Hidalgo,False,0.00706
scenario_metro,METRO,"(-99.18598, 19.30308)",Anillo Periférico Blvd. Adolfo Ruiz Cortines - Perisur,RTP,Coyoacán,False,0.007058
scenario_metro,METRO,"(-99.22381, 19.28403)",Piste,RTP,Tlalpan,False,0.007051
scenario_metro,METRO,"(-99.115945, 19.339366)",16 de Septiembre,TROLE,Coyoacán,False,0.007041
scenario_metro,METRO,"(-99.23741, 19.39347)",Frente a Grupo Radio Centro,RTP,Álvaro Obregón,False,0.007032
scenario_metro,METRO,"(-99.12206, 19.40901)",Av. Morelos y Congreso de la Unión,CC,Venustiano Carranza,False,0.007013
scenario_metro,METRO,"(-99.081546, 19.258154)",Zacapa,CC,Xochimilco,False,0.007008
scenario_metro,METRO,"(-99.13665, 19.44662)",González Bocanegra,TROLE,Cuauhtémoc,False,0.006998
scenario_metro,METRO,"(-99.14058, 19.31257)",Textitlán,TL,Coyoacán,False,0.006982
scenario_metro,METRO,"(-99.22624, 19.28315)",Tekax,RTP,Tlalpan,False,0.006971
scenario_metro,METRO,"(-98.97807, 19.34295)",Autopista México-Puebla - La Virgen,RTP,La Paz,False,0.006967
scenario_metro,METRO,"(-99.18046, 19.45672)",Eje 3 Norte Av. Cuitlahuac - México-Tacuba,CC,Miguel Hidalgo,False,0.006965
scenario_metro,METRO,"(-99.156, 19.48985)",Vallejo,METRO,Azcapotzalco,False,0.00696
scenario_metro,METRO,"(-99.23812, 19.40951)",Bosque de Reforma - Bosque de Ciruelos,CC,Miguel Hidalgo,False,0.006958
scenario_metro,METRO,"(-99.23292, 19.40776)",Bosque de Reforma - Paseo de los Ahuehuetes,CC,Miguel Hidalgo,False,0.006954
scenario_metro,METRO,"(-99.18798, 19.37585)",Benvenuto Cellini y Av. Revolución,RTP,Benito Juárez,True,0.006953
scenario_metro,METRO,"(-99.1683, 19.40658)",Chilpancingo,MB,Cuauhtémoc,False,0.006949
scenario_metro,METRO,"(-99.084608, 19.258739)",Av. Nuevo León y Callejón Alcatraz,CC,Xochimilco,False,0.006948
scenario_metro,METRO,"(-99.190437, 19.34404)",Dr. Galvez,CC,Álvaro Obregón,False,0.006945
scenario_metro,METRO,"(-99.20265, 19.45862)",Calz. San Bartolo - Panteón EspaNol,CC,Miguel Hidalgo,False,0.006943
scenario_metro,METRO,"(-99.04876, 19.21325)",Cuitlahuac,RTP,Milpa Alta,False,0.006929
scenario_metro,METRO,"(-99.15154, 19.35175)",Hidalgo,TROLE,Coyoacán,False,0.006928
scenario_metro,METRO,"(-99.24216, 19.40614)",Bosques de Chopos,RTP,Miguel Hidalgo,False,0.006924
scenario_metro,METRO,"(-98.97838, 19.34252)",Autopista México-Puebla - La Virgen,RTP,Iztapalapa,False,0.006885
scenario_metro,METRO,"(-99.18767, 19.45918)",México-Tacuba - Metro Tacuba,CC,Miguel Hidalgo,False,0.006876
scenario_metro,METRO,"(-99.00981, 19.2775)",Ferrocarril San Rafael  Atlixco - Sonido Trece,RTP,Tláhuac,False,0.00687
scenario_metro,METRO,"(-99.21992, 19.31291)",Hospital Ángeles,RTP,Álvaro Obregón,False,0.006864
scenario_metro,METRO,"(-99.19017, 19.361708)",Base CETRAM Barranca del Muerto,CC,Álvaro Obregón,True,0.006845
scenario_metro,METRO,"(-99.19544, 19.38393)",Librería Delti,RTP,Álvaro Obregón,False,0.006832
scenario_metro,METRO,"(-99.13507, 19.48811)",Lindavista,METRO,Gustavo A. Madero,False,0.006818
scenario_metro,METRO,"(-99.18011, 19.30811)",Av. Imán,PUMABUS,Coyoacán,False,0.006816
scenario_metro,METRO,"(-99.16147, 19.24067)",Kilometro 24.5,RTP,Tlalpan,False,0.006815
scenario_metro,METRO,"(-99.22483, 19.28337)",Becal,RTP,Tlalpan,False,0.006799
scenario_metro,METRO,"(-99.11438, 19.43726)",Archivo General de la Nación,MB,Venustiano Carranza,False,0.006763
scenario_metro,METRO,"(-99.21157, 19.3305)",Av. San Jerónimo - Anillo Periférico,RTP,La Magdalena Contreras,False,0.006736
scenario_metro,METRO,"(-99.136934, 19.337805)",Eje 1 Ote. Canal de Miramontes - Ricardo Monges López,CC,Coyoacán,False,0.006735
scenario_metro,METRO,"(-99.080058, 19.257863)",Av. Nuevo León y La Herencia,CC,Xochimilco,False,0.006732
scenario_metro,METRO,"(-99.04355, 19.32806)",Quetzalcóatl,CBB,Iztapalapa,False,0.006716
scenario_metro,METRO,"(-99.18057, 19.36878)",Río Churubusco,MB,Benito Juárez,False,0.006711
scenario_metro,METRO,"(-99.17881, 19.45868)",Eje 3 Norte Av. Cuitlahuac - Mar Mármara,CC,Miguel Hidalgo,False,0.006689
scenario_metro,METRO,"(-99.137449, 19.345314)",Cerro de Jesús - Eje 1 Ote. Canal de Miramontes,CC,Coyoacán,False,0.00665
scenario_metro,METRO,"(-99.23223, 19.38367)",Amado Nervo,RTP,Álvaro Obregón,False,0.006649
scenario_metro,METRO,"(-99.24295, 19.40481)",Bosques de Mangos,RTP,Miguel Hidalgo,False,0.006649
scenario_metro,METRO,"(-99.21027, 19.34564)",Romulo O'Farril,RTP,Álvaro Obregón,False,0.006634
scenario_metro,METRO,"(-99.10728, 19.24631)",Guadalupe Inclan Ramírez - Unidad Infonavit,RTP,Xochimilco,False,0.006628
scenario_metro,METRO,"(-99.237113, 19.356364)",Margarita,CC,Álvaro Obregón,False,0.006628
scenario_metro,METRO,"(-99.15789, 19.52282)",Eje Central y Calle 12,CC,Gustavo A. Madero,False,0.006622
scenario_metro,METRO,"(-99.21204, 19.38377)",Omicron,RTP,Álvaro Obregón,False,0.006606
scenario_metro,METRO,"(-99.25426, 19.34674)",Av. Centenario - Circuito de los Poetas,RTP,Álvaro Obregón,False,0.006594
scenario_metro,METRO,"(-99.08848, 19.47506)",Puerto de Coatzacoalcos,TROLE,Gustavo A. Madero,False,0.006592
scenario_metro,METRO,"(-99.11607, 19.2671)",Prol. División del Norte - Guadalupe I. Ramírez,RTP,Xochimilco,False,0.00659
scenario_metro,METRO,"(-99.23178, 19.359364)",Principal,CC,Álvaro Obregón,False,0.006572
scenario_metro,METRO,"(-99.094121, 19.260721)",Av. Nuevo León y La Gloria,CC,Xochimilco,False,0.006564
scenario_metro,METRO,"(-99.200859, 19.359768)",Luis Kuhne,CC,Álvaro Obregón,False,0.00656
scenario_metro,METRO,"(-99.200814, 19.362516)",Fujiyama,CC,Álvaro Obregón,False,0.006559
scenario_metro,METRO,"(-99.077985, 19.257457)",Av. Nuevo León y Del Puente,CC,Xochimilco,False,0.006554
scenario_metro,METRO,"(-99.18101, 19.33657)",Odontología,RTP,Coyoacán,False,0.006552
scenario_metro,METRO,"(-99.114328, 19.265918)",Av. Guadalupe I. Ramírez y Prol. Div. Del Norte,CC,Xochimilco,False,0.006542
scenario_metro,METRO,"(-99.16058, 19.23947)",Colibri,RTP,Tlalpan,False,0.006539
scenario_metro,METRO,"(-99.14649, 19.49365)",Montevideo,TROLE,Gustavo A. Madero,False,0.006539
scenario_metro,METRO,"(-99.23277, 19.36675)",Puerto Mazatlán,RTP,Álvaro Obregón,False,0.006534
scenario_metro,METRO,"(-99.10542, 19.46083)",Oriente 101,MB,Gustavo A. Madero,False,0.006532
scenario_metro,METRO,"(-99.21548, 19.43263)",Sierra Santa Rosa - Muinura,CC,Miguel Hidalgo,False,0.00653
scenario_metro,METRO,"(-99.19818, 19.30274)",Anillo Periférico Blvd. Adolfo Ruiz Cortines - Camino a Santa Teresa,RTP,Tlalpan,False,0.006521
scenario_metro,METRO,"(-99.21796, 19.28942)",Huehuetan,RTP,Tlalpan,False,0.006508
scenario_metro,METRO,"(-99.19549, 19.38361)",Librería Delti,RTP,Álvaro Obregón,False,0.006492
scenario_metro,METRO,"(-99.03607, 19.29644)",Av. Tláhuac - Ricardo Flores Magón,RTP,Tláhuac,False,0.006482
scenario_metro,METRO,"(-99.19647, 19.49181)",Zempoaltecas,TROLE,Azcapotzalco,False,0.006481
scenario_metro,METRO,"(-99.11837, 19.48174)",La Villa y Basílica,METRO,Gustavo A. Madero,False,0.006461
scenario_metro,METRO,"(-99.118105, 19.338604)",San Francisco,TROLE,Coyoacán,False,0.006461
scenario_metro,METRO,"(-99.12158, 19.41113)",Jamaica,TROLE,Venustiano Carranza,False,0.006457
scenario_metro,METRO,"(-99.10818, 19.24413)",Guadalupe Inclan Ramírez - Río San Lucas,RTP,Xochimilco,False,0.006451
scenario_metro,METRO,"(-99.19719, 19.38336)",Demet,RTP,Álvaro Obregón,False,0.00645
scenario_metro,METRO,"(-99.19496, 19.56526)",San Rafael,SUB,Tlalnepantla de Baz,False,0.00645
scenario_metro,METRO,"(-99.21739, 19.43118)",Sierra Santa Rosa - Calle 4,CC,Miguel Hidalgo,False,0.00644
scenario_metro,METRO,"(-99.18439, 19.33716)",Entrada UNAM,RTP,Coyoacán,False,0.006437
scenario_metro,METRO,"(-99.14529, 19.34945)",Tlalpan - Nadadores,CC,Coyoacán,False,0.006432
scenario_metro,METRO,"(-99.19176, 19.30201)",Anillo Periférico Blvd. Adolfo Ruiz Cortines - Alborada,RTP,Tlalpan,False,0.006428
scenario_metro,METRO,"(-99.18686, 19.30258)",Anillo Periférico Blvd. Adolfo Ruiz Cortines - Insurgentes Sur,RTP,Tlalpan,False,0.006428
scenario_metro,METRO,"(-99.13308, 19.5524)",Rubén LeNero,RTP,Gustavo A. Madero,False,0.006419
scenario_metro,METRO,"(-99.13364, 19.5514)",Rosario Castellanos,RTP,Gustavo A. Madero,False,0.006418
scenario_metro,METRO,"(-99.15713, 19.29403)",Tlalpan y Sillon de Mendoza,CC,Tlalpan,False,0.006406
scenario_metro,METRO,"(-99.19708, 19.38313)",Demet,RTP,Álvaro Obregón,False,0.006403
scenario_metro,METRO,"(-99.1776, 19.33635)",Metro Copilco,RTP,Coyoacán,False,0.006396
scenario_metro,METRO,"(-99.14185, 19.47239)",Norte 1 H,RTP,Gustavo A. Madero,False,0.006389
scenario_metro,METRO,"(-99.113874, 19.32665)",Av. Carlota Armero - Mariquita Sánchez,CC,Coyoacán,False,0.006385
scenario_metro,METRO,"(-99.05985, 19.38903)",Constitución de Apatztingán,MB,Iztapalapa,False,0.006381
scenario_metro,METRO,"(-99.24633, 19.40183)",Bosques de Maples,RTP,Miguel Hidalgo,False,0.006379
scenario_metro,METRO,"(-99.1339, 19.44945)",Flores Magón,TROLE,Cuauhtémoc,False,0.006375
scenario_metro,METRO,"(-99.18697, 19.53481)",Suburbano,CC,Tlalnepantla de Baz,False,0.006372
scenario_metro,METRO,"(-99.21989, 19.43027)",Sierra Santa Rosa - Calle 10,CC,Miguel Hidalgo,False,0.006361
scenario_metro,METRO,"(-99.0913, 19.24796)",Prolongación Cuauhtémoc,RTP,Xochimilco,False,0.006359
scenario_metro,METRO,"(-99.2632, 19.35625)",Francisco José Serrano,RTP,Cuajimalpa de Morelos,False,0.006355
scenario_metro,METRO,"(-99.047563, 19.209302)",San Gregorio - Oaxtepec y Niños Héroes,CC,Milpa Alta,False,0.006348
scenario_metro,METRO,"(-99.08908, 19.2477)",Desiderio Peña,RTP,Xochimilco,False,0.006344
scenario_metro,METRO,"(-99.23335, 19.38346)",Paso Chabacano,RTP,Álvaro Obregón,False,0.006332
scenario_metro,METRO,"(-99.21983, 19.37891)",Manuel Avila Camacho,RTP,Álvaro Obregón,False,0.006329
scenario_metro,METRO,"(-99.21321, 19.38384)",Cerrada Chicago,RTP,Álvaro Obregón,False,0.006329
scenario_metro,METRO,"(-99.24975, 19.37805)",Colonia Madrazo,RTP,Álvaro Obregón,False,0.006317
scenario_metro,METRO,"(-99.14681, 19.4991)",Cerrada Manuel Stampa,TROLE,Gustavo A. Madero,False,0.006317
scenario_metro,METRO,"(-99.22878, 19.28308)",Seye,RTP,Tlalpan,False,0.006314
scenario_metro,METRO,"(-99.19909, 19.38244)",Prolongación San Antonio,RTP,Álvaro Obregón,False,0.006314
scenario_metro,METRO,"(-99.11163, 19.38632)",Colegio de Bachilleres 3,MB,Iztacalco,False,0.006311
scenario_metro,METRO,"(-99.16344, 19.2866)",Tlalpan - Morelos,CC,Tlalpan,False,0.006309
scenario_metro,METRO,"(-99.21351, 19.35753)",Isla,RTP,Álvaro Obregón,False,0.006304
scenario_metro,METRO,"(-99.19901, 19.38275)",Alta Tension 2,RTP,Álvaro Obregón,False,0.006294
scenario_metro,METRO,"(-99.24053, 19.40748)",Bosques de Reforma - Bosques de Duraznos,CC,Miguel Hidalgo,False,0.006284
scenario_metro,METRO,"(-99.10741, 19.45599)",Río Santa Coleta,MB,Gustavo A. Madero,False,0.006283
scenario_metro,METRO,"(-99.23969, 19.36619)",Arrayan,RTP,Álvaro Obregón,False,0.006282
scenario_metro,METRO,"(-99.1457, 19.49296)",Montevideo,TROLE,Gustavo A. Madero,False,0.006281
scenario_metro,METRO,"(-99.22135, 19.42997)",Sierra Santa Rosa - Calle 13,CC,Miguel Hidalgo,False,0.006276
scenario_metro,METRO,"(-99.18675, 19.59921)",Lechería,SUB,Tultitlán,False,0.006269
scenario_metro,METRO,"(-99.10516, 19.22362)",Vicente Guerrero - Tlacomulco,RTP,Xochimilco,False,0.006267
scenario_metro,METRO,"(-99.22658, 19.36817)",Segunda Cerrada de Santa Lucia,RTP,Álvaro Obregón,False,0.006263
scenario_metro,METRO,"(-99.15044, 19.50559)",Miguel Othon de Mendizabal - Eje Central 100 Metros,RTP,Gustavo A. Madero,False,0.006257
scenario_metro,METRO,"(-99.25014, 19.36184)",San Luis,RTP,Álvaro Obregón,False,0.006249
scenario_metro,METRO,"(-99.23151, 19.28285)",Sudsal,RTP,Tlalpan,False,0.006242
scenario_metro,METRO,"(-99.22954, 19.28291)",Chicoasen,RTP,Tlalpan,False,0.006237
scenario_metro,METRO,"(-99.11254, 19.40841)",Mixiuhca,TROLE,Venustiano Carranza,False,0.006237
scenario_metro,METRO,"(-99.10834, 19.45359)",Río Consulado,MB,Gustavo A. Madero,False,0.006228
scenario_metro,METRO,"(-99.23588, 19.36747)",Eucalipto,RTP,Álvaro Obregón,False,0.006226
scenario_metro,METRO,"(-99.11082, 19.38283)",Canal de Apatlaco,MB,Iztacalco,False,0.006222
scenario_metro,METRO,"(-99.22031, 19.31223)",Hospital Ángeles,RTP,La Magdalena Contreras,False,0.006219
scenario_metro,METRO,"(-99.12006, 19.337491)",Miguel Hidalgo,TROLE,Coyoacán,False,0.006218
scenario_metro,METRO,"(-99.15933, 19.23694)",Kilometro 25,RTP,Tlalpan,False,0.006217
scenario_metro,METRO,"(-99.00248, 19.35737)",Av. Santiago - Eje 8 Sur Av. Calz. Ermita Iztapalapa,RTP,Iztapalapa,False,0.006209
scenario_metro,METRO,"(-99.1821, 19.47444)",Nubia,TROLE,Azcapotzalco,False,0.006207
scenario_metro,METRO,"(-99.072437, 19.25628)",Av. Nuevo León y Ignacio Zaragoza,CC,Xochimilco,False,0.006194
scenario_metro,METRO,"(-99.075704, 19.25698)",Av. Nuevo León y Puente de Urrutia,CC,Xochimilco,False,0.006187
scenario_metro,METRO,"(-99.25122, 19.36128)",Moctezuma,RTP,Álvaro Obregón,False,0.006186
scenario_metro,METRO,"(-99.18797, 19.37585)",Mixcoac Sur,TROLE,Benito Juárez,True,0.006184
scenario_metro,METRO,"(-99.108451, 19.264699)",Av. Guadalupe I. Ramírez y Gladiola,CC,Xochimilco,False,0.006157
scenario_metro,METRO,"(-99.122502, 19.337629)",Escuela Naval Militar,TROLE,Coyoacán,False,0.006154
scenario_metro,METRO,"(-99.19358, 19.37251)",Sassoferrato,RTP,Álvaro Obregón,False,0.00615
scenario_metro,METRO,"(-99.0522, 19.42962)",Anillo Periférico Canal de Garay - Av. Bordo de Xochiaca,RTP,Nezahualcóyotl,False,0.006147
scenario_metro,METRO,"(-99.0333429, 19.6035542)",Puente de Fierro,MEXIBÚS,Ecatepec de Morelos,False,0.006146
scenario_metro,METRO,"(-99.24543, 19.36448)",San Miguel,RTP,Álvaro Obregón,False,0.00614
scenario_metro,METRO,"(-99.23493, 19.38339)",Diego de Ordaz,RTP,Álvaro Obregón,False,0.006134
scenario_metro,METRO,"(-99.17929, 19.47163)",Norte 87,TROLE,Azcapotzalco,False,0.00612
scenario_metro,METRO,"(-99.25012, 19.39801)",Bosques de Ailes,RTP,Miguel Hidalgo,False,0.006114
scenario_metro,METRO,"(-99.109, 19.37808)",Apatlaco,MB,Iztapalapa,False,0.006111
scenario_metro,METRO,"(-99.16665, 19.44427)",Ribera de San Cosme - Lauro Aguirre,RTP,Miguel Hidalgo,False,0.006105
scenario_metro,METRO,"(-99.22488, 19.43033)",Puente de Tecamachalco - Calle 19,CC,Miguel Hidalgo,False,0.006102
scenario_metro,METRO,"(-99.07778, 19.47929)",Deportivo Los Galeana,TROLE,Gustavo A. Madero,False,0.006095
scenario_metro,METRO,"(-99.13465, 19.51989)",Frente a Lechería,RTP,Gustavo A. Madero,False,0.006093
scenario_metro,METRO,"(-99.2575, 19.37439)",Guillermo Haro,RTP,Álvaro Obregón,False,0.006088
scenario_metro,METRO,"(-99.16353, 19.37025)",Av. México,TROLE,Benito Juárez,False,0.006082
scenario_metro,METRO,"(-99.13442, 19.5045)",Palmas,RTP,Gustavo A. Madero,False,0.006077
scenario_metro,METRO,"(-99.10124, 19.25256)",Lirio Acuatico,RTP,Xochimilco,False,0.006068
scenario_metro,METRO,"(-99.11234, 19.46408)",Congreso de la Unión y Ángel Albino,CC,Gustavo A. Madero,False,0.006065
scenario_metro,METRO,"(-99.19853, 19.49559)",Ahuehuetes,TROLE,Azcapotzalco,False,0.006062
scenario_metro,METRO,"(-99.06651, 19.255071)",Av. Chapultepec y Adolfo Lopez Mateos,CC,Xochimilco,False,0.006058
scenario_metro,METRO,"(-99.140811, 19.341717)",Tasqueña,TROLE,Coyoacán,False,0.006055
scenario_metro,METRO,"(-99.22857, 19.31029)",Pachuca,RTP,La Magdalena Contreras,False,0.006053
scenario_metro,METRO,"(-99.21449, 19.38358)",Cerrada Chicago,RTP,Álvaro Obregón,False,0.006051
scenario_metro,METRO,"(-99.03222, 19.33985)",Av. de las Torres - Insurgentes,RTP,Iztapalapa,False,0.006051
scenario_metro,METRO,"(-99.13095, 19.45279)",Canal del Norte,TROLE,Cuauhtémoc,False,0.006051
scenario_metro,METRO,"(-99.08599, 19.47459)",Puerto de San Blas,TROLE,Gustavo A. Madero,False,0.006044
scenario_metro,METRO,"(-99.24343, 19.36553)",Privada Cantera,RTP,Álvaro Obregón,False,0.00604
scenario_metro,METRO,"(-99.25558, 19.3759)",Manuel Sandoval,RTP,Álvaro Obregón,False,0.006037
scenario_metro,METRO,"(-99.20542, 19.38314)",Matagalpinos,RTP,Álvaro Obregón,False,0.006034
scenario_metro,METRO,"(-99.10317, 19.48094)",Hospital de la Villa,TROLE,Gustavo A. Madero,False,0.006032
scenario_metro,METRO,"(-99.188, 19.37177)",José del Castillo,RTP,Benito Juárez,False,0.006027
scenario_metro,METRO,"(-99.15142, 19.50519)",Othon de Mendizabal,RTP,Gustavo A. Madero,False,0.006022
scenario_metro,METRO,"(-99.22318, 19.42981)",Sierra Santa Rosa - Calle 16,CC,Miguel Hidalgo,False,0.006013
scenario_metro,METRO,"(-99.20211, 19.38281)",Primera Cerrada de Minas,RTP,Álvaro Obregón,False,0.006013
scenario_metro,METRO,"(-99.23152, 19.28275)",Sudzal,RTP,Tlalpan,False,0.006012
scenario_metro,METRO,"(-99.22083, 19.31126)",Retorno Fuente de los Molinos,RTP,La Magdalena Contreras,False,0.005998
scenario_metro,METRO,"(-99.07905, 19.47599)",Puerto de Tampico,TROLE,Gustavo A. Madero,False,0.005995
scenario_metro,METRO,"(-99.13266, 19.55314)",Darío Fernandez,RTP,Gustavo A. Madero,False,0.005974
scenario_metro,METRO,"(-99.23622, 19.38291)",Violeta,RTP,Álvaro Obregón,False,0.005974
scenario_metro,METRO,"(-99.20577, 19.30709)",Camino a Santa Teresa,RTP,Álvaro Obregón,False,0.005974
scenario_metro,METRO,"(-99.11412, 19.32383)",Av. Carlota Armero - Av. Manuela Sáenz,CC,Coyoacán,False,0.005972
scenario_metro,METRO,"(-99.13257, 19.45115)",Tlatelolco,TROLE,Cuauhtémoc,False,0.005969
scenario_metro,METRO,"(-99.04731, 19.20904)",Carretera a Oaxtepec 2,RTP,Milpa Alta,False,0.005969
scenario_metro,METRO,"(-99.18924, 19.36319)",Barranca del Muerto,RTP,Benito Juárez,False,0.00596
scenario_metro,METRO,"(-99.1113, 19.22291)",Carretera Xochimilco-San Pablo - Progreso,RTP,Xochimilco,False,0.005953
scenario_metro,METRO,"(-99.20203, 19.3479)",Camino al Desierto de los Leones,RTP,Álvaro Obregón,False,0.005952
scenario_metro,METRO,"(-99.141393, 19.34183)",Calzada de Tlalpan - Av. De las Torres,CC,Coyoacán,False,0.005951
scenario_metro,METRO,"(-99.06013, 19.34447)",Calz. Ermita Iztapalapa - Periférico,RTP,Iztapalapa,False,0.00595
scenario_metro,METRO,"(-99.02571, 19.34475)",Calz. Ermita Iztapalapa - Jalisco,RTP,Iztapalapa,False,0.005937
scenario_metro,METRO,"(-99.20678, 19.35829)",Alfonso Caso,RTP,Álvaro Obregón,False,0.005927
scenario_metro,METRO,"(-99.24832, 19.37909)",Glorieta Vasco de Quiroga,RTP,Álvaro Obregón,False,0.005923
scenario_metro,METRO,"(-99.08593, 19.50711)",Río de los Remedios,MB,Gustavo A. Madero,False,0.00592
scenario_metro,METRO,"(-99.26078, 19.37536)",Prol. Paseo de la Reforma - Paseo de los Tamarindos,RTP,Álvaro Obregón,False,0.005917
scenario_metro,METRO,"(-99.252, 19.37763)",Av. Vasco de Quiroga - Televisa Santa Fe,RTP,Álvaro Obregón,False,0.005913
scenario_metro,METRO,"(-99.189869, 19.346016)",Av. De la Paz,CC,Álvaro Obregón,False,0.005908
scenario_metro,METRO,"(-99.14396, 19.49762)",Vía Ceti,TROLE,Gustavo A. Madero,False,0.005895
scenario_metro,METRO,"(-99.0432797, 19.5711221)",Siervo de la Nación,MEXIBÚS,Ecatepec de Morelos,False,0.005885
scenario_metro,METRO,"(-99.0532, 19.43075)",Anillo Periférico Canal de Garay - Primera Avenida,RTP,Venustiano Carranza,False,0.005879
scenario_metro,METRO,"(-99.10541, 19.25539)",Prolongación 16 de Septiembre,RTP,Xochimilco,True,0.005874
scenario_metro,METRO,"(-99.2541, 19.35978)",Ignacio López Rayón,RTP,Álvaro Obregón,False,0.00587
scenario_metro,METRO,"(-99.24634, 19.37919)",General Antonio Rosales,RTP,Álvaro Obregón,False,0.005866
scenario_metro,METRO,"(-99.15742, 19.23548)",Kilometro 25.5,RTP,Tlalpan,False,0.005866
scenario_metro,METRO,"(-99.0990952, 19.5177238)",Periférico,MEXIBÚS,Tlalnepantla de Baz,False,0.005864
scenario_metro,METRO,"(-99.14284, 19.52177)",Av. Temoluco,CC,Gustavo A. Madero,False,0.005859
scenario_metro,METRO,"(-99.13231, 19.49662)",Frente a Dominos,RTP,Gustavo A. Madero,False,0.005855
scenario_metro,METRO,"(-99.17105, 19.47006)",Soriana Cuitláhuac,TROLE,Azcapotzalco,False,0.00585
scenario_metro,METRO,"(-99.12547, 19.29287)",Acoxpa - Miramontes,RTP,Tlalpan,False,0.005848
scenario_metro,METRO,"(-99.00342, 19.35739)",Rafael Reyes - Eje 8 Sur Calz. Ermita Iztapalapa,RTP,Iztapalapa,False,0.005834
scenario_metro,METRO,"(-99.20204, 19.38256)",Primera Cerrada de Minas,RTP,Álvaro Obregón,False,0.005833
scenario_metro,METRO,"(-99.068492, 19.255465)",Av. Nuevo León y La Huerta,CC,Xochimilco,False,0.005831
scenario_metro,METRO,"(-99.25619, 19.35836)",Ignacio Zaragoza,RTP,Álvaro Obregón,False,0.005829
scenario_metro,METRO,"(-99.2374, 19.38275)",Polvoras,RTP,Álvaro Obregón,False,0.005825
scenario_metro,METRO,"(-99.05338, 19.43077)",Alameda Oriente,MB,Venustiano Carranza,False,0.005818
scenario_metro,METRO,"(-99.24307, 19.38042)",Porfirio Díaz,RTP,Álvaro Obregón,False,0.005814
scenario_metro,METRO,"(-99.1003, 19.2205)",Hombres Ilustres - Cerrada de Hombres Ilustres,RTP,Xochimilco,False,0.005812
scenario_metro,METRO,"(-99.05852, 19.42111)",Calle 6,MB,Venustiano Carranza,False,0.005809
scenario_metro,METRO,"(-99.14045, 19.52456)",Xicotencatl,RTP,Gustavo A. Madero,False,0.005795
scenario_metro,METRO,"(-99.07922, 19.475728)",Puerto Tampico y José Loreto Fabela,CC,Gustavo A. Madero,False,0.005789
scenario_metro,METRO,"(-99.19289, 19.47125)",5 de Mayo - Frente a Walmart,CC,Azcapotzalco,False,0.005785
scenario_metro,METRO,"(-98.9954, 19.348)",Pipila - Eje 6 Sur Av. de las Torres,RTP,Iztapalapa,False,0.005782
scenario_metro,METRO,"(-99.21855, 19.37889)",Hermanos Vivaldi,RTP,Álvaro Obregón,False,0.005779
scenario_metro,METRO,"(-99.10534, 19.48204)",Martín Carrera,MB,Gustavo A. Madero,False,0.005779
scenario_metro,METRO,"(-99.09258, 19.47704)",Gran Canal,TROLE,Gustavo A. Madero,False,0.005776
scenario_metro,METRO,"(-99.21566, 19.38332)",Luis Gonzaga Urbina,RTP,Álvaro Obregón,False,0.005772
scenario_metro,METRO,"(-99.104653, 19.255214)",Cam. a Nativitas y Av. 16 de Septiembre,CC,Xochimilco,False,0.005767
scenario_metro,METRO,"(-99.25224, 19.39718)",Magnolia,RTP,Miguel Hidalgo,False,0.005761
scenario_metro,METRO,"(-99.13173, 19.55487)",Mauricio Gómez,RTP,Gustavo A. Madero,False,0.00576
scenario_metro,METRO,"(-99.24116, 19.38126)",Hidalgo,RTP,Álvaro Obregón,False,0.005759
scenario_metro,METRO,"(-99.28322, 19.35018)",Frente a No. 1160,RTP,Cuajimalpa de Morelos,False,0.005759
scenario_metro,METRO,"(-99.17351, 19.25897)",Callejón Las Torres y Kilometro 21,RTP,Tlalpan,False,0.005758
scenario_metro,METRO,"(-99.14876, 19.5008)",Diana,CC,Gustavo A. Madero,False,0.005756
scenario_metro,METRO,"(-99.08555, 19.35595)",Calz. Ermita Iztapalapa - Metro Cerro de la Estrella,RTP,Iztapalapa,False,0.00575
scenario_metro,METRO,"(-99.2397, 19.38191)",Corregidora,RTP,Álvaro Obregón,False,0.00575
scenario_metro,METRO,"(-99.15067, 19.4458)",Norte y Aldama,CC,Cuauhtémoc,False,0.005746
scenario_metro,METRO,"(-99.16101, 19.29122)",Tlalpan - Coapa,CC,Tlalpan,False,0.005743
scenario_metro,METRO,"(-99.081307, 19.449568)",Av. Oceanía y Deportivo Oceanía,CC,Venustiano Carranza,False,0.00574
scenario_metro,METRO,"(-99.24287, 19.38737)",Av. Constituyentes - Puente Conafrut,RTP,Miguel Hidalgo,False,0.005738
scenario_metro,METRO,"(-99.15193, 19.52629)",Insula,CC,Gustavo A. Madero,False,0.005725
scenario_metro,METRO,"(-99.183481, 19.5994962)",Lechería,MEXIBÚS,Tultitlán,True,0.005716
scenario_metro,METRO,"(-99.056647, 19.246747)",Av. Cuauhtémoc y Pirules,CC,Xochimilco,False,0.005712
scenario_metro,METRO,"(-99.23236, 19.27856)",Tixmehuac,RTP,Tlalpan,False,0.005712
scenario_metro,METRO,"(-99.15179, 19.35908)",Ajusco,TROLE,Benito Juárez,False,0.005709
scenario_metro,METRO,"(-99.10136, 19.48063)",San Juan,TROLE,Gustavo A. Madero,False,0.005703
scenario_metro,METRO,"(-99.16671, 19.27986)",Tlalpan e Insurgentes,CC,Tlalpan,False,0.005703
scenario_metro,METRO,"(-99.099318, 19.396496)",Rio churubusco y Plutarco Elías Calles,CC,Iztacalco,False,0.0057
scenario_metro,METRO,"(-99.1152, 19.43122)",San Lázaro Norte,MB,Venustiano Carranza,False,0.005695
scenario_metro,METRO,"(-99.13198, 19.55973)",José Mojica,RTP,Gustavo A. Madero,False,0.005686
scenario_metro,METRO,"(-99.11176, 19.22161)",Ignacio Allende - Parda,RTP,Xochimilco,False,0.00568
scenario_metro,METRO,"(-99.18928, 19.37275)",Miguel Ángel,RTP,Benito Juárez,False,0.005678
scenario_metro,METRO,"(-99.136763, 19.333247)",Canal de Miramontes y M.H. Pulido,CC,Coyoacán,False,0.005674
scenario_metro,METRO,"(-99.22305, 19.27442)",Yobain,RTP,Tlalpan,False,0.005669
scenario_metro,METRO,"(-99.19392, 19.37211)",Sassoferrato,RTP,Álvaro Obregón,False,0.005661
scenario_metro,METRO,"(-99.24411, 19.38011)",Porfirio Diaz,RTP,Álvaro Obregón,False,0.005659
scenario_metro,METRO,"(-99.131698, 19.476713)",Base CETRAM Metro Potrero y,CC,Gustavo A. Madero,True,0.005653
scenario_metro,METRO,"(-99.18422, 19.47736)",22 de Febrero,TROLE,Azcapotzalco,False,0.005649
scenario_metro,METRO,"(-99.09635, 19.21747)",Hombres Ilustres - Frente a No. 387,RTP,Xochimilco,False,0.005644
scenario_metro,METRO,"(-99.25937, 19.37294)",Roberto Medellin,RTP,Álvaro Obregón,False,0.00564
scenario_metro,METRO,"(-99.15728, 19.23528)",Carretera Federal a Cuernavaca - Km 25.5 México Ajusco,RTP,Tlalpan,False,0.005638
scenario_metro,METRO,"(-99.23954, 19.39386)",Frente a Torre Lomas Altas,RTP,Miguel Hidalgo,False,0.005637
scenario_metro,METRO,"(-99.10602, 19.25226)",Base Deportivo Xochimilco,CC,Xochimilco,False,0.005622
scenario_metro,METRO,"(-99.20759, 19.37296)",Calle 11,RTP,Álvaro Obregón,False,0.005615
scenario_metro,METRO,"(-99.0416999, 19.5826449)",Laureles,MEXIBÚS,Ecatepec de Morelos,False,0.005612
scenario_metro,METRO,"(-99.23249, 19.28003)",Con Kal,RTP,Tlalpan,False,0.005602
scenario_metro,METRO,"(-99.09715, 19.47892)",Eduardo Molina,TROLE,Gustavo A. Madero,False,0.0056
scenario_metro,METRO,"(-99.195475, 19.365689)",Av. Centenario,CC,Álvaro Obregón,False,0.005598
scenario_metro,METRO,"(-99.17842, 19.42387)",Tolstoi y Mariano Escobedo,CC,Miguel Hidalgo,False,0.005593
scenario_metro,METRO,"(-99.02863, 19.34448)",Calz. Ermita Iztapalapa - El Llano,RTP,Iztapalapa,False,0.005591
scenario_metro,METRO,"(-99.0193088, 19.6125752)",Izcalli Palomas,MEXIBÚS,Ecatepec de Morelos,False,0.005588
scenario_metro,METRO,"(-99.09043, 19.47616)",Puerto de Cádiz,TROLE,Gustavo A. Madero,False,0.005587
scenario_metro,METRO,"(-99.128156, 19.475223)",Fundidora de Monterrey y Alpina,CC,Gustavo A. Madero,False,0.005587
scenario_metro,METRO,"(-99.1651, 19.28176)",Tezoquipa,RTP,Tlalpan,False,0.005583
scenario_metro,METRO,"(-99.23442, 19.27699)",Tinum y Dzemul,RTP,Tlalpan,False,0.005583
scenario_metro,METRO,"(-99.28613, 19.34984)",Tinajas,RTP,Cuajimalpa de Morelos,False,0.005575
scenario_metro,METRO,"(-99.20389, 19.37291)",Alta Tensión,RTP,Álvaro Obregón,False,0.00557
scenario_metro,METRO,"(-99.19972, 19.37262)",Rosa Blanca,RTP,Álvaro Obregón,False,0.00557
scenario_metro,METRO,"(-99.20177, 19.37278)",Rosa Verde,RTP,Álvaro Obregón,False,0.00557
scenario_metro,METRO,"(-99.19773, 19.37277)",Rosa Esmeralda,RTP,Álvaro Obregón,False,0.00557
scenario_metro,METRO,"(-99.19656, 19.3725)",Rosa Bengala,RTP,Álvaro Obregón,False,0.00557
scenario_metro,METRO,"(-99.20581, 19.37282)",Calle 7,RTP,Álvaro Obregón,False,0.00557
scenario_metro,METRO,"(-99.09596, 19.39655)",Iztacalco,MB,Iztacalco,False,0.005563
scenario_metro,METRO,"(-99.18034, 19.45644)",Calz. México-Tacuba - Av. Cuitlahuac,RTP,Miguel Hidalgo,False,0.005558
scenario_metro,METRO,"(-99.11526, 19.28954)",Periférico - Eje 3 Oriente Cafetales,CC,Tlalpan,False,0.005555
scenario_metro,METRO,"(-99.10112, 19.38584)",Río Churubusco,TROLE,Iztacalco,False,0.005552
scenario_metro,METRO,"(-99.12133, 19.40925)",Congreso de la Unión,TROLE,Venustiano Carranza,False,0.00555
scenario_metro,METRO,"(-99.18709, 19.37386)",Av. Patriotismo - Parque Goya,RTP,Benito Juárez,False,0.005545
scenario_metro,METRO,"(-99.16324, 19.42413)",Glorieta Insurgentes,MB,Cuauhtémoc,False,0.005545
scenario_metro,METRO,"(-99.1736, 19.32959)",Jilotzingo,RTP,Coyoacán,False,0.005542
scenario_metro,METRO,"(-99.23413, 19.2784)",Tinum,RTP,Tlalpan,False,0.005541
scenario_metro,METRO,"(-99.19935, 19.33411)",Iglesia,RTP,Coyoacán,False,0.00554
scenario_metro,METRO,"(-99.23413, 19.27833)",Tixmehuac,RTP,Tlalpan,False,0.005539
scenario_metro,METRO,"(-99.15432, 19.43939)",Puente de Alvarado - Metro Revolución,CC,Cuauhtémoc,False,0.005538
scenario_metro,METRO,"(-99.23235, 19.28007)",Conkal,RTP,Tlalpan,False,0.005536
scenario_metro,METRO,"(-99.08664, 19.19165)",Av. José María Morelos-Fernando Montes de Oca,RTP,Milpa Alta,False,0.005532
scenario_metro,METRO,"(-99.04907, 19.34228)",Calz. Ermita Iztapalapa - Hotel Pegaso (Hidalgo),RTP,Iztapalapa,False,0.005529
scenario_metro,METRO,"(-99.16206, 19.29009)",San Fernando,RTP,Tlalpan,False,0.005525
scenario_metro,METRO,"(-99.19549, 19.47194)",5 de Mayo - Glicerina,CC,Azcapotzalco,False,0.005514
scenario_metro,METRO,"(-99.11397, 19.32421)",Manuela Sáenz,MB,Coyoacán,False,0.005512
scenario_metro,METRO,"(-99.18285, 19.36176)",José María Velasco,MB,Álvaro Obregón,False,0.005508
scenario_metro,METRO,"(-99.19011, 19.3633)",Tiburcio Sanchez de la Barquera,RTP,Benito Juárez,False,0.005506
scenario_metro,METRO,"(-99.17364, 19.32333)",Cetram Universidad anden B,RTP,Coyoacán,False,0.005503
scenario_metro,METRO,"(-99.20799, 19.3841)",Mercurio,RTP,Álvaro Obregón,False,0.005498
scenario_metro,METRO,"(-99.0712399, 19.5327413)",Monumento a Morelos,MEXIBÚS,Ecatepec de Morelos,False,0.005496
scenario_metro,METRO,"(-99.0822396, 19.5270522)",Clínica 76,MEXIBÚS,Ecatepec de Morelos,False,0.005496
scenario_metro,METRO,"(-99.21735, 19.38356)",Guadalupe Victoria,RTP,Álvaro Obregón,False,0.005494
scenario_metro,METRO,"(-99.23895, 19.33346)",Av. Carlos Lazo - Av. de los Tanques,RTP,Álvaro Obregón,False,0.005479
scenario_metro,METRO,"(-99.03162, 19.33848)",Av. de las Torres - Calle Reforma Liberal,RTP,Iztapalapa,False,0.005479
scenario_metro,METRO,"(-99.19016, 19.43366)",Av. Horacio y Arquímedes,CC,Miguel Hidalgo,False,0.005475
scenario_metro,METRO,"(-99.13491, 19.55767)",Apango,RTP,Gustavo A. Madero,False,0.005465
scenario_metro,METRO,"(-99.26082, 19.37499)",Base Paseo de los Tamarindos,CC,Álvaro Obregón,False,0.005463
scenario_metro,METRO,"(-99.1529, 19.22519)",Km 27,RTP,Xochimilco,False,0.005462
scenario_metro,METRO,"(-99.18516, 19.35463)",Olivo,MB,Álvaro Obregón,False,0.005459
scenario_metro,METRO,"(-99.17094, 19.26694)",San Pedro Mártir,RTP,Tlalpan,False,0.005445
scenario_metro,METRO,"(-99.03256, 19.34413)",Calz. Ermita Iztapalapa - Tinacos,RTP,Iztapalapa,False,0.005429
scenario_metro,METRO,"(-99.09652, 19.47831)",Clínica 23 IMSS,TROLE,Gustavo A. Madero,False,0.005426
scenario_metro,METRO,"(-99.25947, 19.3918)",Bosques de Reforma - Bosque de Cacaos,CC,Cuajimalpa de Morelos,False,0.005414
scenario_metro,METRO,"(-99.25417, 19.34768)",Av. Centenario - Frente  a 1825,RTP,Álvaro Obregón,False,0.005412
scenario_metro,METRO,"(-99.101191, 19.252534)",Cam. A Nativitas y Lirio Acuatico,CC,Xochimilco,False,0.005407
scenario_metro,METRO,"(-99.11065, 19.22369)",Carretera Xochimilco-San Pablo - Cuauhtémoc,RTP,Xochimilco,False,0.005405
scenario_metro,METRO,"(-99.19692, 19.47235)",5 de Mayo - Norte 135A,CC,Azcapotzalco,False,0.005404
scenario_metro,METRO,"(-99.26011, 19.37215)",Joaquin Gallo,RTP,Álvaro Obregón,False,0.005403
scenario_metro,METRO,"(-99.18728, 19.37235)",Río Mixcoac,RTP,Benito Juárez,False,0.005402
scenario_metro,METRO,"(-99.17992, 19.23272)",Trabajo,RTP,Tlalpan,False,0.005402
scenario_metro,METRO,"(-99.2247, 19.27487)",Tekit 2,RTP,Tlalpan,False,0.005391
scenario_metro,METRO,"(-99.14956, 19.50054)",Frente a Metro Politécnico,RTP,Gustavo A. Madero,False,0.005377
scenario_metro,METRO,"(-99.1681, 19.27425)",Chimalcoyotl - Cristobal Colon,CC,Tlalpan,False,0.005371
scenario_metro,METRO,"(-99.11163, 19.31634)",Tepetlapa,MB,Coyoacán,False,0.005362
scenario_metro,METRO,"(-99.16741, 19.27925)",Tlalpan y La Joya,CC,Tlalpan,False,0.005353
scenario_metro,METRO,"(-99.16914, 19.47065)",Av. Nueces,TROLE,Azcapotzalco,False,0.005352
scenario_metro,METRO,"(-99.14242, 19.50873)",Miguel Othon de Mendizabal - Santa Ana Norte,RTP,Gustavo A. Madero,False,0.00535
scenario_metro,METRO,"(-99.13203, 19.47509)",Excelsior - Ing. Claudio Castro,CC,Gustavo A. Madero,False,0.005341
scenario_metro,METRO,"(-99.0371508, 19.5965428)",San Cristóbal,MEXIBÚS,Ecatepec de Morelos,False,0.00534
scenario_metro,METRO,"(-99.24224, 19.38059)",Tlapechico,RTP,Álvaro Obregón,False,0.005336
scenario_metro,METRO,"(-99.19165, 19.44677)",Lago Chiem - Lago Naur,CC,Miguel Hidalgo,False,0.005335
scenario_metro,METRO,"(-99.19491, 19.33623)",clinicas,RTP,Álvaro Obregón,False,0.005323
scenario_metro,METRO,"(-99.19861, 19.33501)",Av. Pleuderon,RTP,Coyoacán,False,0.005323
scenario_metro,METRO,"(-99.16806, 19.2744)",Tepehuanos La Joya,RTP,Tlalpan,False,0.005312
scenario_metro,METRO,"(-99.077297, 19.48066)",José Loreto Fabela y Av. Francisco Morazán,CC,Gustavo A. Madero,False,0.005309
scenario_metro,METRO,"(-99.10437, 19.48504)",Martín Carrera,METRO,Gustavo A. Madero,False,0.005301
scenario_metro,METRO,"(-99.01549, 19.35252)",eje 6 Sur Av. de las Torres - Eje 8 Sur Calz. Ermita Iztapalapa,RTP,Iztapalapa,False,0.005284
scenario_metro,METRO,"(-99.140243, 19.34316)",CETRAM STC Metro Tasqueña,CC,Coyoacán,False,0.005274
scenario_metro,METRO,"(-99.10402, 19.48481)",Av. Ferrocarril Hidalgo - Metro Martín Carrera,RTP,Gustavo A. Madero,False,0.005273
scenario_metro,METRO,"(-99.08473, 19.19098)",Av. José María Morelos-Venustiano Carranza,RTP,Milpa Alta,False,0.00526
scenario_metro,METRO,"(-99.14048, 19.34368)",Tasqueña,TL,Coyoacán,False,0.005259
scenario_metro,METRO,"(-99.09916, 19.22206)",Hombres Ilustres - Vicente Guerrero,RTP,Xochimilco,False,0.005258
scenario_metro,METRO,"(-99.17142, 19.2752)",Cristobal Colón - Otomíes,CC,Tlalpan,False,0.005256
scenario_metro,METRO,"(-99.1877, 19.37267)",Av. Revolución,RTP,Benito Juárez,False,0.005256
scenario_metro,METRO,"(-99.1399, 19.50973)",Othon de Mendizabal,RTP,Gustavo A. Madero,False,0.005255
scenario_metro,METRO,"(-99.233188, 19.358482)",Angel Reyes,CC,Álvaro Obregón,False,0.005242
scenario_metro,METRO,"(-99.26164, 19.35608)",Coral,RTP,Cuajimalpa de Morelos,False,0.005241
scenario_metro,METRO,"(-99.26103, 19.38958)",Stim - Tercera Stim,CC,Cuajimalpa de Morelos,False,0.005241
scenario_metro,METRO,"(-99.21923, 19.42759)",Paseo de las Palmas - Sierra Gorda,CC,Miguel Hidalgo,False,0.005241
scenario_metro,METRO,"(-99.15961, 19.52348)",Juventino Rosas,CC,Gustavo A. Madero,False,0.005238
scenario_metro,METRO,"(-99.18198, 19.43331)",Horacio,TROLE,Miguel Hidalgo,False,0.005225
scenario_metro,METRO,"(-99.08693, 19.30413)",Canal de Chalco - Anillo Periférico Canal de Garay,RTP,Iztapalapa,False,0.005223
scenario_metro,METRO,"(-99.058979, 19.5391842)",Santa Clara,MEXIBÚS,Ecatepec de Morelos,False,0.00522
scenario_metro,METRO,"(-99.13995, 19.46884)",Frente a Metro La Raza,RTP,Gustavo A. Madero,True,0.005219
scenario_metro,METRO,"(-99.0585773, 19.4208965)",Calle 6,MEXIBÚS,Venustiano Carranza,False,0.005218
scenario_metro,METRO,"(-99.21823, 19.38417)",Primaria Carlos A. Pereira,RTP,Álvaro Obregón,False,0.005215
scenario_metro,METRO,"(-99.1997, 19.49647)",Puente de Guerra,TROLE,Azcapotzalco,False,0.005213
scenario_metro,METRO,"(-99.121464, 19.40234)",Base Eje 2 Ote. H. Congreso de la Unión y Prol. Canal Nacional,CC,Iztacalco,False,0.005213
scenario_metro,METRO,"(-99.16587, 19.44389)",Ribera de san Cosme,CC,Miguel Hidalgo,False,0.005212
scenario_metro,METRO,"(-99.07972, 19.45058)",Oceanía - Metro Deportivo Oceanía,RTP,Gustavo A. Madero,False,0.005188
scenario_metro,METRO,"(-99.1496, 19.50053)",Politécnico,CC,Gustavo A. Madero,False,0.005186
scenario_metro,METRO,"(-99.05709, 19.49184)",Av. del  Valle del Yang-Tse y Valle del Ganges,CC,Nezahualcóyotl,False,0.005176
scenario_metro,METRO,"(-99.17356, 19.49089)",Granjas - Metro Ferrería,RTP,Azcapotzalco,False,0.005176
scenario_metro,METRO,"(-99.08343, 19.24696)",Ahuehuetitla,RTP,Xochimilco,False,0.005173
scenario_metro,METRO,"(-99.221241, 19.350399)",Llanuras,CC,Álvaro Obregón,False,0.005172
scenario_metro,METRO,"(-99.14507, 19.47311)",C. Vallejo,TROLE,Gustavo A. Madero,False,0.005168
scenario_metro,METRO,"(-99.18846, 19.43356)",Av. Horacio e Isaac Newton,CC,Miguel Hidalgo,False,0.005168
scenario_metro,METRO,"(-99.10577, 19.46147)",Eduardo Molina,TROLE,Gustavo A. Madero,False,0.005167
scenario_metro,METRO,"(-99.1818462, 19.6087435)",Ciudad Labor,MEXIBÚS,Tultitlán,False,0.005162
scenario_metro,METRO,"(-99.26305, 19.3563)",Av. Tamaulipas,RTP,Cuajimalpa de Morelos,False,0.005154
scenario_metro,METRO,"(-99.190843, 19.341657)",Revolución y Cuauhtémoc,CC,Álvaro Obregón,False,0.005149
scenario_metro,METRO,"(-99.16727, 19.40977)",Campeche,MB,Cuauhtémoc,False,0.005141
scenario_metro,METRO,"(-99.14311, 19.51742)",Prolongación Periférico Norte,RTP,Gustavo A. Madero,False,0.005137
scenario_metro,METRO,"(-99.17232, 19.27421)",Otomíes - Nahoas,CC,Tlalpan,False,0.00513
scenario_metro,METRO,"(-99.17243, 19.4491)",Felipe Carrillo Puerto - Av. México Tacuba,CC,Miguel Hidalgo,False,0.005128
scenario_metro,METRO,"(-99.16205, 19.29051)",San Fernando,RTP,Tlalpan,False,0.005123
scenario_metro,METRO,"(-99.21723, 19.48714)",De las Armas - Echegaray,CC,Azcapotzalco,False,0.005123
scenario_metro,METRO,"(-99.096167, 19.37965)",Canal de Apatlaco y Canal de Rio Churubusco,CC,Iztapalapa,False,0.005122
scenario_metro,METRO,"(-99.09441, 19.4778)",Arcos de Aragón,TROLE,Gustavo A. Madero,False,0.005118
scenario_metro,METRO,"(-99.18573, 19.45192)",Felipe Carrillo Puerto - Marina Nacional,CC,Miguel Hidalgo,False,0.005114
scenario_metro,METRO,"(-99.16679, 19.27272)",Privada del Chimalcoyotl,RTP,Tlalpan,False,0.005113
scenario_metro,METRO,"(-99.24638, 19.40172)",Bosques de la Reforma - Bosque de Maple,CC,Miguel Hidalgo,False,0.00511
scenario_metro,METRO,"(-99.24348, 19.33239)",Cerrada Amapola - Av. de los Tanques,RTP,Álvaro Obregón,False,0.005108
scenario_metro,METRO,"(-99.26416, 19.36411)",Av. Santa Fe - Centro Bancomer,RTP,Álvaro Obregón,False,0.005107
scenario_metro,METRO,"(-99.03023, 19.29734)",Av. Tláhuac - Felipe Ángeles,RTP,Tláhuac,False,0.005098
scenario_metro,METRO,"(-99.10393, 19.38651)",Maguey,TROLE,Iztacalco,False,0.005086
scenario_metro,METRO,"(-99.10656, 19.38714)",Zacate,TROLE,Iztacalco,False,0.005086
scenario_metro,METRO,"(-99.10908, 19.38776)",Corales,TROLE,Iztacalco,False,0.005086
scenario_metro,METRO,"(-99.07496, 19.31809)",Av. Tláhuac - Anillo Periférico Canal de Garay,RTP,Iztapalapa,False,0.005084
scenario_metro,METRO,"(-99.14959, 19.50054)",Politécnico Poniente,TROLE,Gustavo A. Madero,False,0.005082
scenario_metro,METRO,"(-99.16562, 19.47175)",Plan de San Luis,TROLE,Azcapotzalco,False,0.005079
scenario_metro,METRO,"(-99.05371, 19.24332)",Santuario,RTP,Xochimilco,False,0.005071
scenario_metro,METRO,"(-99.10818, 19.26466)",Gladiola - Av. Gpe. I. Ramírez,RTP,Xochimilco,False,0.005064
scenario_metro,METRO,"(-99.26276, 19.36569)",Frente a Hotel Fiesta Inn,RTP,Álvaro Obregón,False,0.005064
scenario_metro,METRO,"(-99.17776, 19.46055)",Poniente 44,RTP,Azcapotzalco,False,0.005062
scenario_metro,METRO,"(-99.09641, 19.25062)",Ciclamen,RTP,Xochimilco,False,0.005061
scenario_metro,METRO,"(-99.239143, 19.356093)",Cam. Puerto Ceguayo,CC,Álvaro Obregón,False,0.005059
scenario_metro,METRO,"(-99.054683, 19.490994)",Av. del  Valle del Yang-Tse y Av. Valle de Santiago,CC,Nezahualcóyotl,False,0.005059
scenario_metro,METRO,"(-99.17815, 19.29264)",Ayuntamiento - Insurgentes Sur,CC,Tlalpan,False,0.005047
scenario_metro,METRO,"(-99.0355779, 19.5995723)",Casa de Morelos,MEXIBÚS,Ecatepec de Morelos,False,0.005038
scenario_metro,METRO,"(-99.11165, 19.2652)",Gpe. Inclan Ramírez - Av. Tabachines,RTP,Xochimilco,False,0.005035
scenario_metro,METRO,"(-99.15428, 19.47348)",Calle 12,TROLE,Azcapotzalco,False,0.005031
scenario_metro,METRO,"(-99.134495, 19.340927)",Cerro del Cubilete,TROLE,Coyoacán,False,0.005024
scenario_metro,METRO,"(-99.00192, 19.27544)",Tierra y Libertad,RTP,Tláhuac,False,0.005019
scenario_metro,METRO,"(-99.188488, 19.375294)",Base CETRAM Mixcoac,CC,Benito Juárez,True,0.005018
scenario_metro,METRO,"(-99.18109, 19.45096)",Felipe Carrillo Puerto - Lago Iseo,CC,Miguel Hidalgo,False,0.005004
scenario_metro,METRO,"(-99.14396, 19.4148)",Manuel J. Othon,TROLE,Cuauhtémoc,False,0.004999
scenario_metro,METRO,"(-99.189488, 19.362885)",Av. Revolucion,CC,Álvaro Obregón,False,0.004998
scenario_metro,METRO,"(-99.09015, 19.259825)",Av. Nuevo León y Pino,CC,Xochimilco,False,0.004997
scenario_metro,METRO,"(-99.087644, 19.259212)",Av. Nuevo León y La Curva,CC,Xochimilco,False,0.004996
scenario_metro,METRO,"(-99.0825, 19.24686)",Cerrada Benito Juárez,RTP,Xochimilco,False,0.004991
scenario_metro,METRO,"(-99.08261, 19.19027)",Av. José María Morelos-Frontera,RTP,Milpa Alta,False,0.004987
scenario_metro,METRO,"(-99.17863, 19.45039)",Felipe Carrillo Puerto - Lago Texcoco,CC,Miguel Hidalgo,False,0.004986
scenario_metro,METRO,"(-99.17996, 19.45071)",Felipe Carrillo Puerto - Lago Tus,CC,Miguel Hidalgo,False,0.004985
scenario_metro,METRO,"(-99.18213, 19.45117)",Felipe Carrillo Puerto - Mariano Escobedo,CC,Miguel Hidalgo,False,0.004982
scenario_metro,METRO,"(-99.19875, 19.47293)",5 de Mayo - Gasolina,CC,Azcapotzalco,False,0.004972
scenario_metro,METRO,"(-99.072185, 19.489956)",Eje 6 Nte. Villa de Ayala y Lagos de Moreno,CC,Gustavo A. Madero,False,0.004972
scenario_metro,METRO,"(-99.18753, 19.31516)",CCU,MB,Coyoacán,False,0.004971
scenario_metro,METRO,"(-99.15069, 19.47324)",Central Sur,TROLE,Azcapotzalco,False,0.004965
scenario_metro,METRO,"(-99.16292, 19.47262)",CerdeNa,TROLE,Azcapotzalco,False,0.004962
scenario_metro,METRO,"(-99.26734, 19.38227)",Prolongación Paseo de los Laureles,RTP,Cuajimalpa de Morelos,False,0.004956
scenario_metro,METRO,"(-99.12764, 19.46107)",Misterios,MB,Cuauhtémoc,False,0.004949
scenario_metro,METRO,"(-99.11149474, 19.31565254)",Tepetlapa y Armada de México,CC,Coyoacán,False,0.004949
scenario_metro,METRO,"(-99.0529644, 19.546996)",Servicios Administrativos,MEXIBÚS,Ecatepec de Morelos,False,0.004943
scenario_metro,METRO,"(-99.18441, 19.23463)",Arenal,RTP,Tlalpan,False,0.004939
scenario_metro,METRO,"(-99.21926, 19.38438)",Nicolas Bravo,RTP,Álvaro Obregón,False,0.004938
scenario_metro,METRO,"(-99.192304, 19.360656)",Andes,CC,Álvaro Obregón,False,0.004934
scenario_metro,METRO,"(-99.21548, 19.355646)",Romulo O' Farril,CC,Álvaro Obregón,False,0.004932
scenario_metro,METRO,"(-99.13356, 19.40884)",Chabacano y José A. Torres,CC,Cuauhtémoc,False,0.004929
scenario_metro,METRO,"(-99.15815, 19.47353)",Av. Jardín,TROLE,Azcapotzalco,False,0.004927
scenario_metro,METRO,"(-99.20535, 19.33294)",San Jerónimo,RTP,Álvaro Obregón,False,0.00492
scenario_metro,METRO,"(-99.19615, 19.44342)",Av. Río San Joaquin - Lago Erne,CC,Miguel Hidalgo,False,0.004919
scenario_metro,METRO,"(-99.18037, 19.30985)",Archivo General,PUMABUS,Coyoacán,False,0.004917
scenario_metro,METRO,"(-99.193366, 19.337238)",Revolución y Puente San Jerononimo,CC,Álvaro Obregón,False,0.004912
scenario_metro,METRO,"(-99.17558, 19.44971)",Felipe Carrillo Puerto - Lago Chalco,CC,Miguel Hidalgo,False,0.004901
scenario_metro,METRO,"(-99.1543, 19.52675)",Punto 34,CC,Gustavo A. Madero,False,0.004897
scenario_metro,METRO,"(-99.1774, 19.45024)",Felipe Carrillo Puerto - Ferrocarril de Cuernavaca,CC,Miguel Hidalgo,False,0.004895
scenario_metro,METRO,"(-99.04661, 19.20341)",Tlaloc,RTP,Milpa Alta,False,0.004888
scenario_metro,METRO,"(-99.1808111, 19.6146809)",Chilpan,MEXIBÚS,Tultitlán,False,0.004887
scenario_metro,METRO,"(-99.2168, 19.37201)",Calle 25,RTP,Álvaro Obregón,False,0.004878
scenario_metro,METRO,"(-99.08523, 19.30231)",Canal de Chalco - Calle 8,RTP,Xochimilco,False,0.004874
scenario_metro,METRO,"(-99.18937, 19.46928)",Aquiles Serdán - Invierno,CC,Azcapotzalco,False,0.004873
scenario_metro,METRO,"(-99.18394, 19.43324)",Av. Horacio y Sudermann,CC,Miguel Hidalgo,False,0.00487
scenario_metro,METRO,"(-99.110468, 19.321367)",Calzada de La Virgen - Magdalena Cobos,CC,Coyoacán,False,0.00487
scenario_metro,METRO,"(-99.10403, 19.25472)",5 de Mayo,RTP,Xochimilco,False,0.004867
scenario_metro,METRO,"(-99.07922, 19.47369)",Camino de San Juan de Aragón,TROLE,Gustavo A. Madero,False,0.004866
scenario_metro,METRO,"(-99.17077, 19.26835)",Laurel,RTP,Tlalpan,False,0.004864
scenario_metro,METRO,"(-98.99518, 19.36031)",Santa Marta,METRO,Iztapalapa,False,0.004862
scenario_metro,METRO,"(-99.16437, 19.19977)",Carretera Federal a Cuernavaca - Km 31 Camino Antiguo al Ajusco,RTP,Tlalpan,False,0.004859
scenario_metro,METRO,"(-99.17642, 19.44999)",Felipe Carrillo Puerto - Colegio Salesiano,CC,Miguel Hidalgo,False,0.004859
scenario_metro,METRO,"(-99.19152, 19.37623)",Periférico - Eje 7 Sur Benvenuto Cellini,CC,Benito Juárez,False,0.004859
scenario_metro,METRO,"(-99.21588, 19.35506)",Romulo O'Farril,RTP,Álvaro Obregón,False,0.004857
scenario_metro,METRO,"(-99.12276, 19.38252)",Calz. de la Viga,TROLE,Iztacalco,False,0.004857
scenario_metro,METRO,"(-99.09939, 19.25134)",Madre Selva,RTP,Xochimilco,False,0.004844
scenario_metro,METRO,"(-99.136818, 19.33577)",Eje 1 Ote. Canal de Miramontes - Av. 3,CC,Coyoacán,False,0.004841
scenario_metro,METRO,"(-99.16088, 19.47328)",Ceylan,TROLE,Azcapotzalco,False,0.004837
scenario_metro,METRO,"(-98.99587, 19.34519)",Av. México - Calendula,RTP,Iztapalapa,False,0.004833
scenario_metro,METRO,"(-99.18613, 19.30411)",Perisur,MB,Coyoacán,False,0.004823
scenario_metro,METRO,"(-99.053485, 19.495216)",Av. Valle de Santiago y Av. Gral. Ávila Camacho,CC,Ecatepec de Morelos,False,0.004819
scenario_metro,METRO,"(-99.053512, 19.220936)",San Gregorio - Oaxtepec y Planta San Pedro Atocpan,CC,Xochimilco,False,0.004811
scenario_metro,METRO,"(-99.07888, 19.24641)",La Planta,RTP,Xochimilco,False,0.00481
scenario_metro,METRO,"(-99.126796, 19.338681)",Santa Isabel Tola,TROLE,Coyoacán,False,0.0048
scenario_metro,METRO,"(-99.04787, 19.20338)",Av. Miguel Hidalgo - Niños Héroes,RTP,Milpa Alta,False,0.004797
scenario_metro,METRO,"(-99.054162, 19.23658)",San Gregorio - Oaxtepec y Texaxahualli,CC,Xochimilco,False,0.004795
scenario_metro,METRO,"(-99.20144, 19.33578)",Fraternidad,RTP,Álvaro Obregón,False,0.004786
scenario_metro,METRO,"(-99.25455, 19.39623)",Bosques de Colibries,RTP,Miguel Hidalgo,False,0.004781
scenario_metro,METRO,"(-99.1217, 19.40289)",Santa Anita,METRO,Iztacalco,False,0.00477
scenario_metro,METRO,"(-99.1863, 19.35057)",Insurgentes Sur,RTP,Álvaro Obregón,False,0.004765
scenario_metro,METRO,"(-99.049392, 19.5571566)",Industrial,MEXIBÚS,Ecatepec de Morelos,False,0.004759
scenario_metro,METRO,"(-99.129274, 19.339418)",CECyT 13,TROLE,Coyoacán,False,0.004753
scenario_metro,METRO,"(-99.16612, 19.41327)",Sonora,MB,Cuauhtémoc,False,0.00475
scenario_metro,METRO,"(-99.24912, 19.39886)",Bosques de la Reforma - Bosque Ailes,CC,Miguel Hidalgo,False,0.004749
scenario_metro,METRO,"(-99.16342, 19.28665)",Morelos,RTP,Tlalpan,False,0.004748
scenario_metro,METRO,"(-99.059144, 19.49263)",Av. del  Valle del Yang-Tse y Valle del Danubio,CC,Nezahualcóyotl,False,0.004743
scenario_metro,METRO,"(-99.18984, 19.46998)",5 de Mayo - Metro Refineria,CC,Azcapotzalco,True,0.004742
scenario_metro,METRO,"(-99.16452, 19.37048)",Zapata I,TROLE,Benito Juárez,False,0.004742
scenario_metro,METRO,"(-99.094023, 19.441192)",Av. Oceanía y Marruecos,CC,Venustiano Carranza,False,0.004741
scenario_metro,METRO,"(-99.24723, 19.33112)",Calle Margaritas - Av. de las Torres,RTP,Álvaro Obregón,False,0.00474
scenario_metro,METRO,"(-99.23648, 19.41025)",Bosques de Ebanos,RTP,Miguel Hidalgo,False,0.004735
scenario_metro,METRO,"(-99.14038, 19.47942)",Central del Norte,TROLE,Gustavo A. Madero,False,0.004734
scenario_metro,METRO,"(-99.25979, 19.39007)",Stim - Stim La Tercera,CC,Cuajimalpa de Morelos,False,0.004729
scenario_metro,METRO,"(-99.207, 19.34693)",Flor de María,RTP,Álvaro Obregón,False,0.004711
scenario_metro,METRO,"(-99.20062, 19.49792)",Tierra Indomita,TROLE,Azcapotzalco,False,0.00471
scenario_metro,METRO,"(-99.12203, 19.47648)",Necaxa,MB,Gustavo A. Madero,False,0.004708
scenario_metro,METRO,"(-99.22154, 19.28917)",yucalpeten,RTP,Tlalpan,False,0.004707
scenario_metro,METRO,"(-99.055092, 19.232335)",San Gregorio - Oaxtepec y El Arco,CC,Xochimilco,False,0.004703
scenario_metro,METRO,"(-99.15119, 19.2242)",Km 27.5,RTP,Tlalpan,False,0.004703
scenario_metro,METRO,"(-99.09382, 19.24873)",Zacapa,RTP,Xochimilco,False,0.0047
scenario_metro,METRO,"(-99.26328, 19.36837)",Entrada Universidad Ibero,RTP,Álvaro Obregón,False,0.004697
scenario_metro,METRO,"(-99.18983, 19.357758)",Sofia,CC,Álvaro Obregón,False,0.004685
scenario_metro,METRO,"(-99.05932, 19.39813)",Calz. Ignacio Zaragoza - Canal de San Juan,RTP,Iztacalco,False,0.004685
scenario_metro,METRO,"(-99.08002, 19.38696)",Río Mayo,MB,Iztapalapa,False,0.004676
scenario_metro,METRO,"(-99.19324, 19.33347)",Estacionamiento 2,PUMABUS,Coyoacán,False,0.004674
scenario_metro,METRO,"(-99.14398, 19.48862)",Instituto del Petróleo n,TROLE,Gustavo A. Madero,False,0.004674
scenario_metro,METRO,"(-99.18671, 19.40272)",Metro Tacubaya,RTP,Miguel Hidalgo,False,0.004668
scenario_metro,METRO,"(-99.130336, 19.339509)",CECyT 13,TROLE,Coyoacán,False,0.004663
scenario_metro,METRO,"(-99.0444793, 19.4189961)",Maravillas,MEXIBÚS,Nezahualcóyotl,False,0.00466
scenario_metro,METRO,"(-99.14217, 19.48392)",CCH Vallejo,TROLE,Gustavo A. Madero,False,0.004655
scenario_metro,METRO,"(-99.21244, 19.38383)",Las Presas,RTP,Álvaro Obregón,False,0.004653
scenario_metro,METRO,"(-99.08708, 19.39166)",El Rodeo,MB,Iztacalco,False,0.004648
scenario_metro,METRO,"(-99.20725, 19.42905)",Montes Urales - Volcán,CC,Miguel Hidalgo,False,0.004646
scenario_metro,METRO,"(-99.09938, 19.251351)",Cam. a Nativitas y C. Madreselva,CC,Xochimilco,False,0.004643
scenario_metro,METRO,"(-99.13882, 19.3876)",Calz. de Tlalpan - Metro Villa de Cortes,RTP,Benito Juárez,False,0.004628
scenario_metro,METRO,"(-99.12453, 19.49877)",Cienfuegos,RTP,Gustavo A. Madero,False,0.004623
scenario_metro,METRO,"(-99.100792, 19.380073)",Rio Churubusco y Canal de Apatlaco,CC,Iztapalapa,False,0.00462
scenario_metro,METRO,"(-99.1715877, 19.6198504)",Cocem,MEXIBÚS,Tultitlán,False,0.004611
scenario_metro,METRO,"(-99.19665, 19.40331)",Ex-Arzobispado,RTP,Miguel Hidalgo,False,0.004611
scenario_metro,METRO,"(-99.05228, 19.34224)",Calz. Ermita Iztapalapa - Profesor Mariles (2 de Abril),RTP,Iztapalapa,False,0.004604
scenario_metro,METRO,"(-99.1276, 19.47718)",Necaxa - Parque Fundidora,CC,Gustavo A. Madero,False,0.004585
scenario_metro,METRO,"(-99.17356, 19.27218)",Otomíes - Yaquis,CC,Tlalpan,False,0.004571
scenario_metro,METRO,"(-99.22037, 19.3845)",Gustavo Díaz Ordaz,RTP,Álvaro Obregón,False,0.004566
scenario_metro,METRO,"(-99.175415, 19.420739)",Sobre Av. Chapultepec y Tampico,CC,Cuauhtémoc,False,0.004563
scenario_metro,METRO,"(-99.18103, 19.29407)",Corregidora,MB,Tlalpan,False,0.004557
scenario_metro,METRO,"(-99.17754, 19.2926)",Ayuntamiento,MB,Tlalpan,False,0.004551
scenario_metro,METRO,"(-99.21993, 19.48687)",La Cima - Río de los Remedios,CC,Naucalpan de Juárez,False,0.004547
scenario_metro,METRO,"(-99.0271, 19.29774)",Av. Tláhuac - Luis Delgado,RTP,Tláhuac,False,0.004543
scenario_metro,METRO,"(-99.08453, 19.47431)",Puerto de Acapulco,TROLE,Gustavo A. Madero,False,0.004542
scenario_metro,METRO,"(-99.18236, 19.43483)",Homero,TROLE,Miguel Hidalgo,False,0.004539
scenario_metro,METRO,"(-99.08137, 19.18991)",Av. José María Morelos-Cuautepec,RTP,Milpa Alta,False,0.004535
scenario_metro,METRO,"(-99.16976, 19.43666)",Marina Nacional,CC,Miguel Hidalgo,False,0.00453
scenario_metro,METRO,"(-99.113036, 19.320877)",Calzada de La Virgen - Av. Carlota Armero,CC,Coyoacán,False,0.004528
scenario_metro,METRO,"(-99.09381, 19.29859)",Anillo Periférico Canal de Garay - Deportivo Xochimilco,RTP,Xochimilco,False,0.004523
scenario_metro,METRO,"(-99.22321, 19.42284)",Paseo de las Palmas - Sierra Vertientes,RTP,Miguel Hidalgo,False,0.00452
scenario_metro,METRO,"(-99.09039, 19.39394)",UPIICSA,MB,Iztacalco,False,0.004512
scenario_metro,METRO,"(-99.14906, 19.43607)",El Caballito,TROLE,Cuauhtémoc,False,0.004511
scenario_metro,METRO,"(-99.155, 19.39584)",Etiopía,MB,Benito Juárez,False,0.004507
scenario_metro,METRO,"(-99.19239, 19.32914)",Estacionamiento 7,PUMABUS,Coyoacán,False,0.004507
scenario_metro,METRO,"(-99.15171, 19.39561)",Doctor Vértiz,MB,Benito Juárez,False,0.004505
scenario_metro,METRO,"(-99.26445, 19.3667)",Ernesto Domínguez 2,RTP,Álvaro Obregón,False,0.004503
scenario_metro,METRO,"(-99.1431, 19.51578)",Frente a Talleres Estrella Blanca,RTP,Gustavo A. Madero,False,0.004498
scenario_metro,METRO,"(-99.13351, 19.56043)",Juventino Rosas,RTP,Gustavo A. Madero,False,0.004497
scenario_metro,METRO,"(-99.18819, 19.45952)",México-Tacuba - Metro Tacuba,CC,Miguel Hidalgo,False,0.004494
scenario_metro,METRO,"(-99.19339, 19.33028)",Estacionamiento 6,PUMABUS,Coyoacán,False,0.004492
scenario_metro,METRO,"(-99.14679, 19.47307)",C. Vallejo,TROLE,Azcapotzalco,False,0.004486
scenario_metro,METRO,"(-99.24959, 19.39798)",Bosques de Reforma -  Bosques de Abedules,CC,Miguel Hidalgo,False,0.004483
scenario_metro,METRO,"(-99.26761, 19.3812)",Entrada Torre Altus,RTP,Cuajimalpa de Morelos,False,0.004473
scenario_metro,METRO,"(-99.18987, 19.33857)",Av. Insurgentes,RTP,Coyoacán,False,0.004471
scenario_metro,METRO,"(-99.17874, 19.42518)",Av. Mariano Escobedo y Leon Tolstoi,CC,Miguel Hidalgo,False,0.004471
scenario_metro,METRO,"(-99.12157, 19.35776)",Calz. Ermita Iztapalapa - La Viga,RTP,Iztapalapa,False,0.004469
scenario_metro,METRO,"(-99.09021, 19.41648)",Gómez Farías,METRO,Venustiano Carranza,False,0.004465
scenario_metro,METRO,"(-99.03116, 19.33659)",Av. de las Torres - Reforma Agrícola,RTP,Iztapalapa,False,0.004458
scenario_metro,METRO,"(-99.16402, 19.30834)",Chicara,RTP,Coyoacán,False,0.004457
scenario_metro,METRO,"(-99.18884, 19.47948)",Camarones,TROLE,Azcapotzalco,False,0.004456
scenario_metro,METRO,"(-99.1128, 19.21903)",Carretera Xochimilco-San Pablo - Ahuacayucan,RTP,Xochimilco,False,0.004454
scenario_metro,METRO,"(-99.19346, 19.33656)",Av. Revolución,RTP,Álvaro Obregón,False,0.004437
scenario_metro,METRO,"(-99.06672, 19.41339)",Eje 1 Norte Talleres Gráficos - Catastro,CC,Iztacalco,False,0.004437
scenario_metro,METRO,"(-99.21005, 19.34564)",Romulo O'Farril,RTP,Álvaro Obregón,False,0.004435
scenario_metro,METRO,"(-99.21706, 19.34311)",Calle 8,RTP,Álvaro Obregón,False,0.004435
scenario_metro,METRO,"(-99.1476, 19.43663)",Hidalgo,TROLE,Cuauhtémoc,False,0.00443
scenario_metro,METRO,"(-99.16778, 19.6208198)",Buenavista,MEXIBÚS,Tultitlán,False,0.004428
scenario_metro,METRO,"(-99.07428, 19.38763)",Río Frío,MB,Iztacalco,False,0.004426
scenario_metro,METRO,"(-99.12332, 19.46781)",C. de Guadalupe,TROLE,Gustavo A. Madero,False,0.004422
scenario_metro,METRO,"(-98.99548, 19.36008)",C. C. Metro Santa Marta - Cetram Santa Marta Anden A,RTP,Iztapalapa,True,0.004422
scenario_metro,METRO,"(-99.18715, 19.47843)",Av. Azcapotzalco,TROLE,Azcapotzalco,False,0.004412
scenario_metro,METRO,"(-99.17867, 19.45942)",J. Sánchez Trujillo,TROLE,Azcapotzalco,False,0.004412
scenario_metro,METRO,"(-99.18724, 19.33679)",Psicología,RTP,Coyoacán,False,0.004411
scenario_metro,METRO,"(-99.21577, 19.35473)",Romulo O'Farril,RTP,Álvaro Obregón,False,0.004411
scenario_metro,METRO,"(-99.20605, 19.44771)",Calz. Legaria - Río San Joaquín,CC,Miguel Hidalgo,False,0.00441
scenario_metro,METRO,"(-98.99546, 19.3477)",Eje 6 Sur - Francisco Montes de Oca y Pipila,RTP,Iztapalapa,False,0.004405
scenario_metro,METRO,"(-99.1468, 19.50629)",Juan de Dios Bátiz,TROLE,Gustavo A. Madero,False,0.004405
scenario_metro,METRO,"(-99.108946, 19.321662)",Calzada de La Virgen - Catalina Buendía,CC,Coyoacán,False,0.004402
scenario_metro,METRO,"(-99.06465, 19.4136)",Eje 1 Norte Xochimilco - Calle 3,CC,Iztacalco,False,0.004393
scenario_metro,METRO,"(-99.20061, 19.47346)",5 de Mayo - Tezozomoc,CC,Azcapotzalco,False,0.004393
scenario_metro,METRO,"(-99.17085, 19.26676)",5 de Mayo Entrada a San Pedro Mártir,RTP,Tlalpan,False,0.00439
scenario_metro,METRO,"(-99.23194, 19.30848)",Flores Magón,RTP,La Magdalena Contreras,False,0.004381
scenario_metro,METRO,"(-99.01158, 19.34912)",Octavio Senties - Aldama,RTP,Iztapalapa,False,0.00438
scenario_metro,METRO,"(-99.23066, 19.30988)",Toluca,RTP,La Magdalena Contreras,False,0.004379
scenario_metro,METRO,"(-99.21338, 19.38393)",Tapeojuma,RTP,Álvaro Obregón,False,0.004375
scenario_metro,METRO,"(-99.063803, 19.254385)",México Poniente y 3a Cerrada de Sor Juana,CC,Xochimilco,False,0.004371
scenario_metro,METRO,"(-99.061869, 19.253236)",Av. San Pedro Atocpan y Caltongo,CC,Xochimilco,False,0.00437
scenario_metro,METRO,"(-98.99771, 19.27194)",Reforma Agraria,RTP,Tláhuac,False,0.004369
scenario_metro,METRO,"(-99.18918, 19.45283)",Felipe Carrillo Puerto - Callejón de la Luz,CC,Miguel Hidalgo,False,0.004367
scenario_metro,METRO,"(-99.10613, 19.48205)",Congreso de la Unión - Fenix,RTP,Gustavo A. Madero,False,0.004363
scenario_metro,METRO,"(-99.080301, 19.45648)",José Loreto Fabela y Av. 508,CC,Gustavo A. Madero,False,0.004358
scenario_metro,METRO,"(-99.048857, 19.213841)",San Gregorio - Oaxtepec y Camino a la Mina,CC,Milpa Alta,False,0.004356
scenario_metro,METRO,"(-99.06229, 19.41356)",Xochimilco - Calle 4,CC,Iztacalco,False,0.004356
scenario_metro,METRO,"(-99.00282, 19.36031)",Rafael Reyes - Francisco Sarabia,RTP,Iztapalapa,False,0.004356
scenario_metro,METRO,"(-99.106508, 19.36591)",Año de Juárez y Calle 8,CC,Iztapalapa,False,0.004355
scenario_metro,METRO,"(-99.29786, 19.34688)",Av. Arteaga y Salazar,RTP,Cuajimalpa de Morelos,False,0.004344
scenario_metro,METRO,"(-99.15484, 19.37008)",Dr. Vértiz,TROLE,Benito Juárez,False,0.004342
scenario_metro,METRO,"(-99.25692, 19.39524)",Bosque de Pirules,RTP,Miguel Hidalgo,False,0.004339
scenario_metro,METRO,"(-99.07681, 19.48172)",Camino Sur,TROLE,Gustavo A. Madero,False,0.004338
scenario_metro,METRO,"(-99.2203, 19.28924)",Cancun,RTP,Tlalpan,False,0.004337
scenario_metro,METRO,"(-99.16186, 19.36923)",Cuauhtémoc,TROLE,Benito Juárez,False,0.004334
scenario_metro,METRO,"(-99.0404, 19.20347)",Carretera a Oaxtepec,RTP,Milpa Alta,False,0.00433
scenario_metro,METRO,"(-99.06582, 19.38347)",Leyes de Reforma,MB,Iztacalco,False,0.004326
scenario_metro,METRO,"(-99.17902, 19.42682)",Mariano Escobedo,TROLE,Miguel Hidalgo,False,0.004326
scenario_metro,METRO,"(-99.21629, 19.35307)",Cuarta Cerrada de las Aguilas y Walmart,RTP,Álvaro Obregón,False,0.004322
scenario_metro,METRO,"(-99.17778, 19.4605)",Poniente 44,TROLE,Azcapotzalco,False,0.004314
scenario_metro,METRO,"(-99.191635, 19.339589)",Revolución y Altamirano,CC,Álvaro Obregón,False,0.004314
scenario_metro,METRO,"(-99.16406, 19.41993)",Durango,MB,Cuauhtémoc,False,0.004314
scenario_metro,METRO,"(-99.18684, 19.33808)",Unidad Habitacional,RTP,Coyoacán,False,0.004313
scenario_metro,METRO,"(-99.15643, 19.37032)",División del Norte,TROLE,Benito Juárez,False,0.004313
scenario_metro,METRO,"(-99.13126, 19.4772)",Base Metro Potrero,CC,Gustavo A. Madero,True,0.004312
scenario_metro,METRO,"(-99.14303, 19.45578)",Manuel González y Metro Tlatelolco,CC,Cuauhtémoc,False,0.004311
scenario_metro,METRO,"(-99.1141, 19.46459)",Norte 58,TROLE,Gustavo A. Madero,False,0.004305
scenario_metro,METRO,"(-99.199, 19.44448)",Av. Río San Joaquin - Moliere,CC,Miguel Hidalgo,False,0.004301
scenario_metro,METRO,"(-99.12416, 19.47059)",Excélsior,MB,Gustavo A. Madero,False,0.004297
scenario_metro,METRO,"(-99.096462, 19.250841)",Base Galeana,CC,Xochimilco,False,0.004292
scenario_metro,METRO,"(-99.0347867, 19.4154712)",Virgencitas,MEXIBÚS,Nezahualcóyotl,False,0.004288
scenario_metro,METRO,"(-99.22152, 19.38377)",Matamoros,RTP,Álvaro Obregón,False,0.004287
scenario_metro,METRO,"(-99.18656, 19.23386)",Secundaria 151,RTP,Tlalpan,False,0.004287
scenario_metro,METRO,"(-99.124094, 19.329399)",Av. Santa Ana - Eje 2 Ote. (Heroica Escuela Naval Militar),CC,Coyoacán,False,0.004284
scenario_metro,METRO,"(-99.07505, 19.41608)",Base Metro Pantitlan,CC,Venustiano Carranza,False,0.004282
scenario_metro,METRO,"(-99.122342, 19.329246)",Av. Santa Ana - Ejido San Miguel Xicalco,CC,Coyoacán,False,0.004278
scenario_metro,METRO,"(-99.1188, 19.21755)",Carretera Xochimilco-San Pablo - El Conejo,RTP,Xochimilco,False,0.004275
scenario_metro,METRO,"(-99.11511, 19.21708)",Carretera Xochimilco-San Pablo - Cedro,RTP,Xochimilco,False,0.004271
scenario_metro,METRO,"(-99.19853, 19.51119)",Av. de las Culturas,TROLE,Azcapotzalco,False,0.004266
scenario_metro,METRO,"(-99.18791, 19.45253)",Felipe Carrillo Puerto - Lago Espiridino,CC,Miguel Hidalgo,False,0.00426
scenario_metro,METRO,"(-99.17749, 19.42713)",Leibnitz y Victor Hugo,CC,Miguel Hidalgo,False,0.004258
scenario_metro,METRO,"(-99.15951, 19.36749)",Uxmal,TROLE,Benito Juárez,False,0.004255
scenario_metro,METRO,"(-99.15839, 19.52408)",Calle 10,CC,Gustavo A. Madero,False,0.004255
scenario_metro,METRO,"(-99.07474, 19.41633)",Pantitlán,METRO,Venustiano Carranza,False,0.004254
scenario_metro,METRO,"(-99.11991, 19.3823)",Martítes de Río Blanco,TROLE,Iztacalco,False,0.004253
scenario_metro,METRO,"(-99.22195, 19.4261)",Paseo de las Palmas - Cobre de Perote,RTP,Miguel Hidalgo,False,0.00425
scenario_metro,METRO,"(-99.11751, 19.38221)",Melchor Ocampo,TROLE,Iztacalco,False,0.004247
scenario_metro,METRO,"(-99.1629897, 19.6220699)",Bandera Tultitlan,MEXIBÚS,Tultitlán,False,0.004244
scenario_metro,METRO,"(-99.17085, 19.311884)",Cantera,TROLE,Coyoacán,False,0.004239
scenario_metro,METRO,"(-99.13345, 19.56043)",Juventino Rosas,RTP,Gustavo A. Madero,False,0.004235
scenario_metro,METRO,"(-99.19978, 19.33292)",Fuego,RTP,Álvaro Obregón,False,0.004234
scenario_metro,METRO,"(-99.15576, 19.3663)",División del Norte,TROLE,Benito Juárez,False,0.004234
scenario_metro,METRO,"(-99.25866, 19.36624)",Antonio Dovali Jaime,RTP,Álvaro Obregón,False,0.004224
scenario_metro,METRO,"(-99.08308, 19.2997)",Canal de Chalco - An. Las Torres,RTP,Iztapalapa,False,0.004223
scenario_metro,METRO,"(-99.16506, 19.41655)",Álvaro Obregón,MB,Cuauhtémoc,False,0.004217
scenario_metro,METRO,"(-99.22257, 19.42473)",Paseo de las Palmas - Chimborazo,RTP,Miguel Hidalgo,False,0.004217
scenario_metro,METRO,"(-99.11568, 19.40872)",Industria,TROLE,Venustiano Carranza,False,0.004214
scenario_metro,METRO,"(-99.116316, 19.328791)",Av. Santa Ana - Mercedes Abrego,CC,Coyoacán,False,0.004213
scenario_metro,METRO,"(-99.10119, 19.48037)",Hospital General La Villa,MB,Gustavo A. Madero,False,0.004211
scenario_metro,METRO,"(-99.058296, 19.249791)",Av. San Pedro Atocpan y Lázaro Cárdenas,CC,Xochimilco,False,0.004211
scenario_metro,METRO,"(-99.04763, 19.20346)",Niños Héroes,RTP,Milpa Alta,False,0.004205
scenario_metro,METRO,"(-99.05645, 19.34276)",Calz. Ermita Iztapalapa - Tulipan,RTP,Iztapalapa,False,0.004201
scenario_metro,METRO,"(-99.23354, 19.30733)",Chabacano,RTP,La Magdalena Contreras,False,0.004201
scenario_metro,METRO,"(-99.15327, 19.43912)",Buenavista,CC,Cuauhtémoc,False,0.004201
scenario_metro,METRO,"(-99.0502, 19.2167)",Km 17.5,RTP,Milpa Alta,False,0.0042
scenario_metro,METRO,"(-99.22335, 19.3703)",Calle 36,RTP,Álvaro Obregón,False,0.004197
scenario_metro,METRO,"(-99.2573, 19.343683)",La Joya,CC,Álvaro Obregón,False,0.004197
scenario_metro,METRO,"(-99.190786, 19.34888)",Altavista,CC,Álvaro Obregón,False,0.004196
scenario_metro,METRO,"(-99.15271669, 19.29781053)",Renato Leduc y Calz. de Tlalpan,CC,Coyoacán,False,0.004193
scenario_metro,METRO,"(-99.25549, 19.32938)",Alta Tensión - Flor de Campo,RTP,Álvaro Obregón,False,0.004191
scenario_metro,METRO,"(-99.190287, 19.354086)",Tlacopac,CC,Álvaro Obregón,False,0.004183
scenario_metro,METRO,"(-99.12208, 19.35763)",Calz. Ermita Iztapalapa - La Viga,RTP,Coyoacán,False,0.004178
scenario_metro,METRO,"(-99.102055, 19.423315)",Base Calz. Ignacio Zaragoza y C. 17,CC,Venustiano Carranza,True,0.004176
scenario_metro,METRO,"(-99.14317, 19.36165)",Calz. de Tlalpan - Pirineos,RTP,Benito Juárez,False,0.004172
scenario_metro,METRO,"(-99.05869, 19.41304)",Eje 1 Norte Xochimilco - Calle 6,CC,Iztacalco,False,0.00417
scenario_metro,METRO,"(-99.12973, 19.38377)",Andrés Molina Enríquez,TROLE,Iztacalco,False,0.004169
scenario_metro,METRO,"(-99.11738, 19.46574)",F. C.  Hidalgo,TROLE,Gustavo A. Madero,False,0.004161
scenario_metro,METRO,"(-99.21106, 19.4289)",Coordillera de los Andes - Sierra Mojada,CC,Miguel Hidalgo,False,0.004157
scenario_metro,METRO,"(-99.21814, 19.48361)",23 de Abril - de las Armas,CC,Azcapotzalco,False,0.004156
scenario_metro,METRO,"(-99.15803, 19.3667)",Centro de Rehabilitación,TROLE,Benito Juárez,False,0.004154
scenario_metro,METRO,"(-99.12018, 19.27406)",Av. de la Noria y Preparatoria 1,RTP,Xochimilco,False,0.004152
scenario_metro,METRO,"(-99.13981, 19.47685)",Eje Central Lázaro Cardenas Retorno,CC,Gustavo A. Madero,False,0.004146
scenario_metro,METRO,"(-99.13702, 19.50718)",Av. Miguel Bernard - Luis Enrique Erro,RTP,Gustavo A. Madero,False,0.004142
scenario_metro,METRO,"(-99.21535, 19.45652)",Ingenieros Militares - Panteón Sanctorum,CC,Naucalpan de Juárez,False,0.004141
scenario_metro,METRO,"(-99.17063, 19.24558)",Kilometro 23,RTP,Tlalpan,False,0.004134
scenario_metro,METRO,"(-99.12648, 19.46441)",Clave,MB,Gustavo A. Madero,False,0.004133
scenario_metro,METRO,"(-99.17559, 19.42092)",Base Cetram Chapultepec,CC,Cuauhtémoc,True,0.00413
scenario_metro,METRO,"(-99.113617, 19.458575)",Eje 2 Ote. H Congreso de la Unión y Ote 84 (Metro Consulado),CC,Gustavo A. Madero,False,0.00413
scenario_metro,METRO,"(-99.22306, 19.42238)",Paseo de las Palmas - MontaNas Calizas,RTP,Miguel Hidalgo,False,0.004125
scenario_metro,METRO,"(-99.101885, 19.253089)",Cam. a Nativitas y C. Río San Lucas,CC,Xochimilco,False,0.004123
scenario_metro,METRO,"(-99.28741, 19.32993)",Secundaria No. 105,RTP,Álvaro Obregón,False,0.004121
scenario_metro,METRO,"(-99.11914, 19.22808)",Carretera a Topilejo - Carretera a Xochimilco-San Pablo,RTP,Xochimilco,False,0.00412
scenario_metro,METRO,"(-99.074343, 19.317601)",Av. Tláhuac - Metro Periférico Ote.,CC,Iztapalapa,False,0.004115
scenario_metro,METRO,"(-99.095014, 19.250309)",C. Nativitas y C. Central,CC,Xochimilco,False,0.004115
scenario_metro,METRO,"(-99.05026, 19.21649)",Km 17.5,RTP,Milpa Alta,False,0.00411
scenario_metro,METRO,"(-99.07513, 19.31948)",Av. Tláhuac,RTP,Iztapalapa,False,0.004106
scenario_metro,METRO,"(-99.20845, 19.46028)",San Bartolo - Río Parana,CC,Miguel Hidalgo,False,0.004103
scenario_metro,METRO,"(-99.26846, 19.37791)",Loma del Recuerdo,RTP,Cuajimalpa de Morelos,False,0.004102
scenario_metro,METRO,"(-99.0079643, 19.6166347)",Central de Abastos,MEXIBÚS,Ecatepec de Morelos,False,0.004101
scenario_metro,METRO,"(-99.12008671, 19.29082977)",Sobre Calz. Acoxpa y El Potrero,CC,Tlalpan,False,0.004099
scenario_metro,METRO,"(-99.21478, 19.38335)",Chicago,RTP,Álvaro Obregón,False,0.004097
scenario_metro,METRO,"(-99.059932, 19.251674)",Av. San Pedro Atocpan y Segunda Cerrada de Actopan,CC,Xochimilco,False,0.004093
scenario_metro,METRO,"(-98.99912, 19.26675)",Severino Ceniceros,RTP,Tláhuac,False,0.00409
scenario_metro,METRO,"(-99.213298, 19.357793)",Isla,CC,Álvaro Obregón,False,0.004089
scenario_metro,METRO,"(-99.26171, 19.32691)",Higuera,RTP,Álvaro Obregón,False,0.004088
scenario_metro,METRO,"(-98.96185, 19.31815)",Eje 10 Sur - Primer Semaforo,RTP,Valle de Chalco Solidaridad,False,0.004085
scenario_metro,METRO,"(-99.099531, 19.251363)",Base Madreselva,CC,Xochimilco,False,0.004082
scenario_metro,METRO,"(-99.09717, 19.47876)",San Juan de Aragón,MB,Gustavo A. Madero,False,0.00408
scenario_metro,METRO,"(-99.18285, 19.43556)",Homero,TROLE,Miguel Hidalgo,False,0.004079
scenario_metro,METRO,"(-99.104901, 19.370372)",Rio Churubusco y Año de Juárez,CC,Iztapalapa,False,0.004077
scenario_metro,METRO,"(-99.08053, 19.491561)",Eje 6 Nte. Villa de Ayala y Av. León de los Aldama,CC,Gustavo A. Madero,False,0.004071
scenario_metro,METRO,"(-99.04705, 19.203308)",Av. Miguel Hidalgo y Plaza San Martín,CC,Milpa Alta,False,0.004071
scenario_metro,METRO,"(-99.1585, 19.37065)",Parque de los Venados,TROLE,Benito Juárez,False,0.004071
scenario_metro,METRO,"(-99.15739, 19.6235021)",Bello Horizonte,MEXIBÚS,Tultitlán,False,0.00406
scenario_metro,METRO,"(-99.15441, 19.44335)",El Chopo,MB,Cuauhtémoc,False,0.004058
scenario_metro,METRO,"(-99.17872, 19.45877)",General Mariano Escobedo -  Mar Marmara,RTP,Miguel Hidalgo,False,0.004053
scenario_metro,METRO,"(-99.03426, 19.19824)",Jalisco,RTP,Milpa Alta,False,0.004052
scenario_metro,METRO,"(-99.10985, 19.48331)",Casa del Peregino Juan Diego,TROLE,Gustavo A. Madero,False,0.004051
scenario_metro,METRO,"(-99.05701, 19.41265)",Periférico - Av. Pantitlán,CC,Iztacalco,False,0.004045
scenario_metro,METRO,"(-99.197391, 19.359876)",Calz. De los Leones,CC,Álvaro Obregón,False,0.004036
scenario_metro,METRO,"(-99.12557, 19.46684)",Robles Domínguez,MB,Gustavo A. Madero,False,0.004033
scenario_metro,METRO,"(-99.15721, 19.44707)",Eje 1 Norte José Antonio Alzate - Santa María la Ribera,CC,Cuauhtémoc,False,0.004032
scenario_metro,METRO,"(-99.20452, 19.47229)",Camino a Santa Lucia - Tezozomoc,CC,Miguel Hidalgo,False,0.004025
scenario_metro,METRO,"(-99.12246, 19.47514)",Necaxa,MB,Gustavo A. Madero,False,0.004025
scenario_metro,METRO,"(-99.17383, 19.27161)",Otomíes - Lacandones,CC,Tlalpan,False,0.004009
scenario_metro,METRO,"(-99.17474, 19.2703)",Volcán Iztaccihuatl - Volcán Colima,CC,Tlalpan,False,0.004009
scenario_metro,METRO,"(-99.18731, 19.23493)",Hacienda,RTP,Tlalpan,False,0.004009
scenario_metro,METRO,"(-99.22246, 19.38285)",Calle 5,RTP,Álvaro Obregón,False,0.004008
scenario_metro,METRO,"(-98.99548, 19.34677)",Calendula - Armeria,RTP,Iztapalapa,False,0.004003
scenario_metro,METRO,"(-99.21129, 19.38356)",Mituenses,RTP,Álvaro Obregón,False,0.004
scenario_metro,METRO,"(-99.10775, 19.47388)",Eje 4 Norte Av. Talismán - Eje 2 Oriente Honorable Congreso de la Unión,CC,Gustavo A. Madero,False,0.003998
scenario_metro,METRO,"(-99.11934, 19.48357)",Garrido,TROLE,Gustavo A. Madero,False,0.003994
scenario_metro,METRO,"(-99.103218, 19.254141)",Cam. A Nativitas y C. Heliotropo,CC,Xochimilco,False,0.003994
scenario_metro,METRO,"(-99.19962, 19.51114)",Carbono,TROLE,Azcapotzalco,False,0.003993
scenario_metro,METRO,"(-99.0244, 19.29802)",Av. Tláhuac - Paso Conejo,RTP,Tláhuac,False,0.003987
scenario_metro,METRO,"(-99.11179, 19.30681)",Vista Hermosa,MB,Coyoacán,False,0.003985
scenario_metro,METRO,"(-99.24077, 19.40708)",Bosques de Sandalos,RTP,Miguel Hidalgo,False,0.003975
scenario_metro,METRO,"(-99.174676, 19.310024)",Tita Avendaño,TROLE,Coyoacán,False,0.003969
scenario_metro,METRO,"(-99.075845, 19.480971)",Estado de Puebla y Estado de Baja California,CC,Gustavo A. Madero,False,0.003966
scenario_metro,METRO,"(-99.19536, 19.36416)",Av. Lomas de Platero,RTP,Álvaro Obregón,False,0.003958
scenario_metro,METRO,"(-99.13888, 19.38624)",Tlalpan,TROLE,Benito Juárez,False,0.003955
scenario_metro,METRO,"(-99.14505, 19.34825)",Tlalpan - Patinadores,CC,Coyoacán,False,0.003941
scenario_metro,METRO,"(-99.18657, 19.37571)",Patriotismo,TROLE,Benito Juárez,False,0.003941
scenario_metro,METRO,"(-99.13108, 19.55928)",La Presa,RTP,Gustavo A. Madero,False,0.00394
scenario_metro,METRO,"(-99.08996, 19.49699)",5 de Mayo,MB,Gustavo A. Madero,False,0.003931
scenario_metro,METRO,"(-99.15484, 19.41111)",Dr. Márquez,MB,Cuauhtémoc,False,0.003927
scenario_metro,METRO,"(-99.2194, 19.37682)",Manuel Avila Camacho,RTP,Álvaro Obregón,False,0.003918
scenario_metro,METRO,"(-99.18851, 19.38539)",Los Pinos,RTP,Benito Juárez,False,0.003915
scenario_metro,METRO,"(-99.1189, 19.35762)",Calz. Ermita Iztapalapa - Avena y Artesanos,RTP,Iztapalapa,False,0.003914
scenario_metro,METRO,"(-99.22678, 19.41938)",Paseo de las Palmas - Monte Antuco,RTP,Miguel Hidalgo,False,0.003911
scenario_metro,METRO,"(-99.21176, 19.38357)",Puebla,RTP,Álvaro Obregón,False,0.003909
scenario_metro,METRO,"(-99.1328, 19.42893)",Museo de la Ciudad,MB,Cuauhtémoc,False,0.003908
scenario_metro,METRO,"(-99.22764, 19.42979)",Fuente de Tritones - Fuente de las Águilas,CC,Naucalpan de Juárez,False,0.003893
scenario_metro,METRO,"(-99.21689, 19.48328)",23 de Abril - Leopoldo Blackaller,CC,Azcapotzalco,False,0.003892
scenario_metro,METRO,"(-99.12472654, 19.3153325)",Canal de Miramontes y Escuela Naval Militar,CC,Coyoacán,False,0.003892
scenario_metro,METRO,"(-99.22764, 19.34199)",Moral,RTP,Álvaro Obregón,False,0.003891
scenario_metro,METRO,"(-99.14836, 19.50633)",Miguel Othon de Mendizabal - Calle Central,RTP,Gustavo A. Madero,False,0.00389
scenario_metro,METRO,"(-99.20554, 19.47181)",Camino a Santa Lucia - Democracias,CC,Miguel Hidalgo,False,0.00389
scenario_metro,METRO,"(-99.11354, 19.30091)",Calzada del Hueso,MB,Coyoacán,False,0.003886
scenario_metro,METRO,"(-99.08195, 19.40756)",Eje 1 Sur - Av. 8 Calle 77,CC,Venustiano Carranza,False,0.00388
scenario_metro,METRO,"(-99.1521133, 19.624874)",Cartagena,MEXIBÚS,Tultitlán,False,0.003876
scenario_metro,METRO,"(-99.13027, 19.47445)",Excelsior - Real del Monte,CC,Gustavo A. Madero,False,0.003876
scenario_metro,METRO,"(-99.21824, 19.35141)",Cerro,RTP,Álvaro Obregón,False,0.003872
scenario_metro,METRO,"(-99.10522, 19.25489)",16 de Septiembre - Francisco Goytia,CC,Xochimilco,True,0.003865
scenario_metro,METRO,"(-99.08837, 19.47432)",Casas Alemán,MB,Gustavo A. Madero,False,0.003864
scenario_metro,METRO,"(-99.2344, 19.30539)",Privada Ferrocarril a Cuernavaca,RTP,La Magdalena Contreras,False,0.003862
scenario_metro,METRO,"(-99.08032, 19.29637)",Canal de Chalco - Río Balsas,RTP,Iztapalapa,False,0.00386
scenario_metro,METRO,"(-99.11735, 19.2357)",Prol. Hidalgo - Privada Monoxola,RTP,Xochimilco,False,0.003857
scenario_metro,METRO,"(-99.16359, 19.28686)",Morelos,RTP,Tlalpan,False,0.003856
scenario_metro,METRO,"(-99.11742, 19.38348)",Valentín Gómez Farías,TROLE,Iztacalco,False,0.003853
scenario_metro,METRO,"(-99.11711, 19.38529)",Juan Alvarez,TROLE,Iztacalco,False,0.003853
scenario_metro,METRO,"(-99.11541, 19.38859)",Estudios San Ángel Inn,TROLE,Iztacalco,False,0.003853
scenario_metro,METRO,"(-99.117, 19.38708)",Estudios Churubusco,TROLE,Iztacalco,False,0.003853
scenario_metro,METRO,"(-99.19549, 19.3656)",Av. Centenario,RTP,Álvaro Obregón,False,0.003853
scenario_metro,METRO,"(-99.1169, 19.38839)",Canal de Tezontle,TROLE,Iztacalco,False,0.003853
scenario_metro,METRO,"(-99.056631, 19.247405)",Av. Cuauhtémoc y Pirules,CC,Xochimilco,False,0.003849
scenario_metro,METRO,"(-99.12108, 19.47899)",Av. Talismán,MB,Gustavo A. Madero,False,0.003848
scenario_metro,METRO,"(-99.056947, 19.24822)",Av. Cuauhtémoc y Cerrada Acueducto,CC,Xochimilco,False,0.003844
scenario_metro,METRO,"(-99.17324, 19.49275)",Granjas - Av. Hidalgo,RTP,Azcapotzalco,False,0.003834
scenario_metro,METRO,"(-99.01026, 19.35062)",Eje 6 Sur - Piruli,RTP,Iztapalapa,False,0.003829
scenario_metro,METRO,"(-99.14806, 19.499)",Wilfrido Massieu,TROLE,Gustavo A. Madero,False,0.003826
scenario_metro,METRO,"(-99.03073, 19.33493)",Camino a las minas - Av. de las Torres,RTP,Iztapalapa,False,0.003823
scenario_metro,METRO,"(-99.22504, 19.26661)",Carretera Picacho Ajusco,RTP,Tlalpan,False,0.003823
scenario_metro,METRO,"(-99.17157, 19.44917)",México-Tacuba - Metro Colegio Militar,CC,Miguel Hidalgo,False,0.003819
scenario_metro,METRO,"(-99.21611, 19.38325)",Francisco Villa,RTP,Álvaro Obregón,False,0.003818
scenario_metro,METRO,"(-99.19431, 19.48978)",16 de Septiembre,TROLE,Azcapotzalco,False,0.003818
scenario_metro,METRO,"(-98.9982, 19.24471)",Sobre Norte del Comercio y G. Ramos Millan,RTP,Tláhuac,False,0.003817
scenario_metro,METRO,"(-99.16194, 19.51549)",Tres Enegas,CC,Gustavo A. Madero,False,0.003815
scenario_metro,METRO,"(-99.05864, 19.39491)",Periférico - Zaragoza,CC,Iztapalapa,False,0.003813
scenario_metro,METRO,"(-99.09293, 19.47709)",Gran Canal,MB,Gustavo A. Madero,False,0.003807
scenario_metro,METRO,"(-99.11449, 19.29541)",Cañaverales,MB,Tlalpan,False,0.003804
scenario_metro,METRO,"(-99.02582, 19.2979)",Av. Tláhuac - Bodega Puma Abarrotero,RTP,Tláhuac,False,0.0038
scenario_metro,METRO,"(-99.14303, 19.52246)",Andador 01 del Temoluco,RTP,Gustavo A. Madero,False,0.003797
scenario_metro,METRO,"(-99.1545, 19.42579)",Av. Chapultepec - Metro Cuauhtémoc,CC,Cuauhtémoc,False,0.003795
scenario_metro,METRO,"(-99.176604, 19.42571)",Circuito Interior - Leibnitz,CC,Miguel Hidalgo,False,0.003792
scenario_metro,METRO,"(-99.11627861, 19.28946759)",Sobre Av. De la Hacienda y Calz. Acoxpa,CC,Tlalpan,False,0.003789
scenario_metro,METRO,"(-99.1867, 19.38535)",Metro San Antonio,RTP,Benito Juárez,False,0.003789
scenario_metro,METRO,"(-99.17907, 19.43157)",Leibnitz y Gutemberg,CC,Miguel Hidalgo,False,0.003787
scenario_metro,METRO,"(-99.19407, 19.36417)",Mixcoac,RTP,Álvaro Obregón,False,0.003782
scenario_metro,METRO,"(-99.18701, 19.40199)",Tacubaya,MB,Miguel Hidalgo,False,0.003778
scenario_metro,METRO,"(-99.12051, 19.27351)",Preparatoria 1,MB,Xochimilco,False,0.00377
scenario_metro,METRO,"(-99.13927, 19.38667)",Calz. de Tlalpan - Clínica 10,RTP,Benito Juárez,False,0.00377
scenario_metro,METRO,"(-99.00261, 19.36187)",Calz. Ignacio Zaragoza - Cuauhtémoc,RTP,Iztapalapa,False,0.003764
scenario_metro,METRO,"(-99.215985, 19.353766)",Walmart Las Aguilas,CC,Álvaro Obregón,False,0.003756
scenario_metro,METRO,"(-99.21189, 19.42956)",Sierra Gamón - Paseo de las Palmas,CC,Miguel Hidalgo,False,0.003755
scenario_metro,METRO,"(-99.26331, 19.38617)",Bosques de Reforma - Royal Reforma,CC,Cuajimalpa de Morelos,False,0.003755
scenario_metro,METRO,"(-99.25901, 19.39311)",Gardenias,RTP,Miguel Hidalgo,False,0.003752
scenario_metro,METRO,"(-99.10874, 19.46272)",Norte 70,TROLE,Gustavo A. Madero,False,0.003751
scenario_metro,METRO,"(-99.1168, 19.28104)",Circuito Cuemanco,MB,Xochimilco,False,0.003745
scenario_metro,METRO,"(-99.16745, 19.27583)",Chimalcoyotl - Plaza Cantera,CC,Tlalpan,False,0.003742
scenario_metro,METRO,"(-99.07594, 19.48234)",Constitución de la República,TROLE,Gustavo A. Madero,False,0.003735
scenario_metro,METRO,"(-99.0411, 19.29234)",Guillermo Prieto - Bartolomé Díaz de León,RTP,Tláhuac,False,0.003734
scenario_metro,METRO,"(-99.0829, 19.407)",Viaducto y Metro Puebla,CC,Iztacalco,False,0.00373
scenario_metro,METRO,"(-99.22408, 19.38186)",Villa Azueta,RTP,Álvaro Obregón,False,0.003729
scenario_metro,METRO,"(-99.10665, 19.26416)",Gpe. Inclan Ramírez - Mariano Matamoros,RTP,Xochimilco,False,0.003725
scenario_metro,METRO,"(-99.19153, 19.36334)",Base Barranca del Muerto,CC,Álvaro Obregón,False,0.003725
scenario_metro,METRO,"(-99.11505, 19.35698)",Calz. Ermita Iztapalapa - General Radames Andrade,RTP,Iztapalapa,False,0.003718
scenario_metro,METRO,"(-99.12214316, 19.29164177)",Sobre Calz. Acoxpa y Av. la Teja,CC,Tlalpan,False,0.003714
scenario_metro,METRO,"(-99.18864, 19.37246)",Av. Revolución,RTP,Benito Juárez,False,0.00371
scenario_metro,METRO,"(-99.12028, 19.46675)",Graciela,TROLE,Gustavo A. Madero,False,0.003708
scenario_metro,METRO,"(-99.17737, 19.40557)",Patriotismo,MB,Cuauhtémoc,False,0.003703
scenario_metro,METRO,"(-99.09774, 19.19992)",José María Morelos - Frente a No. 300,RTP,Milpa Alta,False,0.003702
scenario_metro,METRO,"(-99.15221, 19.35491)",Xicoténcatl,TROLE,Coyoacán,False,0.003702
scenario_metro,METRO,"(-99.11149, 19.46368)",Congreso de la Unión,TROLE,Gustavo A. Madero,False,0.003699
scenario_metro,METRO,"(-99.22222, 19.28396)",Izmal,RTP,Tlalpan,False,0.003693
scenario_metro,METRO,"(-99.1478126, 19.6259783)",De la Cruz-San Mateo,MEXIBÚS,Tultitlán,False,0.003692
scenario_metro,METRO,"(-99.096061, 19.420488)",Bulevar Puerto Aéreo BASE,CC,Venustiano Carranza,True,0.003691
scenario_metro,METRO,"(-99.15276, 19.35695)",Churubusco,TROLE,Coyoacán,False,0.003687
scenario_metro,METRO,"(-99.11518, 19.43536)",Archivo General de la Nación,MB,Venustiano Carranza,False,0.003687
scenario_metro,METRO,"(-99.20076, 19.32293)",CaNada,RTP,Álvaro Obregón,False,0.003685
scenario_metro,METRO,"(-99.21331, 19.44329)",Calz. Legaria - Presa Rodríguez,CC,Miguel Hidalgo,False,0.003684
scenario_metro,METRO,"(-99.20293, 19.31314)",Lluvia,RTP,Álvaro Obregón,False,0.003681
scenario_metro,METRO,"(-99.12167, 19.22448)",Carretera a Topilejo - Pedregal,RTP,Xochimilco,False,0.003678
scenario_metro,METRO,"(-99.14199, 19.47213)",Eje 3 Norte Av. Cuitlahuac - Leopoldo Auer,CC,Gustavo A. Madero,False,0.003677
scenario_metro,METRO,"(-99.080592, 19.457222)",José Loreto Fabela y Av. 508,CC,Gustavo A. Madero,False,0.003671
scenario_metro,METRO,"(-98.96334, 19.31549)",Eje 10 Sur - Fábrica de Tubos,RTP,Tláhuac,False,0.003671
scenario_metro,METRO,"(-99.152835, 19.357926)",Rio Churubusco y Eje Central,CC,Benito Juárez,False,0.003671
scenario_metro,METRO,"(-99.07345, 19.41707)",Pantitlán,MB,Venustiano Carranza,True,0.00367
scenario_metro,METRO,"(-99.20267, 19.31503)",Lava,RTP,Álvaro Obregón,False,0.003666
scenario_metro,METRO,"(-99.11948, 19.48305)",Garrido,MB,Gustavo A. Madero,False,0.003661
scenario_metro,METRO,"(-99.11368, 19.39389)",Recreo,MB,Iztacalco,False,0.003661
scenario_metro,METRO,"(-99.05904, 19.39792)",Base Canal de San Juan,CC,Iztacalco,False,0.003658
scenario_metro,METRO,"(-99.141447, 19.341575)",Cerro Huitzilac,TROLE,Coyoacán,False,0.003647
scenario_metro,METRO,"(-99.253852, 19.348027)",Temis,CC,Álvaro Obregón,False,0.003639
scenario_metro,METRO,"(-99.22673, 19.36844)",Jaripeo,RTP,Álvaro Obregón,False,0.003639
scenario_metro,METRO,"(-99.1705, 19.24467)",Carretera Federal a Cuernavaca - Tijuamaloapan,RTP,Tlalpan,False,0.003639
scenario_metro,METRO,"(-99.17635, 19.27048)",Volcán Iztaccihuatl - Monte Elbruz,CC,Tlalpan,False,0.003637
scenario_metro,METRO,"(-99.27308, 19.37728)",Loma Florida,RTP,Cuajimalpa de Morelos,False,0.003637
scenario_metro,METRO,"(-99.0273593, 19.4118795)",Lago de Chapala,MEXIBÚS,Nezahualcóyotl,False,0.003636
scenario_metro,METRO,"(-99.12498, 19.46862)",Robles Domínguez,MB,Gustavo A. Madero,False,0.003635
scenario_metro,METRO,"(-99.114671, 19.453767)",Platino y Eje 2 Ote. H. Congreso de la Unión,CC,Venustiano Carranza,False,0.003634
scenario_metro,METRO,"(-99.1212, 19.47849)",Av. Talismán,MB,Gustavo A. Madero,False,0.00363
scenario_metro,METRO,"(-99.241268, 19.355085)",C. Uno,CC,Álvaro Obregón,False,0.003627
scenario_metro,METRO,"(-99.12562, 19.29108)",La Vereda,RTP,Tlalpan,False,0.00362
scenario_metro,METRO,"(-99.052472, 19.497492)",Av. Valle de Santiago y Av. Pdte. Adolfo López Mateos,CC,Ecatepec de Morelos,False,0.003618
scenario_metro,METRO,"(-99.12928, 19.45714)",Mercado Beethoven,MB,Cuauhtémoc,False,0.003614
scenario_metro,METRO,"(-98.999, 19.35859)",Calz. Ermita Iztapalapa - Emiliano Zapata,RTP,Iztapalapa,False,0.00361
scenario_metro,METRO,"(-99.10152, 19.3806)",Apatlaco,TROLE,Iztacalco,False,0.00361
scenario_metro,METRO,"(-99.21529, 19.44262)",Calz. Legaria - Anillo Periférico,CC,Miguel Hidalgo,False,0.003609
scenario_metro,METRO,"(-99.1255, 19.48511)",Deportivo 18 de Marzo,METRO,Gustavo A. Madero,False,0.003606
scenario_metro,METRO,"(-99.1686, 19.21044)",Carretera Federal a Cuernavaca - Las Margaritas,RTP,Tlalpan,False,0.003603
scenario_metro,METRO,"(-99.20202, 19.31898)",Farallon,RTP,Álvaro Obregón,False,0.0036
scenario_metro,METRO,"(-99.15292, 19.414)",Dr. Pasteur - Dr. Rafael Lucio,CC,Cuauhtémoc,False,0.003598
scenario_metro,METRO,"(-99.17088, 19.44849)",Calz. México Tacuba - Maestro Rural,CC,Miguel Hidalgo,False,0.003594
scenario_metro,METRO,"(-99.11713516, 19.28939474)",Sobre Calz. Acoxpa y Av. De la Hacienda,CC,Tlalpan,False,0.003594
scenario_metro,METRO,"(-99.12155, 19.47706)",Río Blanco - De los Misterios,CC,Gustavo A. Madero,False,0.003592
scenario_metro,METRO,"(-99.18053, 19.45617)",Eje 3 Norte Av. Cuitlahuac - México-Tacuba,CC,Miguel Hidalgo,False,0.003589
scenario_metro,METRO,"(-99.11144, 19.42606)",Moctezuma,MB,Venustiano Carranza,False,0.003588
scenario_metro,METRO,"(-99.20296, 19.31123)",Valle y CCH,RTP,Álvaro Obregón,False,0.003588
scenario_metro,METRO,"(-99.22252, 19.37053)",Calle 35,RTP,Álvaro Obregón,False,0.003587
scenario_metro,METRO,"(-99.07586, 19.48243)",Constitución de la República - Baja California Sur,CC,Gustavo A. Madero,False,0.003585
scenario_metro,METRO,"(-99.180692, 19.346137)",Miguel Ángel de Quevedo,TROLE,Coyoacán,False,0.003583
scenario_metro,METRO,"(-99.259366, 19.341879)",La Cumbre,CC,Álvaro Obregón,False,0.00358
scenario_metro,METRO,"(-99.13871, 19.44761)",Luna,TROLE,Cuauhtémoc,False,0.003579
scenario_metro,METRO,"(-99.2425, 19.387)",Puente Conafrut,RTP,Álvaro Obregón,False,0.003574
scenario_metro,METRO,"(-99.216378, 19.3523)",Serrania,CC,Álvaro Obregón,False,0.003574
scenario_metro,METRO,"(-99.04647, 19.39081)",Calz. Ignacio Zaragoza - Metro Tepalcates,RTP,Iztapalapa,False,0.003573
scenario_metro,METRO,"(-99.14974, 19.20637)",Tezontitla,RTP,Tlalpan,False,0.003569
scenario_metro,METRO,"(-99.2435, 19.33245)",Cda. Amapola - Av. de los Tanques,RTP,Álvaro Obregón,False,0.003562
scenario_metro,METRO,"(-99.10417, 19.26294)",Vicente Guerrero y José María Morelos,RTP,Xochimilco,False,0.003558
scenario_metro,METRO,"(-99.13354, 19.38452)",Plutarco Elías Calles,TROLE,Iztacalco,False,0.003557
scenario_metro,METRO,"(-99.15313, 19.44684)",Buenavista,MB,Cuauhtémoc,False,0.003556
scenario_metro,METRO,"(-99.20016, 19.42717)",Paseo de la Reforma y Jardines de Libano,CC,Miguel Hidalgo,False,0.003555
scenario_metro,METRO,"(-99.20238, 19.31695)",Risco,RTP,Álvaro Obregón,False,0.003553
scenario_metro,METRO,"(-99.21356, 19.42986)",Paseo de las Palmas - Monte Stanovoi,CC,Miguel Hidalgo,False,0.003553
scenario_metro,METRO,"(-99.24783, 19.38596)",Kilometro 14,RTP,Cuajimalpa de Morelos,False,0.00355
scenario_metro,METRO,"(-99.13351, 19.51137)",Año de 1857,RTP,Gustavo A. Madero,False,0.003548
scenario_metro,METRO,"(-99.16057, 19.29153)",Sanborns - Hospitales,RTP,Tlalpan,False,0.003543
scenario_metro,METRO,"(-99.21744, 19.38383)",Abelardo Rodríguez,RTP,Álvaro Obregón,False,0.00354
scenario_metro,METRO,"(-99.123332, 19.442889)",Eje 1 Ote. Boleo y Eje 1 Nte. Granaditas,CC,Cuauhtémoc,False,0.003538
scenario_metro,METRO,"(-99.14022, 19.468165)",CETRAM La Raza BASE,CC,Gustavo A. Madero,True,0.003527
scenario_metro,METRO,"(-99.080616, 19.463572)",José Loreto Fabela y Norte 510,CC,Gustavo A. Madero,False,0.003525
scenario_metro,METRO,"(-99.01433, 19.29388)",Andrés Quintana Roo - Vicente Guerrero,RTP,Tláhuac,False,0.003524
scenario_metro,METRO,"(-99.14653, 19.4731)",Vallejo,RTP,Azcapotzalco,False,0.003523
scenario_metro,METRO,"(-99.188785, 19.399479)",Viaducto,CC,Miguel Hidalgo,False,0.003523
scenario_metro,METRO,"(-99.21833, 19.43953)",Industria Militar - Gral. Juan Cabral,CC,Miguel Hidalgo,False,0.003522
scenario_metro,METRO,"(-99.26583, 19.36625)",Puente Autopista México-Toluca,RTP,Álvaro Obregón,False,0.003518
scenario_metro,METRO,"(-99.120287, 19.329135)",Av. Santa Ana - Rosa Ma. Sequeira,CC,Coyoacán,False,0.003517
scenario_metro,METRO,"(-99.04885, 19.20046)",Justo Sierra - Quetzalcoatl,RTP,Milpa Alta,False,0.003511
scenario_metro,METRO,"(-99.25985, 19.39034)",Fabrica de Armas,RTP,Cuajimalpa de Morelos,False,0.003508
scenario_metro,METRO,"(-99.140126, 19.6279646)",Fuentes del Valle,MEXIBÚS,Tultitlán,False,0.003508
scenario_metro,METRO,"(-99.138665, 19.465431)",Insurgentes - Circuito Interior,CC,Gustavo A. Madero,False,0.003507
scenario_metro,METRO,"(-99.21259, 19.44337)",Presa Solis y Legaria,CC,Miguel Hidalgo,False,0.003506
scenario_metro,METRO,"(-99.15099, 19.36557)",Eje Central,TROLE,Benito Juárez,False,0.003504
scenario_metro,METRO,"(-99.20794, 19.47158)",Calz. de la Naranja - Quetzala,CC,Azcapotzalco,False,0.003503
scenario_metro,METRO,"(-99.04279, 19.28584)",La Turba - Walkirias,RTP,Tláhuac,False,0.003501
scenario_metro,METRO,"(-99.11357, 19.39379)",Recreo,MB,Iztacalco,False,0.0035
scenario_metro,METRO,"(-99.072057, 19.479671)",Estado de Puebla y Estado de Zacatecas,CC,Gustavo A. Madero,False,0.0035
scenario_metro,METRO,"(-99.15353, 19.43416)",Amajac,MB,Cuauhtémoc,False,0.003497
scenario_metro,METRO,"(-99.19226, 19.33873)",Plaza Loreto,RTP,Álvaro Obregón,False,0.003494
scenario_metro,METRO,"(-99.18832, 19.47899)",Manuel Acuña y Aquiles Serdán,CC,Azcapotzalco,False,0.003493
scenario_metro,METRO,"(-99.26084, 19.38962)",Anden de Misiles,RTP,Cuajimalpa de Morelos,False,0.00349
scenario_metro,METRO,"(-99.08287, 19.47389)",Puerto Progreso,TROLE,Gustavo A. Madero,False,0.00349
scenario_metro,METRO,"(-99.19587, 19.36475)",Av. Lomas de Plateros,RTP,Álvaro Obregón,False,0.003489
scenario_metro,METRO,"(-99.113055, 19.320692)",Calzada de La Virgen - Bajo puente Carlota Armero,CC,Coyoacán,False,0.003482
scenario_metro,METRO,"(-99.11768, 19.48824)",Zaragoza,TROLE,Gustavo A. Madero,False,0.003481
scenario_metro,METRO,"(-99.125705, 19.425756)",Eje 1 Ote. Anillo de Circunvalación y Plaza de san Pablo,CC,Cuauhtémoc,False,0.003481
scenario_metro,METRO,"(-99.17845, 19.25631)",Tlalpuente,RTP,Tlalpan,False,0.003481
scenario_metro,METRO,"(-99.1387, 19.47309)",Poniente 106,CC,Gustavo A. Madero,False,0.00348
scenario_metro,METRO,"(-99.08808, 19.43427)",Terminal Aérea,METRO,Venustiano Carranza,False,0.003479
scenario_metro,METRO,"(-99.13415, 19.47573)",Poniente 112,RTP,Gustavo A. Madero,False,0.003472
scenario_metro,METRO,"(-99.07473, 19.490425)",Eje 6 Nte. Villa de Ayala y Atotonilco,CC,Gustavo A. Madero,False,0.003472
scenario_metro,METRO,"(-99.13284, 19.38433)",Plutarco Elías Calles,TROLE,Iztacalco,False,0.003468
scenario_metro,METRO,"(-99.13129, 19.38412)",Playa Ola Verde,TROLE,Iztacalco,False,0.003468
scenario_metro,METRO,"(-99.11806, 19.43825)",Eje 1 Norte Hilanderos - Eje 2 Oriente Honorable Congreso de la Unión,CC,Venustiano Carranza,False,0.003467
scenario_metro,METRO,"(-99.15548, 19.20945)",Carretera Federal a Cuernavaca - Km 29.5 Ahuacatitla,RTP,Tlalpan,False,0.003462
scenario_metro,METRO,"(-99.093818, 19.248793)",Carr. Xochimilco Tulyehualco y Embarcadero Zacapa,CC,Xochimilco,False,0.00346
scenario_metro,METRO,"(-99.20909, 19.47179)",Calz. de la Naranja - José Luis Solorzano,CC,Naucalpan de Juárez,False,0.003459
scenario_metro,METRO,"(-99.1359, 19.43797)",República de Chile,MB,Cuauhtémoc,False,0.003456
scenario_metro,METRO,"(-99.19381, 19.23097)",Diligencia,RTP,Tlalpan,False,0.003451
scenario_metro,METRO,"(-99.2023, 19.36522)",Iztapalapa,RTP,Álvaro Obregón,False,0.003448
scenario_metro,METRO,"(-98.96304, 19.31665)",Eje 10 Sur - Tecamazuchitl,RTP,Tláhuac,False,0.003447
scenario_metro,METRO,"(-98.99538, 19.21332)",16 de Septiembre,RTP,Milpa Alta,False,0.003446
scenario_metro,METRO,"(-99.00318, 19.20361)",Av. del Trabajo,RTP,Milpa Alta,False,0.003445
scenario_metro,METRO,"(-99.15445, 19.29606)",Tlalpan - Huipulco,CC,Tlalpan,False,0.003445
scenario_metro,METRO,"(-99.16438, 19.28422)",Calle La Rosa - Calz. de Tlalpan,RTP,Tlalpan,False,0.003444
scenario_metro,METRO,"(-99.15633, 19.20778)",Carretera Federal a Cuernavaca - Anacahuita,RTP,Tlalpan,False,0.003443
scenario_metro,METRO,"(-99.04715, 19.3904)",Priv. de León Loyola y CETRAM Tepalcates,CC,Iztapalapa,False,0.003441
scenario_metro,METRO,"(-99.19332, 19.48847)",Centéotl,TROLE,Azcapotzalco,False,0.003439
scenario_metro,METRO,"(-99.06901, 19.3272)",Anillo Periférico Canal de Garay - Bilbao,RTP,Iztapalapa,False,0.003439
scenario_metro,METRO,"(-99.21552, 19.48074)",Adrian Castrejon - Alonso Capetillo,CC,Azcapotzalco,False,0.003437
scenario_metro,METRO,"(-99.19035, 19.37253)",Santiago Rebull,RTP,Benito Juárez,False,0.003433
scenario_metro,METRO,"(-99.00717, 19.29547)",Eje 10 Sur - Montes Pirineos,RTP,Tláhuac,False,0.003432
scenario_metro,METRO,"(-99.12503, 19.38293)",Playa Cortés,TROLE,Iztacalco,False,0.003432
scenario_metro,METRO,"(-99.12475, 19.4782)",Río Blanco - Buen Tono,CC,Gustavo A. Madero,False,0.003431
scenario_metro,METRO,"(-99.01518, 19.29211)",Paseo Nuevo - Ojo de Agua,RTP,Tláhuac,False,0.003431
scenario_metro,METRO,"(-99.1559, 19.397)",Etiopía,MB,Benito Juárez,False,0.00343
scenario_metro,METRO,"(-99.12952, 19.35851)",Calz. Ermita Iztapalapa - Sur 81A,RTP,Iztapalapa,False,0.003422
scenario_metro,METRO,"(-99.26462, 19.38446)",Bosques de Reforma - Secretaría de Marina,CC,Cuajimalpa de Morelos,False,0.003418
scenario_metro,METRO,"(-99.1607, 19.20757)",Carretera Federal a Cuernavca - Km 30.3 Anacahuita,RTP,Tlalpan,False,0.003416
scenario_metro,METRO,"(-99.12804, 19.38354)",Playa Miramar,TROLE,Iztacalco,False,0.003414
scenario_metro,METRO,"(-99.12619, 19.28882)",La Carreta,RTP,Tlalpan,False,0.003411
scenario_metro,METRO,"(-99.04123, 19.2855)",La Turba - Lombardos,RTP,Tláhuac,False,0.003411
scenario_metro,METRO,"(-99.25146, 19.39714)",Bosques de Reforma - Bosques de Magnolia,CC,Miguel Hidalgo,False,0.00341
scenario_metro,METRO,"(-99.1413, 19.47224)",Norte 1-G,TROLE,Gustavo A. Madero,False,0.003408
scenario_metro,METRO,"(-99.19032, 19.42537)",Paseo de la Reforma y Zoológico,CC,Miguel Hidalgo,False,0.003406
scenario_metro,METRO,"(-99.097026, 19.377747)",Rio Churubusco y Purísimas,CC,Iztapalapa,False,0.003404
scenario_metro,METRO,"(-99.20515, 19.45936)",Calz. San Bartolo - Ururguay,CC,Miguel Hidalgo,False,0.003404
scenario_metro,METRO,"(-98.96385, 19.31209)",Eje 10 Sur - El Pipila y José Guadalupe Posada,RTP,Tláhuac,False,0.003403
scenario_metro,METRO,"(-99.15597, 19.52844)",Chedraui,CC,Gustavo A. Madero,False,0.003403
scenario_metro,METRO,"(-99.230018, 19.348514)",Puente Metlac,CC,Álvaro Obregón,False,0.003396
scenario_metro,METRO,"(-99.099494, 19.379982)",Canal de Apatlaco y Tepehua,CC,Iztapalapa,False,0.003396
scenario_metro,METRO,"(-99.15257, 19.29746)",Tlalpan - Renato Leduc,CC,Tlalpan,False,0.003394
scenario_metro,METRO,"(-99.11926, 19.43893)",Eje 1 Norte Av. del Trabajo - Hojalatería,CC,Venustiano Carranza,False,0.003391
scenario_metro,METRO,"(-99.13332, 19.40863)",Chabacano y J. A. Torres,CC,Cuauhtémoc,False,0.00339
scenario_metro,METRO,"(-99.26361, 19.3675)",Prol. Vasco de Quiroga - Agustín Manuel Chavez,RTP,Álvaro Obregón,False,0.003385
scenario_metro,METRO,"(-99.26306, 19.32461)",Cerrada Limbo,RTP,Álvaro Obregón,False,0.003384
scenario_metro,METRO,"(-99.1395, 19.44353)",Garibaldi,TROLE,Cuauhtémoc,False,0.003379
scenario_metro,METRO,"(-99.18015, 19.42877)",Campos Elíseos,TROLE,Miguel Hidalgo,False,0.003377
scenario_metro,METRO,"(-99.0881, 19.19204)",José María Morelos - Callejon Morelos,RTP,Milpa Alta,False,0.003376
scenario_metro,METRO,"(-99.16221, 19.31181)",Santa Ursula - San Guillermo,RTP,Coyoacán,False,0.003376
scenario_metro,METRO,"(-99.07264, 19.24778)",Ojo de Agua,RTP,Xochimilco,False,0.003375
scenario_metro,METRO,"(-99.17041, 19.4035)",Nuevo León,MB,Cuauhtémoc,False,0.003375
scenario_metro,METRO,"(-98.98497, 19.29806)",Eje 10 Sur - Zona Ecológica,RTP,Tláhuac,False,0.003373
scenario_metro,METRO,"(-99.17651, 19.42068)",CETRAM Chapultepec,RTP,Miguel Hidalgo,True,0.003371
scenario_metro,METRO,"(-99.14306, 19.35978)",Calz. de Tlalpan - Eje 8 Sur Calz. Ermita - Iztapalapa,RTP,Benito Juárez,False,0.003367
scenario_metro,METRO,"(-99.00078, 19.29473)",Eje 10 Sur -  Crater Tycho,RTP,Tláhuac,False,0.003362
scenario_metro,METRO,"(-99.10371307, 19.3149981)",Dolores Guerrero y Rosario Castellanos,CC,Coyoacán,False,0.003361
scenario_metro,METRO,"(-99.0176859, 19.4071279)",Palacio Municipal,MEXIBÚS,Nezahualcóyotl,False,0.003357
scenario_metro,METRO,"(-99.12416, 19.43632)",Mixcalco,MB,Cuauhtémoc,False,0.003357
scenario_metro,METRO,"(-99.02991, 19.33458)",Camino a las Minas - Monte Everest (Zapote),RTP,Iztapalapa,False,0.003357
scenario_metro,METRO,"(-99.1836, 19.43731)",Gral. Mariano Escobedo - Ejercito Nacional Mexicano,CC,Miguel Hidalgo,False,0.003357
scenario_metro,METRO,"(-99.096465, 19.419165)",Base Metro Aeropuerto,CC,Venustiano Carranza,True,0.003355
scenario_metro,METRO,"(-99.14085, 19.47187)",Eje 3 Norte Av. Cuitláhuac - Albéniz,CC,Gustavo A. Madero,False,0.003354
scenario_metro,METRO,"(-99.2109, 19.47227)",Calz. de la Naranja - Av. Ahuzotl,CC,Naucalpan de Juárez,False,0.003353
scenario_metro,METRO,"(-99.108851, 19.336885)",Av. Tláhuac - Metro Culhuacán,CC,Iztapalapa,False,0.003351
scenario_metro,METRO,"(-99.12598, 19.48538)",Metro 18 de Marzo,CC,Gustavo A. Madero,True,0.00335
scenario_metro,METRO,"(-99.21581, 19.47977)",Adrian Castrejon - Adolfo Lopez Mateos,CC,Azcapotzalco,False,0.003344
scenario_metro,METRO,"(-99.21608, 19.47889)",Adrian Castrejon - Francisco I. Madero,CC,Azcapotzalco,False,0.003343
scenario_metro,METRO,"(-99.21526, 19.48162)",Adrian Castrejon - Liberato Lara,CC,Azcapotzalco,False,0.003343
scenario_metro,METRO,"(-99.15456, 19.41444)",Hospital General,MB,Cuauhtémoc,False,0.003336
scenario_metro,METRO,"(-99.14893, 19.4571)",Manuel González,MB,Cuauhtémoc,False,0.003333
scenario_metro,METRO,"(-99.30067, 19.35361)",Lerdo,RTP,Cuajimalpa de Morelos,False,0.003332
scenario_metro,METRO,"(-99.17771, 19.46353)",Begonias,RTP,Azcapotzalco,False,0.003328
scenario_metro,METRO,"(-99.218259, 19.351397)",Cerro,CC,Álvaro Obregón,False,0.003327
scenario_metro,METRO,"(-99.2225, 19.28251)",Izamal,RTP,Tlalpan,False,0.003323
scenario_metro,METRO,"(-99.12193, 19.40922)",Honorable Congreso de la Unión - Av. Morelos,RTP,Venustiano Carranza,False,0.003323
scenario_metro,METRO,"(-99.12348, 19.22093)",Carretera a Topilejo - Camino Panteon Xalpa,RTP,Xochimilco,False,0.003321
scenario_metro,METRO,"(-99.13567, 19.38478)",Javier Sorondo,TROLE,Benito Juárez,False,0.003319
scenario_metro,METRO,"(-99.16493, 19.24158)",Kilometro 23.5,RTP,Tlalpan,False,0.003318
scenario_metro,METRO,"(-99.12538972, 19.29289577)",Sobre Calz. Acoxpa y canal de Miramontes,CC,Tlalpan,False,0.003317
scenario_metro,METRO,"(-99.1941, 19.41114)",Anillo Periférico Blvd. Adolfo Lopez Mateos - Av. Constituyentes,RTP,Miguel Hidalgo,False,0.003312
scenario_metro,METRO,"(-99.18905, 19.33008)",MUCA,PUMABUS,Coyoacán,False,0.003311
scenario_metro,METRO,"(-99.13238, 19.49767)",Frente a Escuela CENAC,RTP,Gustavo A. Madero,False,0.003305
scenario_metro,METRO,"(-99.10276, 19.431776)",Oriente 146 y Eje 1 Nte.,CC,Venustiano Carranza,False,0.003304
scenario_metro,METRO,"(-99.18178, 19.37443)",Jerez,TROLE,Benito Juárez,False,0.003303
scenario_metro,METRO,"(-99.1446, 19.40698)",Lázaro Cárdenas,TROLE,Cuauhtémoc,False,0.003302
scenario_metro,METRO,"(-99.22823, 19.41768)",Paseo de las Palmas - Monte Ararat,RTP,Miguel Hidalgo,False,0.003302
scenario_metro,METRO,"(-99.10263, 19.4673)",Victoria,MB,Gustavo A. Madero,False,0.003302
scenario_metro,METRO,"(-99.24723, 19.33117)",Calle Margaritas - Av. de las Torres,RTP,Álvaro Obregón,False,0.003299
scenario_metro,METRO,"(-99.04503, 19.33774)",Av. Insurgentes - Maurilio Mejia,RTP,Iztapalapa,False,0.003296
scenario_metro,METRO,"(-99.16482, 19.23534)",Reforma,RTP,Tlalpan,False,0.003294
scenario_metro,METRO,"(-99.26401, 19.36771)",Ernesto Domínguez,RTP,Álvaro Obregón,False,0.003293
scenario_metro,METRO,"(-99.13502, 19.43788)",República de Chile,MB,Cuauhtémoc,False,0.003288
scenario_metro,METRO,"(-99.13846, 19.45019)",Flores Magón,TROLE,Cuauhtémoc,False,0.003287
scenario_metro,METRO,"(-99.25498, 19.38108)",Galería Reforma,RTP,Cuajimalpa de Morelos,False,0.003283
scenario_metro,METRO,"(-99.1798, 19.43406)",Leibnitz y Thiers,CC,Miguel Hidalgo,False,0.003281
scenario_metro,METRO,"(-99.30107, 19.34736)",Frente a la Secundaria 211,RTP,Cuajimalpa de Morelos,False,0.003278
scenario_metro,METRO,"(-99.18078, 19.43088)",Av. Presidente Masaryk,TROLE,Miguel Hidalgo,False,0.003277
scenario_metro,METRO,"(-99.06994, 19.25225)",La Gallera,RTP,Xochimilco,False,0.003276
scenario_metro,METRO,"(-98.99246, 19.35862)",Calz. Ermita Iztapalapa - Santa Marta Acatitla,RTP,La Paz,False,0.003275
scenario_metro,METRO,"(-99.15241, 19.3697)",Tokio,TROLE,Benito Juárez,False,0.003273
scenario_metro,METRO,"(-99.170895, 19.311979)",Cantera,TROLE,Coyoacán,False,0.003272
scenario_metro,METRO,"(-99.21633, 19.47802)",Adrian Castrejon - Plutarco Elias Calles,CC,Azcapotzalco,False,0.003271
scenario_metro,METRO,"(-99.0413, 19.29328)",Teofilo Norte - Guillermo Prieto,RTP,Tláhuac,False,0.00327
scenario_metro,METRO,"(-99.164486, 19.450439)",Circuito Interior - S. Díaz Mirón,CC,Miguel Hidalgo,False,0.00327
scenario_metro,METRO,"(-99.17016, 19.23463)",No. 302,RTP,Tlalpan,False,0.003269
scenario_metro,METRO,"(-99.17812, 19.27078)",Volcán Iztacciuatl - Volcán Nevado de Toluca,CC,Tlalpan,False,0.003264
scenario_metro,METRO,"(-98.99426, 19.2143)",Guadalupe Victoria,RTP,Milpa Alta,False,0.003261
scenario_metro,METRO,"(-99.2184, 19.38431)",J. Alvarado y Francisco Villa,RTP,Álvaro Obregón,False,0.003261
scenario_metro,METRO,"(-99.16828, 19.31081)",Iman - México 68,CC,Coyoacán,False,0.00326
scenario_metro,METRO,"(-99.00594, 19.29536)",Eje 10 Sur - Montes Carpatos,RTP,Tláhuac,False,0.003258
scenario_metro,METRO,"(-99.08108, 19.47366)",Puerto de Tlacotalpan,TROLE,Gustavo A. Madero,False,0.003255
scenario_metro,METRO,"(-99.18134, 19.43176)",Av. Presidente Masaryk,TROLE,Miguel Hidalgo,False,0.003253
scenario_metro,METRO,"(-99.12161, 19.436)",Ferrocarril de Cintura,MB,Venustiano Carranza,False,0.003251
scenario_metro,METRO,"(-99.21964, 19.43791)",Industria Militar - Gral. Ildefonso Vazquez (Velatorio),CC,Miguel Hidalgo,False,0.003249
scenario_metro,METRO,"(-99.09037, 19.49777)",5 de Mayo - Av. Ing. Eduardo Molina,RTP,Gustavo A. Madero,False,0.003246
scenario_metro,METRO,"(-99.18515, 19.47787)",22 de Febrero,TROLE,Azcapotzalco,False,0.003245
scenario_metro,METRO,"(-99.15382, 19.24704)",CDMX - Cuernavaca,RTP,Tlalpan,False,0.003244
scenario_metro,METRO,"(-99.1894, 19.45989)",México-Tacuba - Puente,CC,Miguel Hidalgo,False,0.003242
scenario_metro,METRO,"(-99.19509, 19.3583)",Periférico - Las Aguilas,CC,Álvaro Obregón,False,0.003241
scenario_metro,METRO,"(-99.16994, 19.31223)",Iman - Aztecas,CC,Coyoacán,False,0.003239
scenario_metro,METRO,"(-99.2809, 19.34272)",Hidalgo,RTP,Cuajimalpa de Morelos,False,0.003239
scenario_metro,METRO,"(-99.19899, 19.36506)",Tacuba,RTP,Álvaro Obregón,False,0.003236
scenario_metro,METRO,"(-99.073734, 19.482199)",Constitución de la República y Estado de Sinaloa,CC,Gustavo A. Madero,False,0.003233
scenario_metro,METRO,"(-99.21659, 19.47712)",Adrian Castrejon - Jesús Capistran,CC,Azcapotzalco,False,0.003233
scenario_metro,METRO,"(-99.061694, 19.493641)",Av. del  Valle del Yang-Tse y Valle del Carvajal,CC,Nezahualcóyotl,False,0.003227
scenario_metro,METRO,"(-99.12196, 19.40195)",Honorable Congreso de la Unión - Calle Miguel Hidalgo,RTP,Iztacalco,False,0.003226
scenario_metro,METRO,"(-99.12241, 19.50456)",Acueducto,RTP,Gustavo A. Madero,False,0.003225
scenario_metro,METRO,"(-99.069302, 19.476988)",Av. de los Pinos y Volcán de Zunil,CC,Gustavo A. Madero,False,0.003222
scenario_metro,METRO,"(-99.119, 19.43581)",Morelos,MB,Venustiano Carranza,False,0.003221
scenario_metro,METRO,"(-99.19005, 19.356)",Roberto Boker,RTP,Álvaro Obregón,False,0.00322
scenario_metro,METRO,"(-99.16747, 19.44449)",México-Tacuba - Metro Normal,CC,Miguel Hidalgo,False,0.003219
scenario_metro,METRO,"(-99.18394, 19.35119)",Tecoyotitla,RTP,Álvaro Obregón,False,0.003214
scenario_metro,METRO,"(-99.16178, 19.29026)",San Fernando - Calz. de Tlalpan,RTP,Tlalpan,False,0.003213
scenario_metro,METRO,"(-99.22812, 19.42911)",Fuente de Tritones - Av. de las Fuentes,CC,Naucalpan de Juárez,False,0.003213
scenario_metro,METRO,"(-99.15343, 19.36595)",Tokio,TROLE,Benito Juárez,False,0.003212
scenario_metro,METRO,"(-99.14609, 19.3944)",Centro SCOP,TROLE,Benito Juárez,False,0.003211
scenario_metro,METRO,"(-99.13168, 19.50139)",Av. Instituto Politécnico Nacional,RTP,Gustavo A. Madero,False,0.003211
scenario_metro,METRO,"(-99.04325, 19.20339)",Cerrada Hidalgo,RTP,Milpa Alta,False,0.003211
scenario_metro,METRO,"(-99.19816, 19.36496)",General Anaya,RTP,Álvaro Obregón,False,0.003208
scenario_metro,METRO,"(-99.17884, 19.40625)",Benjamín Franklin y Metro Patriotismo,CC,Cuauhtémoc,False,0.003208
scenario_metro,METRO,"(-99.05995, 19.38962)",Sur 20 y Canal de San Juan,CC,Iztacalco,False,0.003207
scenario_metro,METRO,"(-99.1405, 19.51222)",Plan de San Luis,RTP,Gustavo A. Madero,False,0.003206
scenario_metro,METRO,"(-99.12762, 19.43677)",Teatro del Pueblo,MB,Cuauhtémoc,False,0.003202
scenario_metro,METRO,"(-99.132, 19.43741)",República de Argentina,MB,Cuauhtémoc,False,0.003202
scenario_metro,METRO,"(-99.12704, 19.43685)",Teatro del Pueblo,MB,Cuauhtémoc,False,0.003202
scenario_metro,METRO,"(-99.13119, 19.43736)",República de Argentina,MB,Cuauhtémoc,False,0.003202
scenario_metro,METRO,"(-99.25175, 19.32953)",Calle Geranio - Av. de las Torres,RTP,Álvaro Obregón,False,0.003197
scenario_metro,METRO,"(-99.13855, 19.54459)",Benito Juárez,RTP,Gustavo A. Madero,False,0.003197
scenario_metro,METRO,"(-99.21257, 19.442)",Miguel de Cervantes S. y Presa Solis,CC,Miguel Hidalgo,False,0.00319
scenario_metro,METRO,"(-99.1049, 19.46134)",Eduardo Molina,TROLE,Gustavo A. Madero,False,0.003187
scenario_metro,METRO,"(-99.101551, 19.380609)",Rio Churubusco y Canal de Apatlaco,CC,Iztacalco,False,0.003186
scenario_metro,METRO,"(-99.28145, 19.3409)",Frente a No. 43,RTP,Cuajimalpa de Morelos,False,0.003185
scenario_metro,METRO,"(-99.0737, 19.48215)",Estado de Sinaloa,TROLE,Gustavo A. Madero,False,0.003184
scenario_metro,METRO,"(-99.22911, 19.41604)",Paseo de las Palmas - Monte Líbano,RTP,Miguel Hidalgo,False,0.003182
scenario_metro,METRO,"(-99.08847, 19.50053)",314 Memorial New's Divine,MB,Gustavo A. Madero,False,0.00318
scenario_metro,METRO,"(-99.18316, 19.4514)",Felipe Carrillo Puerto - Lago Como,CC,Miguel Hidalgo,False,0.003177
scenario_metro,METRO,"(-99.242654, 19.354409)",Tenochtitlan,CC,Álvaro Obregón,False,0.003174
scenario_metro,METRO,"(-99.3049, 19.35393)",Morelos,RTP,Cuajimalpa de Morelos,False,0.003171
scenario_metro,METRO,"(-99.117967, 19.439793)",Eje 2 Ote. H Congreso de la Unión y Metro Morelos,CC,Venustiano Carranza,False,0.00317
scenario_metro,METRO,"(-99.22533, 19.38048)",Fortin,RTP,Álvaro Obregón,False,0.00317
scenario_metro,METRO,"(-99.20487, 19.36526)",Guadalupe Hidalgo,RTP,Álvaro Obregón,False,0.00317
scenario_metro,METRO,"(-99.16416, 19.29102)",San Fernando - Magisterio Nacional,CC,Tlalpan,False,0.003168
scenario_metro,METRO,"(-99.13846, 19.44914)",Flores Magón,TROLE,Cuauhtémoc,False,0.003165
scenario_metro,METRO,"(-99.16759, 19.31423)",Aztecas - Papatzin,RTP,Coyoacán,False,0.003164
scenario_metro,METRO,"(-99.09537, 19.49934)",Centenario - 5 de Mayo,RTP,Gustavo A. Madero,False,0.00316
scenario_metro,METRO,"(-99.11678, 19.39828)",Coyuya,MB,Iztacalco,False,0.003158
scenario_metro,METRO,"(-99.21194, 19.42964)",Sierra Gamon - Paseo de las Palmas,RTP,Miguel Hidalgo,False,0.003157
scenario_metro,METRO,"(-99.113637, 19.454851)",Circuito Interior - Metro Consulado,CC,Venustiano Carranza,False,0.00315
scenario_metro,METRO,"(-99.09377, 19.44079)",Av. del PeNón y Metro Oceanía,CC,Venustiano Carranza,False,0.00315
scenario_metro,METRO,"(-99.02174, 19.29786)",Av. Tláhuac - Callejón Hidalgo y Camino Real,RTP,Tláhuac,False,0.00315
scenario_metro,METRO,"(-99.11615, 19.4251)",Hospital Balbuena,MB,Venustiano Carranza,False,0.003149
scenario_metro,METRO,"(-99.17128, 19.43745)",Marina Nacional y Tlaloc,CC,Miguel Hidalgo,False,0.003148
scenario_metro,METRO,"(-99.217, 19.47578)",Adrian Castrejon - Francisco Villa,CC,Azcapotzalco,False,0.003146
scenario_metro,METRO,"(-99.1334, 19.51129)",Av. del País,RTP,Gustavo A. Madero,False,0.003143
scenario_metro,METRO,"(-99.11295, 19.48662)",General Martín Carrera,TROLE,Gustavo A. Madero,False,0.003136
scenario_metro,METRO,"(-99.14485, 19.48861)",Instituto del Petróleo s,TROLE,Gustavo A. Madero,False,0.003135
scenario_metro,METRO,"(-99.21344, 19.47305)",Calz. de la Naranja - Francisco Sánchez,CC,Azcapotzalco,False,0.003131
scenario_metro,METRO,"(-99.11543, 19.43112)",San Lázaro,MB,Venustiano Carranza,False,0.00313
scenario_metro,METRO,"(-98.96445, 19.30783)",Eje 10 Sur - Santa Catarina (Calle 8),RTP,Tláhuac,False,0.003123
scenario_metro,METRO,"(-99.06002, 19.38962)",Sur 20 y Canal de San Juan,CC,Iztacalco,False,0.003121
scenario_metro,METRO,"(-99.07703, 19.48047)",Francisco Morazán,TROLE,Gustavo A. Madero,False,0.00312
scenario_metro,METRO,"(-99.16247, 19.241)",Possenti,RTP,Tlalpan,False,0.003119
scenario_metro,METRO,"(-99.082843, 19.449105)",Av. Oceanía y Deportivo Oceanía,CC,Gustavo A. Madero,False,0.003118
scenario_metro,METRO,"(-99.10112, 19.3835)",Girasol,TROLE,Iztacalco,False,0.003116
scenario_metro,METRO,"(-99.19902, 19.35556)",Periférico - Las Flores,CC,Álvaro Obregón,False,0.003111
scenario_metro,METRO,"(-99.15843, 19.20197)",Carretera Federal a Cuernavaca - Km 30.5,RTP,Tlalpan,False,0.003107
scenario_metro,METRO,"(-99.27999, 19.33569)",Panteón Santa Rosa,RTP,Álvaro Obregón,False,0.003106
scenario_metro,METRO,"(-99.17553, 19.25762)",Carretera Federal a Cuernavaca - Rinconada Paseo de San Juan,RTP,Tlalpan,False,0.003106
scenario_metro,METRO,"(-99.19036, 19.48595)",FFCC. Nacionales,TROLE,Azcapotzalco,False,0.003104
scenario_metro,METRO,"(-99.10919, 19.36604)",Escuadrón 201,MB,Iztapalapa,False,0.003104
scenario_metro,METRO,"(-99.16312, 19.23511)",5 de Mayo,RTP,Tlalpan,False,0.003103
scenario_metro,METRO,"(-99.08894, 19.1923)",Av. José María Morelos-Jalapa,RTP,Milpa Alta,False,0.003096
scenario_metro,METRO,"(-99.09573, 19.19458)",José María Morelos - Tepecuentech,RTP,Milpa Alta,False,0.003096
scenario_metro,METRO,"(-99.21933, 19.48718)",Echegaray - Río de los Remedios,CC,Naucalpan de Juárez,False,0.003091
scenario_metro,METRO,"(-99.20775, 19.36535)",Frente a 492,RTP,Álvaro Obregón,False,0.003088
scenario_metro,METRO,"(-99.17399, 19.23425)",Diligencias,RTP,Tlalpan,False,0.003084
scenario_metro,METRO,"(-99.23299, 19.33922)",Encino Grande,RTP,Álvaro Obregón,False,0.003082
scenario_metro,METRO,"(-99.0118045, 19.404262)",El Castillito,MEXIBÚS,Nezahualcóyotl,False,0.003078
scenario_metro,METRO,"(-99.17819, 19.29507)",San Fernando - Ayuntamiento,CC,Tlalpan,False,0.003075
scenario_metro,METRO,"(-99.18878, 19.39947)",Viaducto Miguel Aleman,RTP,Miguel Hidalgo,False,0.003072
scenario_metro,METRO,"(-99.14579, 19.49871)",Escuela Nacional de Ciencias Biológicas,TROLE,Gustavo A. Madero,False,0.003059
scenario_metro,METRO,"(-99.02026, 19.29552)",Av. Tláhuac - Benito Juárez,RTP,Tláhuac,False,0.003057
scenario_metro,METRO,"(-99.01657, 19.29217)",Eje 10 Sur Ojo de Agua - Av. Tláhuac,RTP,Tláhuac,False,0.003057
scenario_metro,METRO,"(-99.10688, 19.48265)",Martín Carrera,TROLE,Gustavo A. Madero,False,0.003056
scenario_metro,METRO,"(-99.16646, 19.45037)",Salvador Díaz Mirón - Av. de los Maestros,CC,Miguel Hidalgo,False,0.003055
scenario_metro,METRO,"(-99.22354, 19.28203)",Hocaba,RTP,Tlalpan,False,0.003054
scenario_metro,METRO,"(-99.246369, 19.352476)",Banda Farfan,CC,Álvaro Obregón,False,0.003053
scenario_metro,METRO,"(-99.27009, 19.36484)",Antigua,RTP,Cuajimalpa de Morelos,False,0.003053
scenario_metro,METRO,"(-99.21212, 19.47258)",Calz. de la Naranja - Abundio Gómez,CC,Naucalpan de Juárez,False,0.003052
scenario_metro,METRO,"(-99.16202, 19.24058)",Av. México Ajusco,RTP,Tlalpan,False,0.003048
scenario_metro,METRO,"(-99.1312345, 19.6296313)",Villas de San José,MEXIBÚS,Tultitlán,False,0.003048
scenario_metro,METRO,"(-99.08024, 19.450949)",Av. 508 y Segunda de 565,CC,Gustavo A. Madero,False,0.003048
scenario_metro,METRO,"(-99.14676, 19.39525)",Centro SCOP,MB,Benito Juárez,False,0.003047
scenario_metro,METRO,"(-99.26454, 19.3558)",Prados de la MontaNa,RTP,Cuajimalpa de Morelos,False,0.003044
scenario_metro,METRO,"(-99.16414, 19.4482)",Eje 1 Norte José Antonio Alzate - Circuito Interior Av. Intituto Técnico Industrial,CC,Cuauhtémoc,False,0.003044
scenario_metro,METRO,"(-99.04368, 19.28591)",La Turba - Unidad Habitacional La Draga,RTP,Tláhuac,False,0.003044
scenario_metro,METRO,"(-99.05854, 19.39881)",Base Anillo Periférico Canal de San Juan,CC,Iztacalco,False,0.003042
scenario_metro,METRO,"(-99.09044, 19.49716)",5 de Mayo,MB,Gustavo A. Madero,False,0.003041
scenario_metro,METRO,"(-99.21473, 19.47338)",Calz. de la Naranja - Emilio Carranza,CC,Azcapotzalco,False,0.003039
scenario_metro,METRO,"(-99.18335, 19.37469)",Augusto Rodín,TROLE,Benito Juárez,False,0.003039
scenario_metro,METRO,"(-99.19225, 19.44297)",Lago Hielmar - Av. Río San Joaquin,CC,Miguel Hidalgo,False,0.003039
scenario_metro,METRO,"(-99.134372, 19.330094)",Av. Santa Ana - Retorno 22,CC,Coyoacán,False,0.003036
scenario_metro,METRO,"(-99.06324, 19.494301)",Av. del  Valle del Yang-Tse y Valle de Bardagi,CC,Nezahualcóyotl,False,0.003029
scenario_metro,METRO,"(-99.04851, 19.20177)",Quetzalcoatl - Morelos,RTP,Milpa Alta,False,0.003027
scenario_metro,METRO,"(-99.1558, 19.295)",Tlalpan y San Juan de Dios,CC,Tlalpan,False,0.003026
scenario_metro,METRO,"(-99.17466, 19.23409)",Diligencias,RTP,Tlalpan,False,0.00302
scenario_metro,METRO,"(-99.02777, 19.19694)",Tlaxcala,RTP,Milpa Alta,False,0.003016
scenario_metro,METRO,"(-99.0038, 19.34937)",Eje 6 Sur - México,RTP,Iztapalapa,False,0.003015
scenario_metro,METRO,"(-99.12787, 19.47609)",Fundidora de Monterrey - Primavera,CC,Gustavo A. Madero,False,0.003013
scenario_metro,METRO,"(-99.16662, 19.23439)",Del Río,RTP,Tlalpan,False,0.003012
scenario_metro,METRO,"(-99.14646, 19.39277)",Cumbres de Acultzingo,TROLE,Benito Juárez,False,0.00301
scenario_metro,METRO,"(-99.14025, 19.39437)",Xola,MB,Benito Juárez,False,0.00301
scenario_metro,METRO,"(-99.1297, 19.39768)",Andrés Molina,MB,Iztacalco,False,0.003007
scenario_metro,METRO,"(-99.244032, 19.35366)",Llano Redondo,CC,Álvaro Obregón,False,0.003006
scenario_metro,METRO,"(-99.108953, 19.36643)",Av. 5  y Calle 8,CC,Iztapalapa,False,0.003006
scenario_metro,METRO,"(-99.12254, 19.35759)",Ermita y La Viga,CC,Coyoacán,False,0.003005
scenario_metro,METRO,"(-99.10737, 19.364524)",Calle 6  y Av. 5,CC,Iztapalapa,False,0.003004
scenario_metro,METRO,"(-99.18205, 19.43281)",Av. Horacio y Av. Mariano Escobedo,CC,Miguel Hidalgo,False,0.002999
scenario_metro,METRO,"(-99.25711, 19.37929)",Frente a Nissan,RTP,Álvaro Obregón,False,0.002996
scenario_metro,METRO,"(-99.21744, 19.48708)",De las Armas - Echegaray,CC,Naucalpan de Juárez,False,0.002994
scenario_metro,METRO,"(-99.248322, 19.351641)",Unidad 3002,CC,Álvaro Obregón,False,0.002993
scenario_metro,METRO,"(-99.12837, 19.2129)",Carretera a Topilejo - Monte Sur,RTP,Xochimilco,False,0.00299
scenario_metro,METRO,"(-99.17778, 19.23302)",Chabacano,RTP,Tlalpan,False,0.002987
scenario_metro,METRO,"(-99.080837, 19.461455)",José Loreto Fabela y Zoológico de Aragón,CC,Gustavo A. Madero,False,0.002987
scenario_metro,METRO,"(-99.17707, 19.46887)",Glorieta de Camarones,TROLE,Azcapotzalco,False,0.002987
scenario_metro,METRO,"(-99.21679, 19.42878)",Paseo de las Palmas - Monte Tabor,CC,Miguel Hidalgo,False,0.002986
scenario_metro,METRO,"(-99.14516, 19.403)",Viaducto,TROLE,Benito Juárez,False,0.002985
scenario_metro,METRO,"(-99.14723, 19.24044)",Carretera México-Cuernavaca - Paso a Desnivel,CC,Tlalpan,False,0.002985
scenario_metro,METRO,"(-99.0115044, 19.607328)",Palomas,MEXIBÚS,Ecatepec de Morelos,False,0.002985
scenario_metro,METRO,"(-99.22818, 19.26607)",Venusia,RTP,Tlalpan,False,0.002985
scenario_metro,METRO,"(-99.1787, 19.42518)",Tolstoi,TROLE,Miguel Hidalgo,False,0.002984
scenario_metro,METRO,"(-99.21272, 19.34623)",Edificios Galaxia,RTP,Álvaro Obregón,False,0.002984
scenario_metro,METRO,"(-99.21933, 19.38459)",Guadalupe Victoria,RTP,Álvaro Obregón,False,0.002982
scenario_metro,METRO,"(-99.051649, 19.49943)",Av. Valle de Santiago y Lázaro Cárdenas,CC,Ecatepec de Morelos,False,0.00298
scenario_metro,METRO,"(-99.20225, 19.39032)",Escuadrón 201,RTP,Álvaro Obregón,False,0.002977
scenario_metro,METRO,"(-99.16052, 19.44159)",Rosas Moreno y Ribera de San Cosme,CC,Cuauhtémoc,False,0.002976
scenario_metro,METRO,"(-99.10141, 19.47108)",Talisman,MB,Gustavo A. Madero,False,0.002974
scenario_metro,METRO,"(-99.26614, 19.38421)",Bosques de la Reforma - Secretaría de la Marina,CC,Cuajimalpa de Morelos,False,0.002972
scenario_metro,METRO,"(-99.20312, 19.48383)",Calz. San Isidro y Renacimiento,CC,Azcapotzalco,False,0.00297
scenario_metro,METRO,"(-99.1799, 19.3518)",Margarita,RTP,Álvaro Obregón,False,0.002967
scenario_metro,METRO,"(-99.16582, 19.444)",Circuito Interior - Ribera de San Cosme,RTP,Miguel Hidalgo,False,0.002963
scenario_metro,METRO,"(-99.18152, 19.43267)",Horacio,TROLE,Miguel Hidalgo,False,0.002961
scenario_metro,METRO,"(-99.14517, 19.49315)",Instituto del Petróleo,MB,Gustavo A. Madero,False,0.002959
scenario_metro,METRO,"(-99.22293, 19.27451)",Peto,RTP,Tlalpan,False,0.002958
scenario_metro,METRO,"(-99.1376, 19.52025)",San Marcos,RTP,Gustavo A. Madero,False,0.002958
scenario_metro,METRO,"(-99.155812, 19.328097)",Moctezuma,TROLE,Coyoacán,False,0.002958
scenario_metro,METRO,"(-99.151283, 19.334152)",Eje 10,TROLE,Coyoacán,False,0.002958
scenario_metro,METRO,"(-99.105668, 19.3219)",Calzada de La Virgen - Manuela Medina,CC,Coyoacán,False,0.002957
scenario_metro,METRO,"(-99.16537, 19.37068)",Zapata II,TROLE,Benito Juárez,False,0.002954
scenario_metro,METRO,"(-99.18597, 19.39091)",Calle 10,RTP,Benito Juárez,False,0.002954
scenario_metro,METRO,"(-99.150112, 19.33764)",Pacífico,TROLE,Coyoacán,False,0.002952
scenario_metro,METRO,"(-99.07136, 19.4819)",Constitución de la República,TROLE,Gustavo A. Madero,False,0.002947
scenario_metro,METRO,"(-99.208561, 19.365289)",5 de Mayo,CC,Álvaro Obregón,False,0.002946
scenario_metro,METRO,"(-99.19031, 19.47815)",Santa Apolonia y Av. Ferrocarriles,CC,Azcapotzalco,False,0.002942
scenario_metro,METRO,"(-99.11797, 19.50165)",Insurgentes,RTP,Gustavo A. Madero,False,0.002936
scenario_metro,METRO,"(-99.15679, 19.25417)",Autopista México-Cuernavaca - Colegio Militar,CC,Tlalpan,False,0.002936
scenario_metro,METRO,"(-99.26932, 19.32696)",Cedros,RTP,Álvaro Obregón,False,0.002936
scenario_metro,METRO,"(-99.15021, 19.24495)",Puente peatonal Caseta,RTP,Tlalpan,False,0.002933
scenario_metro,METRO,"(-99.109017, 19.338379)",Av. Tláhuac - Calzada Taxqueña,CC,Iztapalapa,False,0.002932
scenario_metro,METRO,"(-99.14305, 19.51742)",Uranio,CC,Gustavo A. Madero,False,0.002928
scenario_metro,METRO,"(-99.15541, 19.44035)",Revolución,MB,Cuauhtémoc,False,0.002927
scenario_metro,METRO,"(-99.13127, 19.50806)",Frente a Escuela ESIA,RTP,Gustavo A. Madero,False,0.002925
scenario_metro,METRO,"(-99.059738, 19.304689)",Providencia - Hospital,CC,Iztapalapa,False,0.002922
scenario_metro,METRO,"(-99.01161, 19.35067)",Octavio Senties - Eje 6 Sur Av. de las Torres,RTP,Iztapalapa,False,0.002922
scenario_metro,METRO,"(-99.15646, 19.20779)",Carretera Federal a Cuernavaca - Anacahuita,RTP,Tlalpan,False,0.002921
scenario_metro,METRO,"(-99.26963, 19.37118)",Volcanes,RTP,Cuajimalpa de Morelos,False,0.002921
scenario_metro,METRO,"(-99.13128, 19.5032)",Instituto Politécnico Nacional - Juan de Dios Batiz,RTP,Gustavo A. Madero,False,0.002919
scenario_metro,METRO,"(-99.03998, 19.2038)",Carretera a Oaxtepec,RTP,Milpa Alta,False,0.002918
scenario_metro,METRO,"(-99.14595, 19.4984)",Escuela Nacional de Ciencias Biológicas,TROLE,Gustavo A. Madero,False,0.002916
scenario_metro,METRO,"(-99.09566, 19.19464)",Av. José María Morelos-Tepecuentech,RTP,Milpa Alta,False,0.002914
scenario_metro,METRO,"(-99.14294, 19.39475)",Alamos,MB,Benito Juárez,False,0.002914
scenario_metro,METRO,"(-99.197556, 19.360035)",Calz. De las Aguilas,CC,Álvaro Obregón,False,0.002912
scenario_metro,METRO,"(-98.96994, 19.30635)",Eje 10 Sur - Narciso María Loreto,RTP,Tláhuac,False,0.002911
scenario_metro,METRO,"(-99.14681, 19.39009)",Luz Saviñón,TROLE,Benito Juárez,False,0.002909
scenario_metro,METRO,"(-99.1832, 19.43697)",Newton,TROLE,Miguel Hidalgo,False,0.002898
scenario_metro,METRO,"(-99.17758, 19.46499)",Clavería,RTP,Azcapotzalco,False,0.002893
scenario_metro,METRO,"(-99.19757, 19.22886)",Bienestar,RTP,Tlalpan,False,0.002892
scenario_metro,METRO,"(-99.17893, 19.27101)",Volcán Iztaccihuatl - Apaches,CC,Tlalpan,False,0.002892
scenario_metro,METRO,"(-99.02906, 19.333)",Camino a Minas - Primero de Enero,RTP,Iztapalapa,False,0.002892
scenario_metro,METRO,"(-99.11891, 19.21755)",Carretera Xochimilco-San Pablo - El Conejo,RTP,Xochimilco,False,0.002892
scenario_metro,METRO,"(-99.195, 19.22987)",Mariano Abasolo 2,RTP,Tlalpan,False,0.002892
scenario_metro,METRO,"(-99.22619, 19.37929)",Gobernador Sanchez Hernández,RTP,Álvaro Obregón,False,0.002891
scenario_metro,METRO,"(-99.17501, 19.35136)",Semarnat,RTP,Coyoacán,False,0.002891
scenario_metro,METRO,"(-99.16567, 19.19795)",Carretera Federal a Cuernavaca - Km 31 Camino Antiguo al Ajusco,RTP,Tlalpan,False,0.002891
scenario_metro,METRO,"(-99.16163, 19.24073)",Carrtera Federal  a Cuernavaca - Km 24.5 Terrazas,RTP,Tlalpan,False,0.002891
scenario_metro,METRO,"(-99.27478, 19.37645)",Loma del Rey,RTP,Cuajimalpa de Morelos,False,0.002891
scenario_metro,METRO,"(-99.15253, 19.35497)",División del Norte,RTP,Coyoacán,False,0.002889
scenario_metro,METRO,"(-99.019125, 19.6316604)",Margarito F. Ayala,MEXIBÚS,Tecámac,False,0.002889
scenario_metro,METRO,"(-99.20902, 19.33181)",Eje 10 Sur - Anillo Periférico,RTP,Álvaro Obregón,False,0.002888
scenario_metro,METRO,"(-99.085727, 19.32056)",Av. Tláhuac - Metro Calle 11. Mantenimiento,CC,Iztapalapa,False,0.002885
scenario_metro,METRO,"(-99.16576, 19.26471)",Tunel de San Pedro Puente Verde,RTP,Tlalpan,False,0.00288
