escenario,escenario_label,id,nombre,sistema,alcaldia_municipio,es_cetram,betweenness_centrality
baseline,Baseline,"(-99.18675, 19.40219)",Tacubaya,METRO,Miguel Hidalgo,False,0.223204
baseline,Baseline,"(-99.18758, 19.37626)",Mixcoac,METRO,Benito Juárez,False,0.192312
baseline,Baseline,"(-99.14678, 19.43738)",Hidalgo,METRO,Cuauhtémoc,False,0.151512
baseline,Baseline,"(-99.14906, 19.42648)",Balderas,METRO,Cuauhtémoc,False,0.142994
baseline,Baseline,"(-99.14463, 19.40722)",Lázaro Cárdenas,METRO,Cuauhtémoc,False,0.136467
baseline,Baseline,"(-99.16451, 19.37119)",Zapata,METRO,Benito Juárez,False,0.135738
baseline,Baseline,"(-99.16852, 19.40593)",Chilpancingo,METRO,Cuauhtémoc,False,0.134797
baseline,Baseline,"(-99.1656, 19.37085)",Zapata,METRO,Benito Juárez,False,0.134631
baseline,Baseline,"(-99.18926, 19.3615)",Barranca del Muerto,METRO,Álvaro Obregón,False,0.13134
baseline,Baseline,"(-99.139, 19.444)",Garibaldi y Lagunilla,METRO,Cuauhtémoc,False,0.130345
baseline,Baseline,"(-99.1369, 19.40087)",Viaducto,METRO,Benito Juárez,False,0.123212
baseline,Baseline,"(-99.13896, 19.38758)",Villa de Cortés,METRO,Benito Juárez,False,0.122859
baseline,Baseline,"(-99.14722, 19.43755)",Hidalgo,METRO,Cuauhtémoc,False,0.119438
baseline,Baseline,"(-99.15142, 19.36134)",Eje Central,METRO,Benito Juárez,False,0.119102
baseline,Baseline,"(-99.14157, 19.36992)",Portales,METRO,Benito Juárez,False,0.117783
baseline,Baseline,"(-99.1572, 19.38617)",Eugenia,METRO,Benito Juárez,False,0.114356
baseline,Baseline,"(-99.14344, 19.34082)",Las Torres,TL,Coyoacán,False,0.108992
baseline,Baseline,"(-99.15603, 19.39592)",Etiopía y Plaza de la Transparencia,METRO,Benito Juárez,False,0.108622
baseline,Baseline,"(-99.14501, 19.35324)",General Anaya,METRO,Coyoacán,False,0.108159
baseline,Baseline,"(-99.13562, 19.40918)",Chabacano,METRO,Cuauhtémoc,False,0.106856
baseline,Baseline,"(-99.14186, 19.33573)",Ciudad Jardín,TL,Coyoacán,False,0.106514
baseline,Baseline,"(-99.13787, 19.44389)",Garibaldi y Lagunilla,METRO,Cuauhtémoc,False,0.106045
baseline,Baseline,"(-99.19135, 19.41177)",Constituyentes,METRO,Miguel Hidalgo,False,0.103639
baseline,Baseline,"(-99.15325, 19.41376)",Hospital General,METRO,Cuauhtémoc,False,0.102739
baseline,Baseline,"(-99.18661, 19.38434)",San Antonio,METRO,Benito Juárez,False,0.10079
baseline,Baseline,"(-99.13023, 19.44322)",Lagunilla,METRO,Cuauhtémoc,False,0.099048
baseline,Baseline,"(-99.08722, 19.44569)",Oceanía,METRO,Venustiano Carranza,False,0.099006
baseline,Baseline,"(-99.11957, 19.43917)",Morelos,METRO,Venustiano Carranza,False,0.098633
baseline,Baseline,"(-99.10371, 19.43657)",Ricardo Flores Magón,METRO,Venustiano Carranza,False,0.096087
baseline,Baseline,"(-99.12235, 19.4091)",Jamaica,METRO,Venustiano Carranza,False,0.096036
baseline,Baseline,"(-99.14313, 19.45506)",Tlatelolco,METRO,Cuauhtémoc,False,0.095915
baseline,Baseline,"(-99.17088, 19.37201)",Hospital 20 de Noviembre,METRO,Benito Juárez,False,0.091605
baseline,Baseline,"(-99.14161, 19.43638)",Bellas Artes,METRO,Cuauhtémoc,False,0.091349
baseline,Baseline,"(-99.15603, 19.40656)",Centro Médico,METRO,Cuauhtémoc,False,0.091301
baseline,Baseline,"(-99.14948, 19.427)",Balderas,METRO,Cuauhtémoc,False,0.090993
baseline,Baseline,"(-99.14379, 19.34128)",Calz. de Tlalpan - Candelaria,RTP,Coyoacán,False,0.089428
baseline,Baseline,"(-99.17892, 19.40611)",Patriotismo,METRO,Cuauhtémoc,False,0.087539
baseline,Baseline,"(-99.14519, 19.44473)",Guerrero,METRO,Cuauhtémoc,False,0.087112
baseline,Baseline,"(-99.11297, 19.40837)",Mixiuhca,METRO,Venustiano Carranza,False,0.086835
baseline,Baseline,"(-99.18673, 19.3757)",Mixcoac,METRO,Benito Juárez,False,0.086373
baseline,Baseline,"(-99.13264, 19.42592)",Pino Suárez,METRO,Cuauhtémoc,False,0.085125
baseline,Baseline,"(-99.14125, 19.43158)",San Juan de Letrán,METRO,Cuauhtémoc,False,0.08425
baseline,Baseline,"(-99.13397, 19.40851)",Chabacano,METRO,Cuauhtémoc,False,0.083589
baseline,Baseline,"(-99.13951, 19.46888)",La Raza,METRO,Gustavo A. Madero,False,0.083112
baseline,Baseline,"(-99.13687, 19.43556)",Allende,METRO,Cuauhtémoc,False,0.082265
baseline,Baseline,"(-99.12314, 19.35776)",Mexicaltzingo,METRO,Coyoacán,False,0.080536
baseline,Baseline,"(-99.16066, 19.4419)",San Cosme,METRO,Cuauhtémoc,False,0.079643
baseline,Baseline,"(-99.11348, 19.3983)",Coyuya,METRO,Iztacalco,True,0.07945
baseline,Baseline,"(-99.17112, 19.42185)",Sevilla,METRO,Cuauhtémoc,False,0.076731
baseline,Baseline,"(-99.13316, 19.27953)",Tepepan,TL,Xochimilco,False,0.075076
baseline,Baseline,"(-99.1546, 19.42566)",Cuauhtémoc,METRO,Cuauhtémoc,False,0.074304
baseline,Baseline,"(-99.188, 19.37612)",Mixcoac Norte,TROLE,Benito Juárez,True,0.072769
baseline,Baseline,"(-99.18697, 19.37568)",Patriotismo,TROLE,Benito Juárez,False,0.071014
baseline,Baseline,"(-99.13931, 19.32749)",Xotepingo,TL,Coyoacán,False,0.07014
baseline,Baseline,"(-99.17178, 19.44927)",Colegio Militar,METRO,Miguel Hidalgo,False,0.068138
baseline,Baseline,"(-99.13652, 19.46967)",La Raza,METRO,Gustavo A. Madero,False,0.067627
baseline,Baseline,"(-99.15515, 19.40773)",Centro Médico,METRO,Cuauhtémoc,False,0.066644
baseline,Baseline,"(-99.1077, 19.37321)",Aculco,METRO,Iztapalapa,False,0.066537
baseline,Baseline,"(-99.14185, 19.42772)",Salto del Agua,METRO,Cuauhtémoc,False,0.065888
baseline,Baseline,"(-99.10452, 19.32815)",San Andrés Tomatlán,METRO,Iztapalapa,False,0.065632
baseline,Baseline,"(-99.17086, 19.36136)",Coyoacán,METRO,Benito Juárez,False,0.06561
baseline,Baseline,"(-99.10316, 19.40854)",Velódromo,METRO,Venustiano Carranza,False,0.065546
baseline,Baseline,"(-99.15872, 19.37066)",Parque de los Venados,METRO,Benito Juárez,False,0.065425
baseline,Baseline,"(-99.14341, 19.42695)",Salto del Agua,METRO,Cuauhtémoc,False,0.065223
baseline,Baseline,"(-99.13201, 19.47719)",Potrero,METRO,Gustavo A. Madero,False,0.065214
baseline,Baseline,"(-99.11863, 19.26445)",Huichapan,TL,Xochimilco,False,0.064859
baseline,Baseline,"(-99.176, 19.35346)",Viveros y  Derechos Humanos,METRO,Álvaro Obregón,False,0.064341
baseline,Baseline,"(-99.14768, 19.43325)",Juárez,METRO,Cuauhtémoc,False,0.064294
baseline,Baseline,"(-99.09125, 19.40843)",Ciudad Deportiva,METRO,Iztacalco,False,0.063937
baseline,Baseline,"(-99.0942, 19.44084)",Romero Rubio,METRO,Venustiano Carranza,False,0.06371
baseline,Baseline,"(-99.15948, 19.37918)",División del Norte,METRO,Benito Juárez,False,0.062455
baseline,Baseline,"(-99.12407, 19.44279)",Tepito,METRO,Cuauhtémoc,False,0.062173
baseline,Baseline,"(-99.16517, 19.37078)",Zapata II,TROLE,Benito Juárez,False,0.061518
baseline,Baseline,"(-99.09345, 19.35783)",Iztapalapa,METRO,Iztapalapa,True,0.061432
baseline,Baseline,"(-99.10804, 19.25946)",Xochimilco,TL,Xochimilco,False,0.061307
baseline,Baseline,"(-99.108536, 19.25972)",Av. Cuauhtémoc y Gladiolas,CC,Xochimilco,False,0.061149
baseline,Baseline,"(-99.12627, 19.40671)",La Viga,METRO,Cuauhtémoc,False,0.060894
baseline,Baseline,"(-99.17015, 19.31219)",Av. Aztecas,RTP,Coyoacán,False,0.060857
baseline,Baseline,"(-99.13781, 19.39521)",Xola,METRO,Benito Juárez,False,0.060059
baseline,Baseline,"(-99.11211, 19.38829)",Iztacalco,METRO,Iztacalco,False,0.059916
baseline,Baseline,"(-99.07933, 19.45101)",Deportivo Oceanía,METRO,Gustavo A. Madero,False,0.059826
baseline,Baseline,"(-99.1136, 19.39828)",Metro Coyuya,MB,Iztacalco,True,0.059795
baseline,Baseline,"(-99.14042, 19.43701)",Bellas Artes,METRO,Cuauhtémoc,False,0.058939
baseline,Baseline,"(-99.18733, 19.40203)",Metro Tacubaya,RTP,Miguel Hidalgo,False,0.058296
baseline,Baseline,"(-99.17421, 19.32478)",Paradero Metro Universidad lado poniente,RTP,Coyoacán,False,0.058145
baseline,Baseline,"(-99.08239, 19.40719)",Puebla,METRO,Venustiano Carranza,False,0.057919
baseline,Baseline,"(-99.0638, 19.34597)",Constitución de 1917,METRO,Iztapalapa,False,0.057419
baseline,Baseline,"(-99.11296, 19.43237)",San Lázaro,METRO,Venustiano Carranza,False,0.057363
baseline,Baseline,"(-99.14471, 19.48934)",Instituto del Petróleo,METRO,Gustavo A. Madero,False,0.057335
baseline,Baseline,"(-99.18198, 19.41295)",Juanacatlán,METRO,Miguel Hidalgo,False,0.057124
baseline,Baseline,"(-99.17394, 19.32435)",Universidad,METRO,Coyoacán,True,0.056979
baseline,Baseline,"(-99.17642, 19.42075)",Chapultepec,METRO,Cuauhtémoc,True,0.056508
baseline,Baseline,"(-99.14062, 19.33171)",La Virgen,TL,Coyoacán,False,0.05642
baseline,Baseline,"(-99.16329, 19.42365)",Insurgentes,METRO,Cuauhtémoc,False,0.056194
baseline,Baseline,"(-99.1429, 19.36198)",Ermita,METRO,Benito Juárez,False,0.056028
baseline,Baseline,"(-99.05942, 19.39876)",Canal de San Juan,METRO,Iztacalco,False,0.056009
baseline,Baseline,"(-99.12066, 19.40412)",Santa Anita,METRO,Iztacalco,False,0.055882
baseline,Baseline,"(-99.14319, 19.42155)",Doctores,METRO,Cuauhtémoc,False,0.055699
baseline,Baseline,"(-99.14002, 19.38005)",Nativitas,METRO,Benito Juárez,False,0.055611
baseline,Baseline,"(-99.07221, 19.41535)",Pantitlán,METRO,Iztacalco,False,0.055496
baseline,Baseline,"(-99.15036, 19.41948)",Niños Héroes y  Poder Judicial CDMX,METRO,Cuauhtémoc,False,0.055429
baseline,Baseline,"(-99.07192, 19.4153)",Pantitlán,METRO,Iztacalco,False,0.055203
baseline,Baseline,"(-99.14921, 19.50068)",Politécnico,METRO,Gustavo A. Madero,False,0.054919
baseline,Baseline,"(-99.13969, 19.28273)",Periférico Participación Ciudadana,TL,Tlalpan,False,0.054552
baseline,Baseline,"(-99.07482, 19.35106)",UAM-I,METRO,Iztapalapa,False,0.054322
baseline,Baseline,"(-99.15423, 19.43923)",Revolución,METRO,Cuauhtémoc,False,0.054044
baseline,Baseline,"(-99.13375, 19.41021)",Chabacano,METRO,Cuauhtémoc,False,0.054025
baseline,Baseline,"(-99.14404, 19.41324)",Obrera,METRO,Cuauhtémoc,False,0.053543
baseline,Baseline,"(-99.18764, 19.40251)",Tacubaya,METRO,Miguel Hidalgo,False,0.052938
baseline,Baseline,"(-99.20203, 19.3479)",Camino al Desierto de los Leones,RTP,Álvaro Obregón,False,0.052863
baseline,Baseline,"(-99.17825, 19.37355)",Insurgentes Sur,METRO,Benito Juárez,False,0.05268
baseline,Baseline,"(-99.14399, 19.41295)",Obrera,TROLE,Cuauhtémoc,False,0.052626
baseline,Baseline,"(-99.14423, 19.41218)",Obrera,TROLE,Cuauhtémoc,False,0.052362
baseline,Baseline,"(-99.08587, 19.32047)",Calle 11,METRO,Iztapalapa,False,0.05232
baseline,Baseline,"(-99.14307, 19.3072)",El Vergel,TL,Coyoacán,False,0.052132
baseline,Baseline,"(-99.2208, 19.32122)",Periférico - Luis Cabrera,RTP,La Magdalena Contreras,False,0.052086
baseline,Baseline,"(-99.18924, 19.36319)",Barranca del Muerto,RTP,Benito Juárez,False,0.051679
baseline,Baseline,"(-99.19011, 19.3633)",Tiburcio Sanchez de la Barquera,RTP,Benito Juárez,False,0.051631
baseline,Baseline,"(-99.19203, 19.42576)",Auditorio,METRO,Miguel Hidalgo,False,0.051601
baseline,Baseline,"(-99.14494, 19.35276)",Calz. de Tlalpan - Metro General Anaya,RTP,Coyoacán,False,0.051517
baseline,Baseline,"(-99.14448, 19.34565)",Cerro de Jesús,RTP,Coyoacán,False,0.051094
baseline,Baseline,"(-99.14706, 19.30183)",Estadio Azteca,TL,Coyoacán,False,0.051087
baseline,Baseline,"(-99.10949, 19.3791)",Apatlaco,METRO,Iztapalapa,False,0.051072
baseline,Baseline,"(-99.14468, 19.40762)",Lázaro Cárdenas,TROLE,Cuauhtémoc,False,0.051042
baseline,Baseline,"(-99.13294, 19.42438)",Pino Suárez,METRO,Cuauhtémoc,False,0.050932
baseline,Baseline,"(-99.14501, 19.34825)",Calz. de Tlalpan - Patinadores,RTP,Coyoacán,False,0.050685
baseline,Baseline,"(-99.20069, 19.34941)",Anillo Periférico,RTP,Álvaro Obregón,False,0.050233
baseline,Baseline,"(-99.14163, 19.35982)",Ermita,METRO,Benito Juárez,False,0.050019
baseline,Baseline,"(-99.108475, 19.25661)",Francisco Goytia y Gladiolas,CC,Xochimilco,False,0.049806
baseline,Baseline,"(-99.16727, 19.44456)",Normal,METRO,Miguel Hidalgo,False,0.049413
baseline,Baseline,"(-99.20126, 19.34854)",Anillo Periférico Sur - Altavista,RTP,Álvaro Obregón,False,0.048957
baseline,Baseline,"(-99.18776, 19.40146)",Tacubaya,METRO,Miguel Hidalgo,True,0.048038
baseline,Baseline,"(-99.1815, 19.45725)",Cuitláhuac,METRO,Miguel Hidalgo,False,0.047833
baseline,Baseline,"(-99.19096, 19.36316)",Anillo  Periférico Sur - Barranca del Muerto,RTP,Álvaro Obregón,False,0.047632
baseline,Baseline,"(-99.190016, 19.361767)",Base CETRAM Barranca del Muerto,CC,Álvaro Obregón,True,0.047455
baseline,Baseline,"(-99.10624, 19.35275)",Atlalilco,METRO,Iztapalapa,False,0.04744
baseline,Baseline,"(-99.21293, 19.32702)",Cerrada Redención,RTP,La Magdalena Contreras,False,0.047434
baseline,Baseline,"(-99.10623, 19.255912)",Francisco Goytia y Deportivo Xochimilco,CC,Xochimilco,False,0.046955
baseline,Baseline,"(-99.19093, 19.43355)",Polanco,METRO,Miguel Hidalgo,False,0.046439
baseline,Baseline,"(-99.21892, 19.32252)",Luis Cabrera,RTP,La Magdalena Contreras,False,0.04615
baseline,Baseline,"(-99.20338, 19.34044)",Anillo Periférico Sur - Av. Toluca,RTP,Álvaro Obregón,False,0.04606
baseline,Baseline,"(-99.108483, 19.261934)",Gladiolas y Girasol,CC,Xochimilco,False,0.045958
baseline,Baseline,"(-99.19004, 19.47911)",Camarones,METRO,Azcapotzalco,False,0.045919
baseline,Baseline,"(-99.19894, 19.35569)",Anillo Periférico Sur - Av.  las Flores,RTP,Álvaro Obregón,False,0.045628
baseline,Baseline,"(-99.12555, 19.26792)",La Noria,TL,Xochimilco,False,0.045262
baseline,Baseline,"(-99.19855, 19.3567)",Anillo Periférico Sur - Las Flores,RTP,Álvaro Obregón,False,0.045234
baseline,Baseline,"(-99.20219, 19.34741)",Anillo Periférico Sur - Desierto de los Leones,RTP,Álvaro Obregón,False,0.044982
baseline,Baseline,"(-99.18914, 19.36147)",Barranca del Muerto,RTP,Álvaro Obregón,False,0.044714
baseline,Baseline,"(-99.18717, 19.45823)",Tacuba,METRO,Miguel Hidalgo,False,0.044578
baseline,Baseline,"(-99.21157, 19.3305)",Av. San Jerónimo - Anillo Periférico,RTP,La Magdalena Contreras,False,0.043918
baseline,Baseline,"(-99.17549, 19.45291)",Popotla,METRO,Miguel Hidalgo,False,0.043916
baseline,Baseline,"(-99.21173, 19.32923)",Anillo Periférico Blvd. Adolfo Ruiz Cortines - Tarasquillo,RTP,La Magdalena Contreras,False,0.043376
baseline,Baseline,"(-99.21116, 19.3315)",Anillo Periférico Sur - San Jerónimo,RTP,La Magdalena Contreras,False,0.042857
baseline,Baseline,"(-99.11328, 19.4082)",Mixiuhca,MB,Venustiano Carranza,False,0.042674
baseline,Baseline,"(-99.10131, 19.35608)",Atlalilco,METRO,Iztapalapa,False,0.042456
baseline,Baseline,"(-99.08562, 19.35605)",Cerro de la Estrella,METRO,Iztapalapa,False,0.042102
baseline,Baseline,"(-99.20265, 19.34458)",Televisa - San Ángel,RTP,Álvaro Obregón,False,0.041788
baseline,Baseline,"(-99.19177, 19.44501)",San Joaquín,METRO,Miguel Hidalgo,False,0.041586
baseline,Baseline,"(-99.15125, 19.36195)",Popocatépetl,TROLE,Benito Juárez,False,0.041537
baseline,Baseline,"(-99.13816, 19.32379)",Nezahualpilli,TL,Coyoacán,False,0.041429
baseline,Baseline,"(-99.147477, 19.342344)",Central,TROLE,Coyoacán,False,0.040758
baseline,Baseline,"(-99.06411, 19.3457)",Constitución de 1917,TROLE,Iztapalapa,False,0.040741
baseline,Baseline,"(-99.21518, 19.32513)",Anillo Periférico - DIF,RTP,La Magdalena Contreras,False,0.04062
baseline,Baseline,"(-99.04888, 19.34246)",Dvo. Santa Cruz,TROLE,Iztapalapa,False,0.040327
baseline,Baseline,"(-99.14517, 19.35339)",20 de Agosto y Calz. de Tlalpan,RTP,Coyoacán,False,0.04019
baseline,Baseline,"(-99.14987, 19.34589)",América,TROLE,Coyoacán,False,0.039725
baseline,Baseline,"(-99.15075, 19.34978)",Irlanda,TROLE,Coyoacán,False,0.039431
baseline,Baseline,"(-99.14065, 19.47907)",Autobuses del Norte,METRO,Gustavo A. Madero,False,0.039184
baseline,Baseline,"(-99.11354, 19.45514)",Consulado,METRO,Gustavo A. Madero,False,0.039149
baseline,Baseline,"(-99.14497, 19.34591)",Calz. de Tlalpan - Parque San Andres,RTP,Coyoacán,False,0.039076
baseline,Baseline,"(-99.11949, 19.45887)",Valle Gómez,METRO,Gustavo A. Madero,False,0.038901
baseline,Baseline,"(-99.11353, 19.39939)",Metro Coyuya,MB,Iztacalco,False,0.038853
baseline,Baseline,"(-99.03566, 19.38515)",Guelatao,METRO,Iztapalapa,False,0.03778
baseline,Baseline,"(-99.11134, 19.34798)",Pueblo los Reyes,MB,Iztapalapa,False,0.037433
baseline,Baseline,"(-99.11244, 19.34313)",Barrio San Antonio,MB,Iztapalapa,False,0.037234
baseline,Baseline,"(-99.11315, 19.33372)",Cafetales,MB,Coyoacán,False,0.03702
baseline,Baseline,"(-99.11354, 19.32921)",ESIME Culhuacán,MB,Coyoacán,False,0.036928
baseline,Baseline,"(-99.14946, 19.34523)",América,TROLE,Coyoacán,False,0.03681
baseline,Baseline,"(-99.06957, 19.40462)",Agrícola Oriental,METRO,Iztacalco,False,0.0367
baseline,Baseline,"(-99.00567, 19.36472)",Acatitla,METRO,Iztapalapa,False,0.036181
baseline,Baseline,"(-99.09621, 19.45126)",Aragón,METRO,Gustavo A. Madero,False,0.035889
baseline,Baseline,"(-99.07451, 19.31761)",Periférico Oriente,METRO,Iztapalapa,False,0.035804
baseline,Baseline,"(-99.11124, 19.26074)",Francisco Goitia,TL,Xochimilco,False,0.034785
baseline,Baseline,"(-99.06527, 19.30631)",Tezonco,METRO,Iztapalapa,False,0.034728
baseline,Baseline,"(-99.2215, 19.32201)",Luis Cabrera - Casa Popular,RTP,La Magdalena Contreras,False,0.034647
baseline,Baseline,"(-99.22866, 19.31982)",Luis Cabrera - Naranjos,RTP,La Magdalena Contreras,False,0.034485
baseline,Baseline,"(-99.23075, 19.3181)",Luis Cabrera - Ferrocarril de Cuernavaca,RTP,La Magdalena Contreras,False,0.034238
baseline,Baseline,"(-99.22467, 19.32277)",Luis Cabrera - Jalapa,RTP,La Magdalena Contreras,False,0.034033
baseline,Baseline,"(-99.22162, 19.32222)",Av. Contreras - Casa Popular,RTP,La Magdalena Contreras,False,0.034017
baseline,Baseline,"(-99.23195, 19.3167)",Autopista Urbana Poniente - Universidad Anahuac del Sur,RTP,La Magdalena Contreras,False,0.033891
baseline,Baseline,"(-99.22583, 19.32218)",Av. Contreras  - Tuxpan,RTP,La Magdalena Contreras,False,0.033793
baseline,Baseline,"(-99.13879, 19.31795)",Registro Federal,TL,Coyoacán,False,0.03374
baseline,Baseline,"(-99.078912, 19.450941)",Av. Oceanía y Metro Deportivo Oceanía,CC,Gustavo A. Madero,False,0.033733
baseline,Baseline,"(-99.2289, 19.31936)",Luis Cabrera - Magnolia,RTP,La Magdalena Contreras,False,0.032716
baseline,Baseline,"(-99.23114, 19.31717)",Luis Cabrera - Ferrocarril del Cuernavaca,RTP,La Magdalena Contreras,False,0.032564
baseline,Baseline,"(-99.23721, 19.33282)",Autopista Urbana Poniente - Av. de las Torres,RTP,Álvaro Obregón,False,0.032445
baseline,Baseline,"(-99.23256, 19.31633)",Autopista Urbana Poniente - Roberto Díaz Elizondo,RTP,La Magdalena Contreras,False,0.032313
baseline,Baseline,"(-99.140243, 19.34316)",CETRAM STC Metro Tasqueña,CC,Coyoacán,False,0.032308
baseline,Baseline,"(-99.14048, 19.34368)",Tasqueña,TL,Coyoacán,False,0.032284
baseline,Baseline,"(-99.1912, 19.36178)",Periférico - Barranca del Muerto,CC,Álvaro Obregón,False,0.032182
baseline,Baseline,"(-99.23795, 19.33331)",Autopista Urbana Poniente - Av. de las Torres,RTP,Álvaro Obregón,False,0.032149
baseline,Baseline,"(-99.137226, 19.46991)",CETRAM La Raza BASE,CC,Gustavo A. Madero,False,0.031958
baseline,Baseline,"(-99.201981, 19.366375)",Iztapalapa,CC,Álvaro Obregón,False,0.031207
baseline,Baseline,"(-99.13783, 19.42639)",Isabel la Católica,METRO,Cuauhtémoc,False,0.031168
baseline,Baseline,"(-99.199744, 19.366302)",Azcapotzalco,CC,Álvaro Obregón,False,0.031131
baseline,Baseline,"(-99.205041, 19.366457)",Alta Tension,CC,Álvaro Obregón,False,0.031071
baseline,Baseline,"(-99.13454, 19.41602)",San Antonio Abad,METRO,Cuauhtémoc,False,0.031038
baseline,Baseline,"(-99.19163, 19.42555)",Paseo de la Reforma - Ruben Dario y Calz. Chivatito,RTP,Miguel Hidalgo,False,0.030948
baseline,Baseline,"(-99.00583, 19.3644)",Calz. Ignacio Zaragoza- Metro Acatitla y Amador Salazar,RTP,Iztapalapa,False,0.030169
baseline,Baseline,"(-99.20182, 19.42769)",Paseo de la Reforma - Blvd. Adolfo Lopez Mateos,RTP,Miguel Hidalgo,False,0.030052
baseline,Baseline,"(-99.09575, 19.32215)",Lomas Estrella,METRO,Iztapalapa,False,0.029759
baseline,Baseline,"(-99.13274, 19.4775)",Av. Insurgentes Norte 2,RTP,Gustavo A. Madero,True,0.029592
baseline,Baseline,"(-99.1098, 19.42685)",Moctezuma,METRO,Venustiano Carranza,True,0.029473
baseline,Baseline,"(-99.14433, 19.40965)",Antonio Solís,TROLE,Cuauhtémoc,False,0.029453
baseline,Baseline,"(-99.10493, 19.26462)",Pino - Pedro Ramírez del Castillo,CC,Xochimilco,False,0.029351
baseline,Baseline,"(-99.12091, 19.42954)",Candelaria,METRO,Venustiano Carranza,False,0.029345
baseline,Baseline,"(-99.03344, 19.34394)",Papalotl,TROLE,Iztapalapa,False,0.028962
baseline,Baseline,"(-99.12503, 19.42549)",Merced,METRO,Venustiano Carranza,False,0.02857
baseline,Baseline,"(-99.101058, 19.262119)",C. Violeta y Nuevo León,CC,Xochimilco,False,0.027929
baseline,Baseline,"(-99.05951, 19.30432)",Olivos,METRO,Tláhuac,False,0.027442
baseline,Baseline,"(-99.209438, 19.366622)",Lomas de Plateros,CC,Álvaro Obregón,False,0.02736
baseline,Baseline,"(-99.099171, 19.261852)",Av. Nuevo León y Dalia,CC,Xochimilco,False,0.027308
baseline,Baseline,"(-99.02607, 19.34466)",Aztahuacán,TROLE,Iztapalapa,False,0.027109
baseline,Baseline,"(-99.11134, 19.35663)",Ermita Iztapalapa,MB,Iztapalapa,False,0.027044
baseline,Baseline,"(-99.24005, 19.34508)",Autopista Urbana Poniente - Av. de las Aguilas,RTP,Álvaro Obregón,False,0.026884
baseline,Baseline,"(-99.04633, 19.39128)",Tepalcates,METRO,Iztapalapa,False,0.026839
baseline,Baseline,"(-99.18823, 19.45938)",Tacuba,METRO,Miguel Hidalgo,False,0.025854
baseline,Baseline,"(-99.11943, 19.42876)",Candelaria,METRO,Venustiano Carranza,False,0.025586
baseline,Baseline,"(-99.19509, 19.3583)",Periférico - Las Aguilas,CC,Álvaro Obregón,False,0.025534
baseline,Baseline,"(-99.15235, 19.44619)",Buenavista,METRO,Cuauhtémoc,False,0.025038
baseline,Baseline,"(-99.14178, 19.42696)",Eje 1A Sur José María Izazaga - Eje Central Lázaro Cardenas,CC,Cuauhtémoc,False,0.02501
baseline,Baseline,"(-99.11613, 19.44895)",Canal del Norte,METRO,Venustiano Carranza,False,0.024975
baseline,Baseline,"(-99.191957, 19.363897)",Miguel Ocaranza,CC,Álvaro Obregón,False,0.024926
baseline,Baseline,"(-99.07922, 19.475728)",Puerto Tampico y José Loreto Fabela,CC,Gustavo A. Madero,False,0.024828
baseline,Baseline,"(-99.14332, 19.42702)",Eje 1A Sur Arcos de Belén - Metro Salto del Agua,CC,Cuauhtémoc,False,0.024795
baseline,Baseline,"(-99.12053, 19.42159)",Fray Servando,METRO,Venustiano Carranza,False,0.024634
baseline,Baseline,"(-99.19535, 19.49064)",Aquiles Serdán,METRO,Azcapotzalco,False,0.024498
baseline,Baseline,"(-99.16889, 19.31135)",Totonacas,RTP,Coyoacán,False,0.024259
baseline,Baseline,"(-99.14756, 19.30154)",Calz. de Tlalpan - Estadio Azteca,RTP,Coyoacán,False,0.024165
baseline,Baseline,"(-99.11179, 19.30681)",Vista Hermosa,MB,Coyoacán,False,0.024047
baseline,Baseline,"(-99.11354, 19.30091)",Calzada del Hueso,MB,Coyoacán,False,0.023905
baseline,Baseline,"(-99.1335, 19.40856)",Calz. Chabacano - José Antonio Torres,RTP,Cuauhtémoc,False,0.0239
baseline,Baseline,"(-99.13547, 19.40863)",Calz. San Antonio Abad - Calz. Chabacano,RTP,Cuauhtémoc,False,0.023839
baseline,Baseline,"(-99.20512, 19.42766)",Montes Urales - Paseo de la Reforma,RTP,Miguel Hidalgo,False,0.023838
baseline,Baseline,"(-99.19902, 19.35556)",Periférico - Las Flores,CC,Álvaro Obregón,False,0.023779
baseline,Baseline,"(-99.11449, 19.29541)",Cañaverales,MB,Tlalpan,False,0.023771
baseline,Baseline,"(-99.1053, 19.4514)",Eduardo Molina,METRO,Gustavo A. Madero,False,0.023597
baseline,Baseline,"(-99.25722, 19.34667)",Av. Centenario - Bosques de Tarango,RTP,Álvaro Obregón,False,0.023529
baseline,Baseline,"(-99.1168, 19.28104)",Circuito Cuemanco,MB,Xochimilco,False,0.023523
baseline,Baseline,"(-99.192304, 19.360656)",Andes,CC,Álvaro Obregón,False,0.023324
baseline,Baseline,"(-99.12051, 19.27351)",Preparatoria 1,MB,Xochimilco,False,0.023287
baseline,Baseline,"(-99.13024, 19.46311)",Misterios,METRO,Gustavo A. Madero,False,0.023273
baseline,Baseline,"(-99.13899, 19.4687)",La Raza,MB,Gustavo A. Madero,False,0.023265
baseline,Baseline,"(-99.13941, 19.46933)",Paradero La Raza,CC,Gustavo A. Madero,False,0.023248
baseline,Baseline,"(-99.195381, 19.364159)",Calz. De los Leones,CC,Álvaro Obregón,False,0.023224
baseline,Baseline,"(-99.12018, 19.27406)",Av. de la Noria y Preparatoria 1,RTP,Xochimilco,False,0.023209
baseline,Baseline,"(-99.113, 19.33876)",Calzada Taxqueña,MB,Iztapalapa,False,0.023207
baseline,Baseline,"(-99.16586, 19.30932)",Planta de Asfalto No. 263,RTP,Coyoacán,False,0.023159
baseline,Baseline,"(-99.199966, 19.353917)",Jardin,CC,Álvaro Obregón,False,0.022952
baseline,Baseline,"(-99.25914, 19.34913)",Paseo de los Poetas - Cumbres Santa Fe,RTP,Cuajimalpa de Morelos,False,0.022861
baseline,Baseline,"(-99.19051, 19.46947)",Refinería,METRO,Miguel Hidalgo,False,0.022812
baseline,Baseline,"(-99.04599, 19.29996)",Nopalera,METRO,Tláhuac,False,0.022534
baseline,Baseline,"(-99.09626, 19.41994)",Boulevard Puerto Aéreo,METRO,Venustiano Carranza,True,0.022381
baseline,Baseline,"(-99.13225, 19.4325)",Zócalo,METRO,Cuauhtémoc,False,0.02231
baseline,Baseline,"(-99.20726, 19.42905)",Montes Urales - Volcan,RTP,Miguel Hidalgo,False,0.022128
baseline,Baseline,"(-99.21582, 19.30755)",Anillo Periférico Blvd. Adolfo Ruiz Cortines - Hospital PEMEX,RTP,Tlalpan,False,0.022115
baseline,Baseline,"(-99.18938, 19.36148)",Metro Barranca del Muerto,RTP,Álvaro Obregón,True,0.02211
baseline,Baseline,"(-99.199096, 19.355459)",Av. Las Flores,CC,Álvaro Obregón,False,0.022032
baseline,Baseline,"(-99.04125, 19.34319)",Meyehualco,TROLE,Iztapalapa,False,0.02196
baseline,Baseline,"(-99.01705, 19.37331)",Penón Viejo,METRO,Iztapalapa,False,0.02179
baseline,Baseline,"(-99.20984, 19.42957)",Montes Urales - Av. de los Andes,RTP,Miguel Hidalgo,False,0.021747
baseline,Baseline,"(-99.19856, 19.35676)",Periférico - Las Flores,CC,Álvaro Obregón,False,0.021624
baseline,Baseline,"(-99.14614, 19.44514)",Guerrero,METRO,Cuauhtémoc,False,0.021623
baseline,Baseline,"(-99.20933, 19.30019)",Colegio de México,RTP,Tlalpan,False,0.021544
baseline,Baseline,"(-99.14722, 19.30194)",Tlalpan y Estadio Azteca,CC,Coyoacán,False,0.021517
baseline,Baseline,"(-99.22031, 19.31223)",Hospital Ángeles,RTP,La Magdalena Contreras,False,0.021497
baseline,Baseline,"(-99.207619, 19.366408)",Mejia Delgado,CC,Álvaro Obregón,False,0.02148
baseline,Baseline,"(-99.14859, 19.34274)",División del Norte,TROLE,Coyoacán,False,0.021435
baseline,Baseline,"(-99.00585, 19.35627)",Calz. Ermita Iztapalapa - Niños Héroes,RTP,Iztapalapa,False,0.021367
baseline,Baseline,"(-99.25969, 19.35016)",Paseo de los Poetas - Cumbres Santa Fe,RTP,Cuajimalpa de Morelos,False,0.02122
baseline,Baseline,"(-99.149177, 19.342584)",Division Del Norte,TROLE,Coyoacán,False,0.021216
baseline,Baseline,"(-99.12453, 19.48629)",Deportivo 18 de Marzo,MB,Gustavo A. Madero,False,0.02113
baseline,Baseline,"(-99.21131, 19.42877)",Av. de los Andes - Sierra Mojada,RTP,Miguel Hidalgo,False,0.021059
baseline,Baseline,"(-99.13247, 19.47664)",Potrero,MB,Gustavo A. Madero,False,0.021052
baseline,Baseline,"(-99.21372, 19.29705)",Pico de Turquino,RTP,Tlalpan,False,0.020897
baseline,Baseline,"(-99.19197, 19.44501)",Lago Hielmar - Lago Ginebra,CC,Miguel Hidalgo,False,0.0208
baseline,Baseline,"(-99.21598, 19.2938)",Six Flags,RTP,Tlalpan,False,0.020626
baseline,Baseline,"(-99.20624, 19.30451)",Boulevard de la Luz,RTP,Tlalpan,False,0.020622
baseline,Baseline,"(-99.15056, 19.29909)",Luis Murillo,RTP,Coyoacán,False,0.020618
baseline,Baseline,"(-99.14638, 19.43787)",Hidalgo,TROLE,Cuauhtémoc,False,0.020593
baseline,Baseline,"(-99.138763, 19.468175)",Insurgentes - CETRAM La Raza,CC,Gustavo A. Madero,False,0.020564
baseline,Baseline,"(-99.11266, 19.39026)",Oriente 116,MB,Iztacalco,False,0.020346
baseline,Baseline,"(-99.12174, 19.41092)",Jamaica,METRO,Venustiano Carranza,False,0.020179
baseline,Baseline,"(-99.2172, 19.29111)",Sinanche,RTP,Tlalpan,False,0.020166
baseline,Baseline,"(-99.22124, 19.41117)",Paseo de la Reforma - MontaNas Rocallosas,CC,Miguel Hidalgo,False,0.020138
baseline,Baseline,"(-99.20636, 19.30553)",Anillo Periférico Blvd. Adolfo Ruiz Cortines - Blvd. de la Luz,RTP,Tlalpan,False,0.020094
baseline,Baseline,"(-99.14943, 19.29993)",Tlalpan y Glorieta Huipulco,CC,Coyoacán,False,0.02008
baseline,Baseline,"(-99.10609, 19.25161)",Capulines,RTP,Xochimilco,False,0.020073
baseline,Baseline,"(-99.107478, 19.264317)",Base en Av. Guadalupe I. Ramírez esquina con Av. México,CC,Xochimilco,False,0.020025
baseline,Baseline,"(-99.20012, 19.50474)",El Rosario,METRO,Azcapotzalco,False,0.019976
baseline,Baseline,"(-99.19977, 19.50463)",El Rosario,METRO,Azcapotzalco,False,0.01985
baseline,Baseline,"(-99.15154, 19.35175)",Hidalgo,TROLE,Coyoacán,False,0.019615
baseline,Baseline,"(-99.18627, 19.49091)",UAM Azcapotzalco,METRO,Azcapotzalco,False,0.019605
baseline,Baseline,"(-99.141393, 19.34183)",Calzada de Tlalpan - Av. De las Torres,CC,Coyoacán,False,0.019389
baseline,Baseline,"(-99.106292, 19.264878)",C. Pino y Matamoros,CC,Xochimilco,False,0.01927
baseline,Baseline,"(-99.057158, 19.342902)",Tulipán,TROLE,Iztapalapa,False,0.018995
baseline,Baseline,"(-99.22602, 19.4067)",Paseo de la Reforma - Sierra Ixtlán,CC,Miguel Hidalgo,False,0.018846
baseline,Baseline,"(-99.09407, 19.26079)",Callejón la Gloria - Av. Nuevo León,RTP,Xochimilco,False,0.018818
baseline,Baseline,"(-99.1736, 19.32959)",Jilotzingo,RTP,Coyoacán,False,0.018774
baseline,Baseline,"(-99.17364, 19.32333)",Cetram Universidad anden B,RTP,Coyoacán,False,0.018731
baseline,Baseline,"(-99.22875, 19.40588)",Paseo de la Reforma - Sierra Vertientes,CC,Miguel Hidalgo,False,0.018725
baseline,Baseline,"(-99.103062, 19.264238)",C. Pino y Hidalgo,CC,Xochimilco,False,0.018656
baseline,Baseline,"(-99.11028, 19.36126)",Atanasio G. Saravia,MB,Iztapalapa,False,0.018651
baseline,Baseline,"(-99.21267, 19.366709)",Loma del Angel,CC,Álvaro Obregón,False,0.018547
baseline,Baseline,"(-99.11037, 19.4496)",Canal del Norte,MB,Venustiano Carranza,False,0.018479
baseline,Baseline,"(-99.19259, 19.426)",Paseo de la Reforma y Auditorio Nacional I,CC,Miguel Hidalgo,False,0.018476
baseline,Baseline,"(-99.11426, 19.43006)",San Lázaro,METRO,Venustiano Carranza,False,0.018452
baseline,Baseline,"(-99.15029, 19.50472)",Eje Central y Othon de Mendizabal,CC,Gustavo A. Madero,False,0.018408
baseline,Baseline,"(-99.15515, 19.29557)",Anillo Periférico y Blvd. Adolfo Ruiz Cortines,RTP,Tlalpan,False,0.018337
baseline,Baseline,"(-99.06256, 19.34507)",Calz. Ermita Iztapalapa - Metro Constitución de 1917,RTP,Iztapalapa,False,0.018297
baseline,Baseline,"(-99.06339, 19.34601)",Calz. Ermita Iztapalapa - Metro Constitución de 1917,RTP,Iztapalapa,False,0.018268
baseline,Baseline,"(-99.21049, 19.42459)",Paseo de la Reforma - Explanada I,RTP,Miguel Hidalgo,False,0.018261
baseline,Baseline,"(-99.2087, 19.306)",Anillo Periférico Blvd. Adolfo Ruiz Cortines - TV Azteca,RTP,Tlalpan,False,0.018123
baseline,Baseline,"(-99.21254, 19.42409)",Paseo de la Reforma - Monte Himalaya,RTP,Miguel Hidalgo,False,0.017902
baseline,Baseline,"(-99.138, 19.4712)",Eje 3 Norte Av. Cuitlahuac - Av. Insurgentes Norte,CC,Gustavo A. Madero,False,0.01789
baseline,Baseline,"(-99.08626, 19.25917)",Callejón Begonia - Av. Nuevo León,RTP,Xochimilco,False,0.017811
baseline,Baseline,"(-99.10602, 19.25226)",Base Deportivo Xochimilco,CC,Xochimilco,False,0.017733
baseline,Baseline,"(-99.13997, 19.43864)",Teatro Blanquita,MB,Cuauhtémoc,False,0.017711
baseline,Baseline,"(-99.215806, 19.365975)",Loma Nueva,CC,Álvaro Obregón,False,0.017645
baseline,Baseline,"(-99.10061, 19.262226)",Av. Nuevo León y Violeta,CC,Xochimilco,False,0.017503
baseline,Baseline,"(-99.17697, 19.3361)",Copilco,METRO,Coyoacán,False,0.017497
baseline,Baseline,"(-99.21618, 19.4232)",Paseo de la Reforma - Monte Blanco,RTP,Miguel Hidalgo,False,0.017388
baseline,Baseline,"(-99.218368, 19.364917)",Cda. Centenario,CC,Álvaro Obregón,False,0.017233
baseline,Baseline,"(-99.20034, 19.4022)",Eje 5 Poniente,RTP,Miguel Hidalgo,False,0.017191
baseline,Baseline,"(-99.0185, 19.34876)",Iztahuatzín,TROLE,Iztapalapa,False,0.017126
baseline,Baseline,"(-99.11815, 19.43966)",Morelos,METRO,Venustiano Carranza,False,0.01712
baseline,Baseline,"(-99.14172, 19.43641)",Bellas Artes,MB,Cuauhtémoc,False,0.017109
baseline,Baseline,"(-99.13442, 19.5045)",Palmas,RTP,Gustavo A. Madero,False,0.017062
baseline,Baseline,"(-99.19375, 19.42621)",Paseo de la Reforma y Auditorio Nacional II,CC,Miguel Hidalgo,False,0.016998
baseline,Baseline,"(-99.1139, 19.45802)",Consulado,METRO,Gustavo A. Madero,False,0.016997
baseline,Baseline,"(-99.07816, 19.25755)",Av. Nuevo León - Calle del Puente,RTP,Xochimilco,False,0.016906
baseline,Baseline,"(-99.18101, 19.33657)",Odontología,RTP,Coyoacán,False,0.016864
baseline,Baseline,"(-99.2021, 19.40164)",Sur 128,RTP,Miguel Hidalgo,False,0.016838
baseline,Baseline,"(-99.07983, 19.4516)",Base Deportivo Oceanía,CC,Gustavo A. Madero,False,0.016726
baseline,Baseline,"(-99.21811, 19.41785)",Paseo de la Reforma - Monte Libano,RTP,Miguel Hidalgo,False,0.016684
baseline,Baseline,"(-99.10277, 19.42336)",Balbuena,METRO,Venustiano Carranza,True,0.01668
baseline,Baseline,"(-99.20909, 19.42461)",Paseo de la Reforma - Monte Altai,RTP,Miguel Hidalgo,False,0.016513
baseline,Baseline,"(-99.19757, 19.366091)",General Anaya,CC,Álvaro Obregón,False,0.01647
baseline,Baseline,"(-99.20765, 19.40099)",Florencio Miranda,RTP,Miguel Hidalgo,False,0.016411
baseline,Baseline,"(-99.13955, 19.44351)",Garibaldi,TROLE,Cuauhtémoc,False,0.016354
baseline,Baseline,"(-99.11972, 19.49682)",Indios Verdes,MB,Gustavo A. Madero,False,0.016297
baseline,Baseline,"(-99.11549, 19.28522)",Muyuguarda,MB,Xochimilco,False,0.016265
baseline,Baseline,"(-99.17069, 19.26775)",Laurel,RTP,Tlalpan,False,0.01619
baseline,Baseline,"(-99.21118, 19.42413)",Paseo de la Reforma - Explanada,RTP,Miguel Hidalgo,False,0.016167
baseline,Baseline,"(-99.11809, 19.27747)",DIF Xochimilco,MB,Xochimilco,False,0.016146
baseline,Baseline,"(-99.10948, 19.36484)",Escuadrón 201,METRO,Iztapalapa,False,0.016096
baseline,Baseline,"(-99.141447, 19.341575)",Cerro Huitzilac,TROLE,Coyoacán,False,0.016076
baseline,Baseline,"(-99.21014, 19.40054)",Henequen,RTP,Miguel Hidalgo,False,0.016062
baseline,Baseline,"(-99.26485, 19.35603)",Colegio Monte Verde,RTP,Cuajimalpa de Morelos,False,0.016046
baseline,Baseline,"(-99.21471, 19.42321)",Paseo de la Reforma - Monte Everest,RTP,Miguel Hidalgo,False,0.016004
baseline,Baseline,"(-99.09901, 19.26184)",Calle Dalia - Av. Nuevo León,RTP,Xochimilco,False,0.01594
baseline,Baseline,"(-99.07418, 19.25678)",Av. Nuevo León - Priv. Nuevo León,RTP,Xochimilco,False,0.015898
baseline,Baseline,"(-99.21908, 19.41587)",Paseo de la Reforma - Explanada II,RTP,Miguel Hidalgo,False,0.015888
baseline,Baseline,"(-99.10391, 19.39722)",Tlacotal,MB,Iztacalco,False,0.015868
baseline,Baseline,"(-99.21848, 19.37159)",Calle 28,RTP,Álvaro Obregón,False,0.015814
baseline,Baseline,"(-99.21497, 19.3985)",Vocacional 4,RTP,Álvaro Obregón,False,0.015669
baseline,Baseline,"(-99.22, 19.41359)",Paseo de la Reforma - Sierra Tarahumara,RTP,Miguel Hidalgo,False,0.015629
baseline,Baseline,"(-99.207, 19.30332)",Anillo Periferico Boulevard Adolfo Ruiz Cortines,RTP,Tlalpan,False,0.015601
baseline,Baseline,"(-99.15513, 19.40727)",Centro Médico,MB,Cuauhtémoc,False,0.015582
baseline,Baseline,"(-99.15071309, 19.29903108)",Sobre Calz. De Tlalpan y Luis Murillo,CC,Coyoacán,False,0.015524
baseline,Baseline,"(-99.16495, 19.28251)",Tezoquipa,RTP,Tlalpan,False,0.015513
baseline,Baseline,"(-99.22081, 19.37097)",Calle 32,RTP,Álvaro Obregón,False,0.015507
baseline,Baseline,"(-99.09027, 19.25992)",Pino - Callejón San Lorenzo,RTP,Xochimilco,False,0.015459
baseline,Baseline,"(-99.07908, 19.476)",Loreto Fabela - Puerto Tampico,CC,Gustavo A. Madero,False,0.015433
baseline,Baseline,"(-99.19615, 19.44342)",Av. Río San Joaquin - Lago Erne,CC,Miguel Hidalgo,False,0.015431
baseline,Baseline,"(-99.1776, 19.33635)",Metro Copilco,RTP,Coyoacán,False,0.015421
baseline,Baseline,"(-99.109296, 19.364864)",Agustin Yañez y  Av. 5,CC,Iztapalapa,False,0.015419
baseline,Baseline,"(-99.21768, 19.42023)",Paseo de la Reforma - Prado Sur,RTP,Miguel Hidalgo,False,0.015411
baseline,Baseline,"(-99.18937, 19.40236)",Luis Ruiz y  Carlos Lazo,RTP,Miguel Hidalgo,False,0.015406
baseline,Baseline,"(-99.189397, 19.361475)",Barranca del Muerto,CC,Álvaro Obregón,True,0.015384
baseline,Baseline,"(-99.06928, 19.2556)",La Huerta - Nuevo León,RTP,Xochimilco,False,0.015352
baseline,Baseline,"(-99.16299, 19.48867)",Norte 45,METRO,Azcapotzalco,False,0.0153
baseline,Baseline,"(-99.10758, 19.258775)",Terminal Gladiolas y Justo Sierra,CC,Xochimilco,False,0.015246
baseline,Baseline,"(-99.20594, 19.30455)",Periférico,RTP,Tlalpan,False,0.015232
baseline,Baseline,"(-99.18939, 19.47902)",Metro Camarones,CC,Azcapotzalco,False,0.015199
baseline,Baseline,"(-99.0083, 19.35529)",Calz. Ermita Iztapalapa - 5 de Febrero,RTP,Iztapalapa,False,0.015085
baseline,Baseline,"(-99.15596, 19.29549)",Anillo Periférico Blvd. Adolfo Ruiz Cortines - Tlalpan,RTP,Tlalpan,False,0.015019
baseline,Baseline,"(-99.17415, 19.49067)",Ferrería y Arena Ciudad de México,METRO,Azcapotzalco,False,0.015001
baseline,Baseline,"(-99.14876, 19.5008)",Diana,CC,Gustavo A. Madero,False,0.014961
baseline,Baseline,"(-99.14046, 19.44315)",Moctezuma,TROLE,Cuauhtémoc,False,0.014932
baseline,Baseline,"(-99.13531, 19.40853)",Chabacano y San Antonio Abad,CC,Cuauhtémoc,False,0.01492
baseline,Baseline,"(-99.26868, 19.3555)",Altavista,RTP,Cuajimalpa de Morelos,False,0.014912
baseline,Baseline,"(-99.1788, 19.37425)",Felix Cuevas,MB,Benito Juárez,False,0.014908
baseline,Baseline,"(-99.05849, 19.24999)",Lazaro Cardenas,RTP,Xochimilco,False,0.014883
baseline,Baseline,"(-99.1253, 19.48348)",Deportivo 18 de Marzo,METRO,Gustavo A. Madero,False,0.014872
baseline,Baseline,"(-99.14242, 19.44138)",Lerdo,TROLE,Cuauhtémoc,False,0.014869
baseline,Baseline,"(-99.03431, 19.29666)",Zapotitlán,METRO,Tláhuac,False,0.014814
baseline,Baseline,"(-99.15562, 19.29488)",Anillo Periférico y Blvd. Adolfo Ruíz Cortines,RTP,Tlalpan,False,0.014793
baseline,Baseline,"(-99.21901, 19.41517)",Paseo de la Reforma - Sierra del Bocatete,RTP,Miguel Hidalgo,False,0.014791
baseline,Baseline,"(-99.27699, 19.35232)",Av. Arteaga Salazar,RTP,Cuajimalpa de Morelos,False,0.014744
baseline,Baseline,"(-99.07926, 19.47366)",Loreto Fabela - Camino a San Juan,CC,Gustavo A. Madero,False,0.014707
baseline,Baseline,"(-99.14427, 19.43939)",V. Trujano,TROLE,Cuauhtémoc,False,0.014704
baseline,Baseline,"(-99.18636, 19.3509)",Altavista,MB,Álvaro Obregón,False,0.014659
baseline,Baseline,"(-99.08162, 19.25819)",Av. Nuevo León - Calle Zacapa,RTP,Xochimilco,False,0.014644
baseline,Baseline,"(-99.20483, 19.42742)",Paseo de la Reforma - Montes Urales,CC,Miguel Hidalgo,False,0.014643
baseline,Baseline,"(-99.11198, 19.46463)",Bondojito,METRO,Gustavo A. Madero,False,0.014638
baseline,Baseline,"(-99.0142, 19.28602)",Tláhuac,METRO,Tláhuac,False,0.014598
baseline,Baseline,"(-99.18987, 19.33857)",Av. Insurgentes,RTP,Coyoacán,False,0.014597
baseline,Baseline,"(-99.12302, 19.35776)",Calz. Ermita Iztapalapa  - Metro Mexicaltzingo,RTP,Coyoacán,False,0.014578
baseline,Baseline,"(-99.10934, 19.39785)",Canela,MB,Iztacalco,False,0.014548
baseline,Baseline,"(-99.15162, 19.44992)",Buenavista,SUB,Cuauhtémoc,False,0.0145
baseline,Baseline,"(-99.261005, 19.361073)",Pasando Tec de Monterrey,RTP,Álvaro Obregón,False,0.014497
baseline,Baseline,"(-99.14813, 19.49104)",Instituto del Petróleo,METRO,Gustavo A. Madero,False,0.014489
baseline,Baseline,"(-99.20628, 19.37328)",Av. del Rosal,RTP,Álvaro Obregón,False,0.014475
baseline,Baseline,"(-99.19005, 19.356)",Roberto Boker,RTP,Álvaro Obregón,False,0.014413
baseline,Baseline,"(-99.2215, 19.28926)",Cancun,RTP,Tlalpan,False,0.014412
baseline,Baseline,"(-99.01472, 19.28584)",C. C. Metro Tláhuac - CETRAM Tláhuac,RTP,Tláhuac,True,0.014412
baseline,Baseline,"(-99.18413, 19.53574)",Tlalnepantla,SUB,Tlalnepantla de Baz,False,0.014366
baseline,Baseline,"(-99.15715, 19.29703)",Anillo Periférico Blvd. Adolfo Ruiz Cortines - Renato Leduc,RTP,Tlalpan,False,0.014365
baseline,Baseline,"(-99.05932, 19.39813)",Calz. Ignacio Zaragoza - Canal de San Juan,RTP,Iztacalco,False,0.014354
baseline,Baseline,"(-99.17107, 19.49175)",Fortuna,SUB,Azcapotzalco,False,0.014321
baseline,Baseline,"(-99.11212, 19.44478)",Deportivo Eduardo Molina,MB,Venustiano Carranza,False,0.014308
baseline,Baseline,"(-99.26732, 19.35573)",Altavista,RTP,Cuajimalpa de Morelos,False,0.014276
baseline,Baseline,"(-99.10001, 19.39689)",Goma,MB,Iztacalco,False,0.014272
baseline,Baseline,"(-99.0653, 19.25529)",Lopez Mateos,RTP,Xochimilco,False,0.014243
baseline,Baseline,"(-99.19534, 19.39463)",Jardín,RTP,Álvaro Obregón,False,0.014235
baseline,Baseline,"(-99.121556, 19.411098)",Eje 2 Ote. H Congreso de la Unión y Magdalena Mixhuca,CC,Venustiano Carranza,False,0.014232
baseline,Baseline,"(-99.10733, 19.24633)",Guadalupe Inclan Ramírez - Unidad Infonavit,RTP,Xochimilco,False,0.014163
baseline,Baseline,"(-99.10263, 19.21986)",Vicente Guerrero - Prol. Vicente Guerrero,RTP,Xochimilco,False,0.014157
baseline,Baseline,"(-99.10896, 19.33685)",Culhuacán,METRO,Iztapalapa,False,0.014149
baseline,Baseline,"(-99.18673, 19.37551)",Eje 7 Sur Extremadura,RTP,Benito Juárez,False,0.014134
baseline,Baseline,"(-99.077297, 19.48066)",José Loreto Fabela y Av. Francisco Morazán,CC,Gustavo A. Madero,False,0.014113
baseline,Baseline,"(-99.21992, 19.41308)",Paseo de la Reforma - Sierra Tarahumara,CC,Miguel Hidalgo,False,0.01411
baseline,Baseline,"(-99.19476, 19.37356)",Carlos Dolci,RTP,Álvaro Obregón,False,0.014109
baseline,Baseline,"(-99.22688, 19.40658)",Paseo de la Reforma - Sierra Ixtlán,CC,Miguel Hidalgo,False,0.014102
baseline,Baseline,"(-99.27213, 19.35284)",Av. Tamaulipas 2,RTP,Cuajimalpa de Morelos,False,0.014061
baseline,Baseline,"(-99.17234, 19.3024)",Anillo Periférico Blvd. Adolfo Ruiz Cortines - Oriente 4,RTP,Tlalpan,False,0.014031
baseline,Baseline,"(-99.20175, 19.39082)",Sur 122,RTP,Álvaro Obregón,False,0.014017
baseline,Baseline,"(-99.17609, 19.30297)",Anillo Periférico Blvd. Adolfo Ruiz Cortines - Sala Ollin Yoliztli,RTP,Tlalpan,False,0.013955
baseline,Baseline,"(-99.19914, 19.37422)",Rosa Blanca,RTP,Álvaro Obregón,False,0.013935
baseline,Baseline,"(-99.19711, 19.37391)",Juan Cousin,RTP,Álvaro Obregón,False,0.013935
baseline,Baseline,"(-99.20333, 19.37485)",Calle 20,RTP,Álvaro Obregón,False,0.013935
baseline,Baseline,"(-99.20205, 19.37463)",Alta Tensión,RTP,Álvaro Obregón,False,0.013935
baseline,Baseline,"(-99.07723, 19.25728)",Tenochtitlan - Cerrada Benito Juárez,RTP,Xochimilco,False,0.013904
baseline,Baseline,"(-99.07496, 19.31809)",Av. Tláhuac - Anillo Periférico Canal de Garay,RTP,Iztapalapa,False,0.013889
baseline,Baseline,"(-99.07778, 19.47929)",Deportivo Los Galeana,TROLE,Gustavo A. Madero,False,0.013857
baseline,Baseline,"(-99.01266, 19.28249)",Calle 1,RTP,Tláhuac,False,0.013852
baseline,Baseline,"(-99.22248, 19.40997)",Paseo de la Reforma - Montes Apalaches,CC,Miguel Hidalgo,False,0.013846
baseline,Baseline,"(-99.20158, 19.42762)",Paseo de la Reforma - Fuente de Petróleos,CC,Miguel Hidalgo,False,0.013824
baseline,Baseline,"(-99.20295, 19.45864)",Panteones,METRO,Miguel Hidalgo,False,0.013805
baseline,Baseline,"(-99.1405, 19.43713)",Bellas Artes,TROLE,Cuauhtémoc,False,0.013805
baseline,Baseline,"(-99.18684, 19.33808)",Unidad Habitacional,RTP,Coyoacán,False,0.013798
baseline,Baseline,"(-99.15708, 19.29419)",Sillón de Mendoza,RTP,Tlalpan,False,0.013708
baseline,Baseline,"(-99.22379, 19.40688)",Paseo de la Reforma - Montes Avernia,CC,Miguel Hidalgo,False,0.013694
baseline,Baseline,"(-99.20717, 19.30279)",Superama,RTP,Tlalpan,False,0.013675
baseline,Baseline,"(-99.199, 19.44448)",Av. Río San Joaquin - Moliere,CC,Miguel Hidalgo,False,0.01367
baseline,Baseline,"(-99.20265, 19.45862)",Calz. San Bartolo - Panteón EspaNol,CC,Miguel Hidalgo,False,0.01367
baseline,Baseline,"(-99.18183, 19.36493)",Teatro de los Insurgentes,MB,Benito Juárez,False,0.013633
baseline,Baseline,"(-99.22451, 19.36924)",Av. Santa Lucia,RTP,Álvaro Obregón,False,0.013633
baseline,Baseline,"(-99.07292, 19.25642)",Tenochtitlan - Cerrada Benito Juárez,RTP,Xochimilco,False,0.013632
baseline,Baseline,"(-99.10522, 19.25489)",16 de Septiembre - Francisco Goytia,CC,Xochimilco,True,0.013557
baseline,Baseline,"(-99.26061, 19.35907)",Carlos Lazo - Tec de Monterrey,RTP,Álvaro Obregón,False,0.01352
baseline,Baseline,"(-99.06236, 19.25352)",Av. Actopan,RTP,Xochimilco,False,0.013509
baseline,Baseline,"(-99.05663, 19.24697)",Carretera a Oaxtepec 2,RTP,Xochimilco,False,0.013504
baseline,Baseline,"(-99.07905, 19.47599)",Puerto de Tampico,TROLE,Gustavo A. Madero,False,0.013496
baseline,Baseline,"(-99.20884, 19.30032)",Pico de Turquino,RTP,Tlalpan,False,0.013489
baseline,Baseline,"(-99.00962, 19.28171)",Riachuelo Serpentino,RTP,Tláhuac,False,0.01348
baseline,Baseline,"(-99.19289, 19.47125)",5 de Mayo - Frente a Walmart,CC,Azcapotzalco,False,0.013465
baseline,Baseline,"(-99.139594, 19.342846)",Tasqueña,TROLE,Coyoacán,False,0.013449
baseline,Baseline,"(-99.20605, 19.44771)",Calz. Legaria - Río San Joaquín,CC,Miguel Hidalgo,False,0.013447
baseline,Baseline,"(-99.18391, 19.35848)",Francia,MB,Álvaro Obregón,False,0.013411
baseline,Baseline,"(-99.21499, 19.29521)",Chedraui,RTP,Tlalpan,False,0.013402
baseline,Baseline,"(-99.20299, 19.39018)",Cristo Rey,RTP,Álvaro Obregón,False,0.013373
baseline,Baseline,"(-99.2158, 19.39849)",Lienzo Charro,RTP,Miguel Hidalgo,False,0.013328
baseline,Baseline,"(-99.10542, 19.48223)",FF. CC. Hidalgo,TROLE,Gustavo A. Madero,False,0.013295
baseline,Baseline,"(-99.23077, 19.40345)",Paseo de la Reforma - Sierra BreNa,CC,Miguel Hidalgo,False,0.013285
baseline,Baseline,"(-99.225191, 19.361992)",Gardenia,CC,Álvaro Obregón,False,0.013281
baseline,Baseline,"(-99.079807, 19.470783)",José Loreto Fabela y Av. 414,CC,Gustavo A. Madero,False,0.013271
baseline,Baseline,"(-99.14002, 19.43923)",República de Perú,TROLE,Cuauhtémoc,False,0.013258
baseline,Baseline,"(-99.19127, 19.38474)","Periférico, Puente hacia Periférico Norte",RTP,Álvaro Obregón,False,0.01323
baseline,Baseline,"(-99.25994, 19.35664)",Av. Carlos Lazo,RTP,Álvaro Obregón,False,0.013222
baseline,Baseline,"(-99.19549, 19.47194)",5 de Mayo - Glicerina,CC,Azcapotzalco,False,0.013189
baseline,Baseline,"(-99.14491, 19.35281)",Tlalpan - Metro General Anaya,CC,Coyoacán,False,0.013181
baseline,Baseline,"(-99.06563, 19.25512)",México Poniente - Chapultepec,RTP,Xochimilco,False,0.01308
baseline,Baseline,"(-99.19692, 19.47235)",5 de Mayo - Norte 135A,CC,Azcapotzalco,False,0.013069
baseline,Baseline,"(-99.05864, 19.39491)",Periférico - Zaragoza,CC,Iztapalapa,False,0.013048
baseline,Baseline,"(-99.22252, 19.39634)",Colegio de Arquitectos,RTP,Miguel Hidalgo,False,0.013034
baseline,Baseline,"(-99.227597, 19.360848)",Jose Galvez Moya,CC,Álvaro Obregón,False,0.013025
baseline,Baseline,"(-99.1333, 19.41029)",José A. Torres y Mateos,CC,Cuauhtémoc,False,0.013024
baseline,Baseline,"(-99.23068, 19.40314)",Paseo de la Reforma - Sierra BreNa,RTP,Miguel Hidalgo,False,0.01302
baseline,Baseline,"(-99.14956, 19.50054)",Frente a Metro Politécnico,RTP,Gustavo A. Madero,False,0.013011
baseline,Baseline,"(-99.23288, 19.40098)",Castillo de Chapultepec,RTP,Miguel Hidalgo,False,0.012983
baseline,Baseline,"(-99.21656, 19.29227)",Sinanche,RTP,Tlalpan,False,0.01294
baseline,Baseline,"(-99.07513, 19.31948)",Av. Tláhuac,RTP,Iztapalapa,False,0.012932
baseline,Baseline,"(-99.26174, 19.3619)",Barros Sierra,RTP,Álvaro Obregón,False,0.012921
baseline,Baseline,"(-99.05904, 19.39792)",Base Canal de San Juan,CC,Iztacalco,False,0.012894
baseline,Baseline,"(-99.13278, 19.42666)",Pino Suárez,MB,Cuauhtémoc,False,0.012789
baseline,Baseline,"(-99.20585, 19.39016)",Primero de noviembre,RTP,Álvaro Obregón,False,0.012739
baseline,Baseline,"(-99.13231, 19.49662)",Frente a Dominos,RTP,Gustavo A. Madero,False,0.012674
baseline,Baseline,"(-99.15142, 19.50519)",Othon de Mendizabal,RTP,Gustavo A. Madero,False,0.012669
baseline,Baseline,"(-99.15044, 19.50559)",Miguel Othon de Mendizabal - Eje Central 100 Metros,RTP,Gustavo A. Madero,False,0.012652
baseline,Baseline,"(-99.19524, 19.49087)",Aquiles Serdán,TROLE,Azcapotzalco,False,0.012628
baseline,Baseline,"(-99.19974, 19.38254)",Alta Tension,RTP,Álvaro Obregón,False,0.012608
baseline,Baseline,"(-99.19875, 19.47293)",5 de Mayo - Gasolina,CC,Azcapotzalco,False,0.012605
baseline,Baseline,"(-99.2608, 19.36355)",Calle 3,RTP,Álvaro Obregón,False,0.012592
baseline,Baseline,"(-99.20746, 19.39053)",Turineses,RTP,Álvaro Obregón,False,0.01257
baseline,Baseline,"(-99.2649, 19.3585)",Frente a Colegio Westhill,RTP,Cuajimalpa de Morelos,False,0.012534
baseline,Baseline,"(-99.14463, 19.34659)",Tlalpan - Puerto Rico,CC,Coyoacán,False,0.012532
baseline,Baseline,"(-99.121, 19.4933)",Indios Verdes,MB,Gustavo A. Madero,False,0.012504
baseline,Baseline,"(-99.10717, 19.25622)",Ramírez Castillo,RTP,Xochimilco,False,0.012464
baseline,Baseline,"(-99.192223, 19.338369)",Revolución y Eje 10 sur,CC,Álvaro Obregón,False,0.012444
baseline,Baseline,"(-99.01586, 19.35206)",Tecoloxtitlán,TROLE,Iztapalapa,False,0.012433
baseline,Baseline,"(-99.137121, 19.341221)",Canal de Miramontes,TROLE,Coyoacán,False,0.012402
baseline,Baseline,"(-99.22019, 19.28941)",Huehuetan,RTP,Tlalpan,False,0.012391
baseline,Baseline,"(-99.21762, 19.28982)",Acachen,RTP,Tlalpan,False,0.012384
baseline,Baseline,"(-99.20933, 19.37366)",Calle 14,RTP,Álvaro Obregón,False,0.012377
baseline,Baseline,"(-99.230592, 19.360074)",Carlos A. Madrazo,CC,Álvaro Obregón,False,0.012355
baseline,Baseline,"(-99.23727, 19.39696)",Rivera de Cupia,RTP,Miguel Hidalgo,False,0.012338
baseline,Baseline,"(-99.04596, 19.29998)",Av. Tláhuac - General Manuel Flores,RTP,Tláhuac,False,0.012319
baseline,Baseline,"(-99.21052, 19.38967)",Alemanes,RTP,Álvaro Obregón,False,0.01231
baseline,Baseline,"(-99.21365, 19.37283)",Ernesto Peralta Uruchurtu,RTP,Álvaro Obregón,False,0.012292
baseline,Baseline,"(-99.144262, 19.345624)",Calzada de Tlalpan - Cerro de Jesús,CC,Coyoacán,False,0.012264
baseline,Baseline,"(-99.22726, 19.39595)",Palo Santo,RTP,Miguel Hidalgo,False,0.012217
baseline,Baseline,"(-99.22276, 19.28915)",Izmal,RTP,Tlalpan,False,0.01221
baseline,Baseline,"(-99.11282, 19.41278)",Avenida del Taller,MB,Venustiano Carranza,False,0.012184
baseline,Baseline,"(-99.21778, 19.39787)",Secretaría de Hacienda,RTP,Miguel Hidalgo,False,0.012163
baseline,Baseline,"(-99.21816, 19.28946)",Tizimin,RTP,Tlalpan,False,0.012109
baseline,Baseline,"(-99.18439, 19.33716)",Entrada UNAM,RTP,Coyoacán,False,0.012104
baseline,Baseline,"(-99.23307, 19.35872)",Angel Reyes,CC,Álvaro Obregón,False,0.012071
baseline,Baseline,"(-99.26726, 19.35552)",Altavista,RTP,Cuajimalpa de Morelos,False,0.012069
baseline,Baseline,"(-99.23385, 19.39995)",Castillo de Miramar,RTP,Miguel Hidalgo,False,0.012059
baseline,Baseline,"(-99.19044, 19.39732)",Anillo Periférico Sur,RTP,Álvaro Obregón,False,0.012028
baseline,Baseline,"(-99.1190391, 19.4965442)",Indios Verdes,MEXIBÚS,Gustavo A. Madero,True,0.012023
baseline,Baseline,"(-99.19602, 19.4949)",Tezozómoc,METRO,Azcapotzalco,False,0.012022
baseline,Baseline,"(-99.20061, 19.47346)",5 de Mayo - Tezozomoc,CC,Azcapotzalco,False,0.011954
baseline,Baseline,"(-99.20942, 19.36664)",Frente a Plaza Centenario,RTP,Álvaro Obregón,False,0.011942
baseline,Baseline,"(-99.00756, 19.27862)",Emiliano Zapata,RTP,Tláhuac,False,0.011896
baseline,Baseline,"(-99.1651, 19.28176)",Tezoquipa,RTP,Tlalpan,False,0.011858
baseline,Baseline,"(-99.10084, 19.21979)",Hombres Ilustres - Las Granjas,RTP,Xochimilco,False,0.011834
baseline,Baseline,"(-99.17644, 19.42073)",Base Metro Chapultepec,CC,Miguel Hidalgo,True,0.011809
baseline,Baseline,"(-99.02164, 19.34516)",Atzintlí,TROLE,Iztapalapa,False,0.011805
baseline,Baseline,"(-99.18836, 19.40062)",Tordo,RTP,Miguel Hidalgo,False,0.011791
baseline,Baseline,"(-99.19257, 19.39638)",Canario,RTP,Álvaro Obregón,False,0.01179
baseline,Baseline,"(-99.10748, 19.48294)",Martín Carrera,METRO,Gustavo A. Madero,False,0.011781
baseline,Baseline,"(-99.15131, 19.29848)",Renato Leduc,RTP,Coyoacán,False,0.01178
baseline,Baseline,"(-99.21215, 19.38903)",Italianos,RTP,Álvaro Obregón,False,0.011771
baseline,Baseline,"(-99.11163, 19.38632)",Colegio de Bachilleres 3,MB,Iztacalco,False,0.011766
baseline,Baseline,"(-99.19225, 19.44297)",Lago Hielmar - Av. Río San Joaquin,CC,Miguel Hidalgo,False,0.011745
baseline,Baseline,"(-99.23485, 19.39845)",Castillo de Miramar,RTP,Miguel Hidalgo,False,0.011742
baseline,Baseline,"(-99.18157, 19.45712)",México-Tacuba - Metro Cuitlahuac,CC,Miguel Hidalgo,False,0.011731
baseline,Baseline,"(-99.11082, 19.38283)",Canal de Apatlaco,MB,Iztacalco,False,0.011702
baseline,Baseline,"(-99.20438, 19.38193)",Tercera Cerrada de Mina,RTP,Álvaro Obregón,False,0.011686
baseline,Baseline,"(-99.0928292, 19.5209632)",Martín Carrera,MEXIBÚS,Tlalnepantla de Baz,False,0.011652
baseline,Baseline,"(-99.10854, 19.45369)",Río Consulado,MB,Gustavo A. Madero,False,0.011649
baseline,Baseline,"(-99.1307, 19.42558)",San Pablo,MB,Cuauhtémoc,False,0.011645
baseline,Baseline,"(-99.17844, 19.37366)",Insurgentes Sur,TROLE,Benito Juárez,False,0.011614
baseline,Baseline,"(-99.109, 19.37808)",Apatlaco,MB,Iztapalapa,False,0.011587
baseline,Baseline,"(-99.21396, 19.38828)",Chinamecas,RTP,Álvaro Obregón,False,0.011518
baseline,Baseline,"(-99.188, 19.37177)",José del Castillo,RTP,Benito Juárez,False,0.011516
baseline,Baseline,"(-98.99123, 19.34723)",Benito Juárez,RTP,Iztapalapa,False,0.011509
baseline,Baseline,"(-99.20452, 19.47229)",Camino a Santa Lucia - Tezozomoc,CC,Miguel Hidalgo,False,0.011489
baseline,Baseline,"(-99.2297, 19.39544)",Cerrada Constituyentes,RTP,Miguel Hidalgo,False,0.011432
baseline,Baseline,"(-99.06182, 19.25332)",Av. México Poniente,RTP,Xochimilco,False,0.011431
baseline,Baseline,"(-99.00813, 19.35528)",Acatitlán,TROLE,Iztapalapa,False,0.011426
baseline,Baseline,"(-99.19454, 19.34881)",Reyna,RTP,Álvaro Obregón,False,0.011409
baseline,Baseline,"(-99.16887, 19.30246)",Anillo Periférico Blvd. Adolfo Ruiz Cortines - Paris 1900,RTP,Coyoacán,False,0.011372
baseline,Baseline,"(-99.21546, 19.36617)",Loma Nueva,RTP,Álvaro Obregón,False,0.011368
baseline,Baseline,"(-99.10819, 19.26464)",Pino - Fernando Celada,CC,Xochimilco,False,0.011348
baseline,Baseline,"(-99.14242, 19.50873)",Miguel Othon de Mendizabal - Santa Ana Norte,RTP,Gustavo A. Madero,False,0.01133
baseline,Baseline,"(-99.10624, 19.26489)",Pino - Matamoros,CC,Xochimilco,False,0.01131
baseline,Baseline,"(-99.18166, 19.45747)",Calz. México-Tacuba - Mar Hudson,RTP,Miguel Hidalgo,False,0.011298
baseline,Baseline,"(-99.11362, 19.32068)",La Virgen,MB,Coyoacán,False,0.011273
baseline,Baseline,"(-98.98716, 19.34637)",Eje 6 Sur Av. de las Torres - Lázaro Cardenas,RTP,Iztapalapa,False,0.011238
baseline,Baseline,"(-99.1267, 19.42311)",Mercado Sonora Sur,MB,Cuauhtémoc,False,0.011235
baseline,Baseline,"(-99.04012, 19.29652)",Av. Tláhuac - Hernan Cortes,RTP,Tláhuac,False,0.011216
baseline,Baseline,"(-99.20554, 19.47181)",Camino a Santa Lucia - Democracias,CC,Miguel Hidalgo,False,0.011212
baseline,Baseline,"(-99.10919, 19.36604)",Escuadrón 201,MB,Iztapalapa,False,0.01121
baseline,Baseline,"(-99.22021, 19.36496)",Colina de Montecarlo,RTP,Álvaro Obregón,False,0.011129
baseline,Baseline,"(-99.1151, 19.26577)",Guadalupe Inclan Ramírez,RTP,Xochimilco,False,0.011127
baseline,Baseline,"(-99.0754376, 19.5308126)",Vía Morelos,MEXIBÚS,Ecatepec de Morelos,False,0.011095
baseline,Baseline,"(-99.108953, 19.36643)",Av. 5  y Calle 8,CC,Iztapalapa,False,0.011032
baseline,Baseline,"(-99.07681, 19.48172)",Camino Sur,TROLE,Gustavo A. Madero,False,0.010931
baseline,Baseline,"(-99.21821, 19.38673)",Tlaxcaltecas,RTP,Álvaro Obregón,False,0.0109
baseline,Baseline,"(-99.21089, 19.38342)",Chicago,RTP,Álvaro Obregón,False,0.01089
baseline,Baseline,"(-99.18709, 19.37386)",Av. Patriotismo - Parque Goya,RTP,Benito Juárez,False,0.01087
baseline,Baseline,"(-98.98362, 19.34546)",Eje 6 Sur - Minas,RTP,Iztapalapa,False,0.010865
baseline,Baseline,"(-99.11792, 19.27068)",Unidad Infonavit frente a No. 5234,RTP,Xochimilco,False,0.010848
baseline,Baseline,"(-99.06459, 19.33437)",Anillo Periférico Canal de Garay - Iztacihuatl,RTP,Iztapalapa,False,0.010847
baseline,Baseline,"(-99.06643, 19.33046)",Anillo Periférico Canal de Garay - Mercado Bella Vista,RTP,Iztapalapa,False,0.010838
baseline,Baseline,"(-99.1399, 19.50973)",Othon de Mendizabal,RTP,Gustavo A. Madero,False,0.010812
baseline,Baseline,"(-99.18076, 19.34625)",Miguel Ángel de Quevedo,METRO,Coyoacán,False,0.01081
baseline,Baseline,"(-99.10735, 19.48293)",Martín Carrera,TROLE,Gustavo A. Madero,False,0.01081
baseline,Baseline,"(-99.05793, 19.24905)",Acueducto,RTP,Xochimilco,False,0.010809
baseline,Baseline,"(-99.13702, 19.50718)",Av. Miguel Bernard - Luis Enrique Erro,RTP,Gustavo A. Madero,False,0.010757
baseline,Baseline,"(-99.094121, 19.260721)",Av. Nuevo León y La Gloria,CC,Xochimilco,False,0.010751
baseline,Baseline,"(-99.113854, 19.328489)",Av. Santa Ana - Retorno en U,CC,Coyoacán,False,0.010681
baseline,Baseline,"(-99.11357, 19.40546)",Hospital General Troncoso,MB,Iztacalco,False,0.01068
baseline,Baseline,"(-99.18819, 19.45952)",México-Tacuba - Metro Tacuba,CC,Miguel Hidalgo,False,0.010677
baseline,Baseline,"(-99.05698, 19.2491)",Cuauhtémoc - Carretera a Oaxtepec,RTP,Xochimilco,False,0.01067
baseline,Baseline,"(-99.10568, 19.4609)",Oriente 101,MB,Gustavo A. Madero,False,0.010651
baseline,Baseline,"(-99.18728, 19.37235)",Río Mixcoac,RTP,Benito Juárez,False,0.010633
baseline,Baseline,"(-99.18798, 19.37585)",Benvenuto Cellini y Av. Revolución,RTP,Benito Juárez,True,0.010629
baseline,Baseline,"(-99.16674, 19.27988)",La Joya y Insurgentes,RTP,Tlalpan,False,0.010601
baseline,Baseline,"(-99.20144, 19.33578)",Fraternidad,RTP,Álvaro Obregón,False,0.010594
baseline,Baseline,"(-99.20845, 19.46028)",San Bartolo - Río Parana,CC,Miguel Hidalgo,False,0.010589
baseline,Baseline,"(-99.22336, 19.38646)",Unidad Habitacional Belen,RTP,Álvaro Obregón,False,0.01058
baseline,Baseline,"(-99.20794, 19.47158)",Calz. de la Naranja - Quetzala,CC,Azcapotzalco,False,0.01056
baseline,Baseline,"(-99.0650403, 19.5349224)",5 de Febrero,MEXIBÚS,Ecatepec de Morelos,False,0.010537
baseline,Baseline,"(-99.11987, 19.42517)",Cecilio Robelo,MB,Venustiano Carranza,False,0.010495
baseline,Baseline,"(-99.08687, 19.44502)",Oceanía,METRO,Venustiano Carranza,False,0.010487
baseline,Baseline,"(-99.19935, 19.33411)",Iglesia,RTP,Coyoacán,False,0.010418
baseline,Baseline,"(-99.06901, 19.3272)",Anillo Periférico Canal de Garay - Bilbao,RTP,Iztapalapa,False,0.010395
baseline,Baseline,"(-99.06672, 19.41339)",Eje 1 Norte Talleres Gráficos - Catastro,CC,Iztacalco,False,0.010345
baseline,Baseline,"(-99.21458, 19.30754)",Anillo Periférico Blvd. Adolfo Ruiz Cortines - Blvd. de la Luz,RTP,Álvaro Obregón,False,0.01032
baseline,Baseline,"(-99.156, 19.48985)",Vallejo,METRO,Azcapotzalco,False,0.010314
baseline,Baseline,"(-99.104886, 19.328272)",Av. Tláhuac - Metro San Andrés Tomatlán,CC,Iztapalapa,False,0.010294
baseline,Baseline,"(-99.11756, 19.2695)",Alcanfores,RTP,Xochimilco,False,0.010294
baseline,Baseline,"(-99.20909, 19.47179)",Calz. de la Naranja - José Luis Solorzano,CC,Naucalpan de Juárez,False,0.010282
baseline,Baseline,"(-98.97633, 19.33933)",Autopista México-Puebla - La Escondida,RTP,Iztapalapa,False,0.01026
baseline,Baseline,"(-99.055319, 19.5435281)",Cerro Gordo,MEXIBÚS,Ecatepec de Morelos,False,0.01026
baseline,Baseline,"(-99.1558, 19.295)",Tlalpan y San Juan de Dios,CC,Tlalpan,False,0.010253
baseline,Baseline,"(-99.22946, 19.36723)",Trovador,RTP,Álvaro Obregón,False,0.010249
baseline,Baseline,"(-99.11343, 19.44128)",Mercado Morelos,MB,Venustiano Carranza,False,0.010207
baseline,Baseline,"(-99.13507, 19.48811)",Lindavista,METRO,Gustavo A. Madero,False,0.010172
baseline,Baseline,"(-99.19053, 19.35143)",María Luisa,RTP,Álvaro Obregón,False,0.010149
baseline,Baseline,"(-99.18598, 19.30308)",Anillo Periférico Blvd. Adolfo Ruiz Cortines - Perisur,RTP,Coyoacán,False,0.010127
baseline,Baseline,"(-99.07505, 19.41608)",Base Metro Pantitlan,CC,Venustiano Carranza,False,0.010123
baseline,Baseline,"(-99.11368, 19.39389)",Recreo,MB,Iztacalco,False,0.010066
baseline,Baseline,"(-99.19665, 19.4927)",Sauces,TROLE,Azcapotzalco,False,0.010055
baseline,Baseline,"(-99.22296, 19.28904)",Izmal,RTP,Tlalpan,False,0.010039
baseline,Baseline,"(-99.19491, 19.33623)",clinicas,RTP,Álvaro Obregón,False,0.010022
baseline,Baseline,"(-99.19861, 19.33501)",Av. Pleuderon,RTP,Coyoacán,False,0.010022
baseline,Baseline,"(-99.06465, 19.4136)",Eje 1 Norte Xochimilco - Calle 3,CC,Iztacalco,False,0.010006
baseline,Baseline,"(-99.107159, 19.328644)",Av. Santa Ana - Av. Tláhuac,CC,Iztapalapa,False,0.009987
baseline,Baseline,"(-99.0519676, 19.5511921)",Clínica 93,MEXIBÚS,Ecatepec de Morelos,False,0.009982
baseline,Baseline,"(-99.155, 19.39584)",Etiopía,MB,Benito Juárez,False,0.009981
baseline,Baseline,"(-99.17094, 19.26694)",San Pedro Mártir,RTP,Tlalpan,False,0.009962
baseline,Baseline,"(-99.104653, 19.255214)",Cam. a Nativitas y Av. 16 de Septiembre,CC,Xochimilco,False,0.009959
baseline,Baseline,"(-99.00603, 19.27641)",Av. Tláhuac,RTP,Tláhuac,False,0.009933
baseline,Baseline,"(-99.11357, 19.39379)",Recreo,MB,Iztacalco,False,0.00992
baseline,Baseline,"(-99.23838, 19.40906)",Bosques de Ciruelos,RTP,Miguel Hidalgo,False,0.009915
baseline,Baseline,"(-99.15171, 19.39561)",Doctor Vértiz,MB,Benito Juárez,False,0.009914
baseline,Baseline,"(-99.10801, 19.47436)",Talismán,METRO,Gustavo A. Madero,False,0.009912
baseline,Baseline,"(-99.2109, 19.47227)",Calz. de la Naranja - Av. Ahuzotl,CC,Naucalpan de Juárez,False,0.00991
baseline,Baseline,"(-99.22687, 19.38525)",Santa Isabel,RTP,Álvaro Obregón,False,0.009903
baseline,Baseline,"(-99.109847, 19.32797)",Av. Santa Ana - Av. Canal Nacional,CC,Coyoacán,False,0.009851
baseline,Baseline,"(-99.11837, 19.48174)",La Villa y Basílica,METRO,Gustavo A. Madero,False,0.009841
baseline,Baseline,"(-99.193299, 19.364145)",Estio,CC,Álvaro Obregón,False,0.009835
baseline,Baseline,"(-99.10504, 19.25557)",Prolongación 16 de Septiembre - Camino a Nativitas,RTP,Xochimilco,False,0.009825
baseline,Baseline,"(-99.21535, 19.45652)",Ingenieros Militares - Panteón Sanctorum,CC,Naucalpan de Juárez,False,0.009791
baseline,Baseline,"(-99.187435, 19.40186)",MB Tacubaya,CC,Miguel Hidalgo,False,0.009726
baseline,Baseline,"(-99.1833, 19.3374)",Av. Universidad,RTP,Coyoacán,False,0.009712
baseline,Baseline,"(-99.18057, 19.36878)",Río Churubusco,MB,Benito Juárez,False,0.009699
baseline,Baseline,"(-99.14058, 19.31257)",Textitlán,TL,Coyoacán,False,0.00969
baseline,Baseline,"(-99.12763, 19.48252)",Euzkaro,MB,Gustavo A. Madero,False,0.009684
baseline,Baseline,"(-99.06229, 19.41356)",Xochimilco - Calle 4,CC,Iztacalco,False,0.00966
baseline,Baseline,"(-99.15748, 19.2935)",Fray Pedro de Gante,RTP,Tlalpan,False,0.009654
baseline,Baseline,"(-99.218118, 19.364833)",Cda. Centenario,CC,Álvaro Obregón,False,0.009652
baseline,Baseline,"(-99.0468262, 19.5622122)",5ta. Aparición,MEXIBÚS,Ecatepec de Morelos,False,0.009611
baseline,Baseline,"(-99.196005, 19.364783)",Calz. De los Leones,CC,Álvaro Obregón,False,0.009594
baseline,Baseline,"(-99.13415, 19.47573)",Poniente 112,RTP,Gustavo A. Madero,False,0.009591
baseline,Baseline,"(-99.12069, 19.27512)",Prol. División del Norte - de la Noria,RTP,Xochimilco,False,0.009579
baseline,Baseline,"(-99.16101, 19.29122)",Tlalpan - Coapa,CC,Tlalpan,False,0.00957
baseline,Baseline,"(-99.190992, 19.334221)",Estadio CU (BASE),CC,Coyoacán,False,0.009569
baseline,Baseline,"(-99.23741, 19.39347)",Frente a Grupo Radio Centro,RTP,Álvaro Obregón,False,0.009544
baseline,Baseline,"(-99.22855, 19.38458)",Paso de Mono,RTP,Álvaro Obregón,False,0.009478
baseline,Baseline,"(-99.19978, 19.33292)",Fuego,RTP,Álvaro Obregón,False,0.009463
baseline,Baseline,"(-99.07703, 19.48047)",Francisco Morazán,TROLE,Gustavo A. Madero,False,0.009463
baseline,Baseline,"(-99.19106, 19.33427)",Relaciones Laborales,PUMABUS,Coyoacán,False,0.009454
baseline,Baseline,"(-99.07262, 19.32256)",Anillo Periférico Canal de Garay - Lebrija y Reforma,RTP,Iztapalapa,False,0.009449
baseline,Baseline,"(-99.17077, 19.26835)",Laurel,RTP,Tlalpan,False,0.009407
baseline,Baseline,"(-99.11438, 19.43726)",Archivo General de la Nación,MB,Venustiano Carranza,False,0.0094
baseline,Baseline,"(-99.13725, 19.34078)",Miramontes y Taxqueña,CC,Coyoacán,False,0.009399
baseline,Baseline,"(-99.1496, 19.52482)",Punto 32,CC,Gustavo A. Madero,False,0.009394
baseline,Baseline,"(-99.24021, 19.40818)",Bosques de Duraznos,RTP,Miguel Hidalgo,False,0.009387
baseline,Baseline,"(-99.15713, 19.29403)",Tlalpan y Sillon de Mendoza,CC,Tlalpan,False,0.009383
baseline,Baseline,"(-99.0645, 19.33919)",Anillo Periférico Canal de Garay - Eugenio Giron,RTP,Iztapalapa,False,0.00934
baseline,Baseline,"(-99.07586, 19.48243)",Constitución de la República - Baja California Sur,CC,Gustavo A. Madero,False,0.009273
baseline,Baseline,"(-99.20076, 19.32293)",CaNada,RTP,Álvaro Obregón,False,0.009261
baseline,Baseline,"(-99.22996, 19.38416)",Miguel Aleman,RTP,Álvaro Obregón,False,0.009236
baseline,Baseline,"(-99.1496, 19.50053)",Politécnico,CC,Gustavo A. Madero,False,0.009219
baseline,Baseline,"(-99.08507, 19.30786)",Anillo Periférico Canal de Garay - Area Federal Fave Sedena,RTP,Iztapalapa,False,0.0092
baseline,Baseline,"(-99.15193, 19.52629)",Insula,CC,Gustavo A. Madero,False,0.009187
baseline,Baseline,"(-99.14836, 19.50633)",Miguel Othon de Mendizabal - Calle Central,RTP,Gustavo A. Madero,False,0.00917
baseline,Baseline,"(-99.22377, 19.2835)",Tixkokob,RTP,Tlalpan,False,0.009168
baseline,Baseline,"(-99.12078, 19.49354)",Metro Indios Verdes,RTP,Gustavo A. Madero,False,0.009164
baseline,Baseline,"(-99.09021, 19.41648)",Gómez Farías,METRO,Venustiano Carranza,False,0.009163
baseline,Baseline,"(-99.235192, 19.357559)",Queretaro,CC,Álvaro Obregón,False,0.009155
baseline,Baseline,"(-99.200669, 19.359815)",Luis Kuhne,CC,Álvaro Obregón,False,0.009151
baseline,Baseline,"(-99.07835, 19.4778)",Puerto de Mazatlán,TROLE,Gustavo A. Madero,False,0.009139
baseline,Baseline,"(-99.19003, 19.47042)",5 de Mayo - Metro Refineria,CC,Azcapotzalco,False,0.009136
baseline,Baseline,"(-99.11432, 19.26442)",Av. México,RTP,Xochimilco,False,0.009127
baseline,Baseline,"(-99.1877, 19.37267)",Av. Revolución,RTP,Benito Juárez,False,0.009111
baseline,Baseline,"(-99.20202, 19.31898)",Farallon,RTP,Álvaro Obregón,False,0.009089
baseline,Baseline,"(-99.191039, 19.362679)",Alpes,CC,Álvaro Obregón,False,0.009079
baseline,Baseline,"(-99.15902, 19.29272)",Chimalcoyotl,RTP,Tlalpan,False,0.009078
baseline,Baseline,"(-99.12148, 19.27678)",Francisco Goytia - Tierra y Libertad,RTP,Xochimilco,False,0.009054
baseline,Baseline,"(-99.09596, 19.39655)",Iztacalco,MB,Iztacalco,False,0.009023
baseline,Baseline,"(-99.21212, 19.47258)",Calz. de la Naranja - Abundio Gómez,CC,Naucalpan de Juárez,False,0.009022
baseline,Baseline,"(-99.21301, 19.36669)",Frente a Pemex,RTP,Álvaro Obregón,False,0.009008
baseline,Baseline,"(-99.054235, 19.241752)",San Gregorio - Oaxtepec y El Mirador,CC,Xochimilco,False,0.009005
baseline,Baseline,"(-99.20918, 19.35847)",Torrente,RTP,Álvaro Obregón,False,0.008968
baseline,Baseline,"(-99.24216, 19.40614)",Bosques de Chopos,RTP,Miguel Hidalgo,False,0.008962
baseline,Baseline,"(-99.11221, 19.38827)",Iztacalco,TROLE,Iztacalco,False,0.008935
baseline,Baseline,"(-99.20721, 19.366611)",Mejia Delgado,CC,Álvaro Obregón,False,0.008912
baseline,Baseline,"(-99.12193, 19.40965)",Congreso de la Unión y Av. Morelos,CC,Venustiano Carranza,False,0.008903
baseline,Baseline,"(-99.07474, 19.41633)",Pantitlán,METRO,Venustiano Carranza,False,0.008893
baseline,Baseline,"(-99.19088, 19.34849)",Av. Altavista,RTP,Álvaro Obregón,False,0.008885
baseline,Baseline,"(-99.19347, 19.47105)",5 de Mayo - Frente a Walmart,CC,Miguel Hidalgo,False,0.008852
baseline,Baseline,"(-99.1559, 19.397)",Etiopía,MB,Benito Juárez,False,0.008823
baseline,Baseline,"(-99.078382, 19.477807)",José Loreto Fabela y Pto. Mazatlán,CC,Gustavo A. Madero,False,0.008811
baseline,Baseline,"(-99.12157, 19.35776)",Calz. Ermita Iztapalapa - La Viga,RTP,Iztapalapa,False,0.008801
baseline,Baseline,"(-99.152, 19.44613)",Buenavista,MB,Cuauhtémoc,False,0.008791
baseline,Baseline,"(-99.203118, 19.359774)",Alcanfores,CC,Álvaro Obregón,False,0.008777
baseline,Baseline,"(-99.2178, 19.36509)",Cerrada de Centenario,RTP,Álvaro Obregón,False,0.008768
baseline,Baseline,"(-99.20238, 19.31695)",Risco,RTP,Álvaro Obregón,False,0.008766
baseline,Baseline,"(-99.189488, 19.362885)",Av. Revolucion,CC,Álvaro Obregón,False,0.008765
baseline,Baseline,"(-99.077892, 19.479115)",José Loreto Fabela y Camino de la Liga,CC,Gustavo A. Madero,False,0.008763
baseline,Baseline,"(-99.23223, 19.38367)",Amado Nervo,RTP,Álvaro Obregón,False,0.008752
baseline,Baseline,"(-99.13656, 19.47612)",Av. Instituto Politécnico Nacional,RTP,Gustavo A. Madero,False,0.008745
baseline,Baseline,"(-99.15257, 19.29746)",Tlalpan - Renato Leduc,CC,Tlalpan,False,0.00873
baseline,Baseline,"(-99.13617, 19.47764)",Poniente 116,RTP,Gustavo A. Madero,False,0.00872
baseline,Baseline,"(-99.08768, 19.30459)",Anillo Periférico Canal de Garay - Parque Ecológico Xochimilco I,RTP,Xochimilco,False,0.008718
baseline,Baseline,"(-99.22498, 19.28326)",Becal,RTP,Tlalpan,False,0.008703
baseline,Baseline,"(-99.22611, 19.28324)",Tekax,RTP,Tlalpan,False,0.008703
baseline,Baseline,"(-99.11241, 19.2611)",Cuauhtémoc,RTP,Xochimilco,False,0.008698
baseline,Baseline,"(-99.18581, 19.39149)",San Pedro de los Pinos,METRO,Benito Juárez,False,0.008691
baseline,Baseline,"(-99.08848, 19.47506)",Puerto de Coatzacoalcos,TROLE,Gustavo A. Madero,False,0.008673
baseline,Baseline,"(-99.108848, 19.336971)",Culhuacán,TROLE,Iztapalapa,False,0.008662
baseline,Baseline,"(-99.21932, 19.36938)",Pesebre,RTP,Álvaro Obregón,False,0.008655
baseline,Baseline,"(-99.17804, 19.47025)",Salónica,TROLE,Azcapotzalco,False,0.008655
baseline,Baseline,"(-99.14674, 19.28871)",Xomali,TL,Tlalpan,False,0.008634
baseline,Baseline,"(-99.11678, 19.39828)",Coyuya,MB,Iztacalco,False,0.008621
baseline,Baseline,"(-99.21218, 19.35836)",Mar,RTP,Álvaro Obregón,False,0.008617
baseline,Baseline,"(-99.23277, 19.36675)",Puerto Mazatlán,RTP,Álvaro Obregón,False,0.008594
baseline,Baseline,"(-99.218796, 19.369516)",Base Plateros,CC,Álvaro Obregón,False,0.008586
baseline,Baseline,"(-99.20267, 19.31503)",Lava,RTP,Álvaro Obregón,False,0.008572
baseline,Baseline,"(-99.19503, 19.33833)",Eje 10 Sur - Donato Guerra,RTP,Álvaro Obregón,False,0.008567
baseline,Baseline,"(-99.14025, 19.39437)",Xola,MB,Benito Juárez,False,0.00856
baseline,Baseline,"(-99.22296, 19.36395)",Frente a Telmex,RTP,Álvaro Obregón,False,0.008559
baseline,Baseline,"(-99.1297, 19.39768)",Andrés Molina,MB,Iztacalco,False,0.008513
baseline,Baseline,"(-99.10909, 19.25684)",Francisco Goytia - Margaritas,RTP,Xochimilco,False,0.008501
baseline,Baseline,"(-99.16828, 19.31081)",Iman - México 68,CC,Coyoacán,False,0.00849
baseline,Baseline,"(-99.18864, 19.37246)",Av. Revolución,RTP,Benito Juárez,False,0.008483
baseline,Baseline,"(-99.18873, 19.40003)",Viaducto Miguel Aleman,RTP,Miguel Hidalgo,False,0.008482
baseline,Baseline,"(-99.051234, 19.217811)",San Gregorio - Oaxtepec y Texomulco,CC,Milpa Alta,False,0.00848
baseline,Baseline,"(-98.96854, 19.33191)",Av. Yecahuizotl - Autopista México-Puebla,RTP,Iztapalapa,False,0.008442
baseline,Baseline,"(-99.10634, 19.2497)",Guadalupe Inclan Ramírez - Prol. 16 de Septiembre,RTP,Xochimilco,False,0.008434
baseline,Baseline,"(-99.13535, 19.48069)",José Urbano Fonseca,RTP,Gustavo A. Madero,False,0.008432
baseline,Baseline,"(-99.13575, 19.47926)",Frente a TELMEX,RTP,Gustavo A. Madero,False,0.008429
baseline,Baseline,"(-99.115945, 19.339366)",16 de Septiembre,TROLE,Coyoacán,False,0.008419
baseline,Baseline,"(-99.20293, 19.31314)",Lluvia,RTP,Álvaro Obregón,False,0.008415
baseline,Baseline,"(-99.206344, 19.359686)",Alfonso Caso Andrade,CC,Álvaro Obregón,False,0.008413
baseline,Baseline,"(-99.23335, 19.38346)",Paso Chabacano,RTP,Álvaro Obregón,False,0.008409
baseline,Baseline,"(-99.10534, 19.48204)",Martín Carrera,MB,Gustavo A. Madero,False,0.00838
baseline,Baseline,"(-99.14294, 19.39475)",Alamos,MB,Benito Juárez,False,0.00838
baseline,Baseline,"(-99.227392, 19.36083)",Jose Galvez Moya,CC,Álvaro Obregón,False,0.00837
baseline,Baseline,"(-99.0416, 19.2991)",Av. Tláhuac - Juan de Dios Peza,RTP,Tláhuac,False,0.008342
baseline,Baseline,"(-99.23969, 19.36619)",Arrayan,RTP,Álvaro Obregón,False,0.008337
baseline,Baseline,"(-99.13805, 19.5082)",Arroyo de los Sauces,RTP,Gustavo A. Madero,False,0.008333
baseline,Baseline,"(-99.22748, 19.28305)",Sacalum,RTP,Tlalpan,False,0.008332
baseline,Baseline,"(-99.136934, 19.337805)",Eje 1 Ote. Canal de Miramontes - Ricardo Monges López,CC,Coyoacán,False,0.00833
baseline,Baseline,"(-99.05701, 19.41265)",Periférico - Av. Pantitlán,CC,Iztacalco,False,0.008326
baseline,Baseline,"(-99.20559, 19.42711)",Paseo de la Reforma y Prado Norte,CC,Miguel Hidalgo,False,0.008326
baseline,Baseline,"(-99.13238, 19.49767)",Frente a Escuela CENAC,RTP,Gustavo A. Madero,False,0.008322
baseline,Baseline,"(-99.23588, 19.36747)",Eucalipto,RTP,Álvaro Obregón,False,0.008308
baseline,Baseline,"(-99.15294, 19.44636)",Eje 1 Norte Mosqueta - Av. de los Insurgentes Norte,CC,Cuauhtémoc,False,0.008308
baseline,Baseline,"(-99.1189, 19.35762)",Calz. Ermita Iztapalapa - Avena y Artesanos,RTP,Iztapalapa,False,0.008296
baseline,Baseline,"(-99.073734, 19.482199)",Constitución de la República y Estado de Sinaloa,CC,Gustavo A. Madero,False,0.008294
baseline,Baseline,"(-99.197537, 19.359761)",Calz. De las Aguilas,CC,Álvaro Obregón,False,0.008291
baseline,Baseline,"(-99.237113, 19.356364)",Margarita,CC,Álvaro Obregón,False,0.008285
baseline,Baseline,"(-99.15445, 19.29606)",Tlalpan - Huipulco,CC,Tlalpan,False,0.008281
baseline,Baseline,"(-99.20323, 19.34705)",Anillo Periférico,RTP,Álvaro Obregón,False,0.008278
baseline,Baseline,"(-99.13168, 19.50139)",Av. Instituto Politécnico Nacional,RTP,Gustavo A. Madero,False,0.008278
baseline,Baseline,"(-99.13128, 19.5032)",Instituto Politécnico Nacional - Juan de Dios Batiz,RTP,Gustavo A. Madero,False,0.008277
baseline,Baseline,"(-98.98995, 19.34693)",Eje 6 Sur Av. de las Torres - Unión de Colonos,RTP,Iztapalapa,False,0.008276
baseline,Baseline,"(-99.28298, 19.35034)",Frente a No. 1160,RTP,Cuajimalpa de Morelos,False,0.00826
baseline,Baseline,"(-99.19035, 19.37253)",Santiago Rebull,RTP,Benito Juárez,False,0.008258
baseline,Baseline,"(-99.19747, 19.47218)",5 de Mayo - Norte 135,CC,Miguel Hidalgo,False,0.008231
baseline,Baseline,"(-99.1878, 19.40165)",Iturbe y Av. Jalisco,RTP,Miguel Hidalgo,True,0.008229
baseline,Baseline,"(-99.137449, 19.345314)",Cerro de Jesús - Eje 1 Ote. Canal de Miramontes,CC,Coyoacán,False,0.008208
baseline,Baseline,"(-98.96129, 19.31891)",Eje 10 Sur Chichilaula,RTP,Tláhuac,False,0.008196
baseline,Baseline,"(-99.22445, 19.36218)",Centenario,RTP,Álvaro Obregón,False,0.008186
baseline,Baseline,"(-99.229022, 19.359938)",G. Carmona,CC,Álvaro Obregón,False,0.008183
baseline,Baseline,"(-99.20296, 19.31123)",Valle y CCH,RTP,Álvaro Obregón,False,0.008177
baseline,Baseline,"(-99.23493, 19.38339)",Diego de Ordaz,RTP,Álvaro Obregón,False,0.008166
baseline,Baseline,"(-99.11505, 19.35698)",Calz. Ermita Iztapalapa - General Radames Andrade,RTP,Iztapalapa,False,0.00816
baseline,Baseline,"(-99.15794, 19.2935)",Tlalpan - Xontepec,CC,Tlalpan,False,0.008156
baseline,Baseline,"(-99.18285, 19.36176)",José María Velasco,MB,Álvaro Obregón,False,0.008152
baseline,Baseline,"(-99.047888, 19.21083)",San Gregorio - Oaxtepec y Achayatipac,CC,Milpa Alta,False,0.008119
baseline,Baseline,"(-99.21043, 19.42459)",Paseo de la Reforma - Explanada,CC,Miguel Hidalgo,False,0.008119
baseline,Baseline,"(-99.206776, 19.35814)",Alfonso Caso Andrade,CC,Álvaro Obregón,False,0.00811
baseline,Baseline,"(-99.18516, 19.35463)",Olivo,MB,Álvaro Obregón,False,0.0081
baseline,Baseline,"(-99.122502, 19.337629)",Escuela Naval Militar,TROLE,Coyoacán,False,0.0081
baseline,Baseline,"(-99.21977, 19.45258)",Blvd. Manuel Avila C. y Parque de Chapultepec,CC,Miguel Hidalgo,False,0.008094
baseline,Baseline,"(-99.11163, 19.31634)",Tepetlapa,MB,Coyoacán,False,0.008093
baseline,Baseline,"(-99.00081, 19.24595)",La Barranca,RTP,Tláhuac,False,0.008076
baseline,Baseline,"(-99.18874, 19.46028)",Av. Azcapotzalco - Lago Gascasonica,CC,Miguel Hidalgo,False,0.008063
baseline,Baseline,"(-99.08599, 19.47459)",Puerto de San Blas,TROLE,Gustavo A. Madero,False,0.008057
baseline,Baseline,"(-99.20873, 19.42506)",Paseo de la Reforma - Monte Altai,CC,Miguel Hidalgo,False,0.00805
baseline,Baseline,"(-99.10756, 19.45608)",Río Santa Coleta,MB,Gustavo A. Madero,False,0.008049
baseline,Baseline,"(-99.14529, 19.34945)",Tlalpan - Nadadores,CC,Coyoacán,False,0.008042
baseline,Baseline,"(-99.19544, 19.38393)",Librería Delti,RTP,Álvaro Obregón,False,0.008034
baseline,Baseline,"(-99.174002, 19.31017)",Tita Avendaño,TROLE,Coyoacán,False,0.007988
baseline,Baseline,"(-99.28583, 19.34981)",Camino a San Mateo,RTP,Cuajimalpa de Morelos,False,0.007981
baseline,Baseline,"(-99.18671, 19.40272)",Metro Tacubaya,RTP,Miguel Hidalgo,False,0.007972
baseline,Baseline,"(-99.13866, 19.4448)",Garibaldi,TROLE,Cuauhtémoc,False,0.007965
baseline,Baseline,"(-99.20012, 19.47303)",5 de Mayo - Puerta del Parque,CC,Miguel Hidalgo,False,0.007954
baseline,Baseline,"(-99.18753, 19.31516)",CCU,MB,Coyoacán,False,0.007946
baseline,Baseline,"(-99.16003, 19.29165)",Tlalpan - San Fernando Izq. INER,CC,Tlalpan,False,0.007945
baseline,Baseline,"(-99.118105, 19.338604)",San Francisco,TROLE,Coyoacán,False,0.00794
baseline,Baseline,"(-99.23622, 19.38291)",Violeta,RTP,Álvaro Obregón,False,0.007935
baseline,Baseline,"(-99.12453, 19.49877)",Cienfuegos,RTP,Gustavo A. Madero,False,0.007917
baseline,Baseline,"(-99.20351, 19.33392)",Puente,RTP,Álvaro Obregón,False,0.007912
baseline,Baseline,"(-99.24343, 19.36553)",Privada Cantera,RTP,Álvaro Obregón,False,0.007895
baseline,Baseline,"(-99.044321, 19.5679332)",Tulpetlac,MEXIBÚS,Ecatepec de Morelos,False,0.007893
baseline,Baseline,"(-99.12006, 19.337491)",Miguel Hidalgo,TROLE,Coyoacán,False,0.007868
baseline,Baseline,"(-99.13356, 19.40884)",Chabacano y José A. Torres,CC,Cuauhtémoc,False,0.007863
baseline,Baseline,"(-99.18851, 19.38539)",Los Pinos,RTP,Benito Juárez,False,0.007842
baseline,Baseline,"(-99.11619, 19.23648)",Prol. Hidalgo - Duraznos,RTP,Xochimilco,False,0.007841
baseline,Baseline,"(-99.11137, 19.24279)",Guadalupe Inclan Ramírez - Monte Morelos Oriente,RTP,Xochimilco,False,0.007838
baseline,Baseline,"(-99.18613, 19.30411)",Perisur,MB,Coyoacán,False,0.007798
baseline,Baseline,"(-99.20723, 19.34676)",Flor de María,RTP,Álvaro Obregón,False,0.007785
baseline,Baseline,"(-99.20378, 19.47264)",Camino a Santa Lucia - Tezozomoc,CC,Azcapotzalco,False,0.00777
baseline,Baseline,"(-99.18697, 19.53481)",Suburbano,CC,Tlalnepantla de Baz,False,0.007757
baseline,Baseline,"(-99.14959, 19.50054)",Politécnico Poniente,TROLE,Gustavo A. Madero,False,0.007751
baseline,Baseline,"(-99.10641, 19.2504)",Prol. 16 de Septiembre - Capulines,RTP,Xochimilco,False,0.007715
baseline,Baseline,"(-99.18724, 19.33679)",Psicología,RTP,Coyoacán,False,0.007713
baseline,Baseline,"(-99.22658, 19.36817)",Segunda Cerrada de Santa Lucia,RTP,Álvaro Obregón,False,0.007713
baseline,Baseline,"(-99.24543, 19.36448)",San Miguel,RTP,Álvaro Obregón,False,0.007712
baseline,Baseline,"(-99.27747, 19.35202)",Av. Tamaulipas,RTP,Cuajimalpa de Morelos,False,0.007705
baseline,Baseline,"(-99.179694, 19.308041)",Cefiro,TROLE,Coyoacán,False,0.007696
baseline,Baseline,"(-99.089843, 19.259815)",Av. Nuevo León y Callejón San Lorenzo,CC,Xochimilco,False,0.007694
baseline,Baseline,"(-99.2374, 19.38275)",Polvoras,RTP,Álvaro Obregón,False,0.007654
baseline,Baseline,"(-99.18989, 19.46117)",Aquiles Serdán -Golfo Siam,CC,Miguel Hidalgo,False,0.007651
baseline,Baseline,"(-99.195475, 19.365689)",Av. Centenario,CC,Álvaro Obregón,False,0.00765
baseline,Baseline,"(-99.22335, 19.28752)",Halacho,RTP,Tlalpan,False,0.007649
baseline,Baseline,"(-99.087644, 19.259212)",Av. Nuevo León y La Curva,CC,Xochimilco,False,0.007645
baseline,Baseline,"(-99.09015, 19.259825)",Av. Nuevo León y Pino,CC,Xochimilco,False,0.007645
baseline,Baseline,"(-99.0425062, 19.5766489)",Nuevo Laredo,MEXIBÚS,Ecatepec de Morelos,False,0.007616
baseline,Baseline,"(-99.03775, 19.29629)",Av. Tláhuac - Magdaleno Ita,RTP,Tláhuac,False,0.007609
baseline,Baseline,"(-99.28831, 19.34868)",Cuartel,RTP,Cuajimalpa de Morelos,False,0.007608
baseline,Baseline,"(-98.99794, 19.34821)",Eje 6 Sur - 12 de Octubre,RTP,Iztapalapa,False,0.007601
baseline,Baseline,"(-99.19048, 19.33003)",Estacionamiento 8,PUMABUS,Coyoacán,False,0.0076
baseline,Baseline,"(-99.222803, 19.363979)",Rinconada Centenario,CC,Álvaro Obregón,False,0.007587
baseline,Baseline,"(-99.18046, 19.45672)",Eje 3 Norte Av. Cuitlahuac - México-Tacuba,CC,Miguel Hidalgo,False,0.007585
baseline,Baseline,"(-99.11246, 19.2409)",Guadalupe Inclan Ramírez - Monte Calvario,RTP,Xochimilco,False,0.007566
baseline,Baseline,"(-99.11222, 19.41837)",Venustiano Carranza,MB,Venustiano Carranza,False,0.00755
baseline,Baseline,"(-99.25014, 19.36184)",San Luis,RTP,Álvaro Obregón,False,0.007545
baseline,Baseline,"(-99.09331, 19.19396)",José María Morelos - Guatemala,RTP,Milpa Alta,False,0.007543
baseline,Baseline,"(-98.98417, 19.34581)",Eje 6 Sur Av. de las Torres - Juan Escutia,RTP,Iztapalapa,False,0.007533
baseline,Baseline,"(-99.22312, 19.28496)",Homun,RTP,Tlalpan,False,0.007515
baseline,Baseline,"(-99.18103, 19.29407)",Corregidora,MB,Tlalpan,False,0.007514
baseline,Baseline,"(-99.22021, 19.45324)",Blvd. Manuel Avila C. y Parque de Chapultepec,CC,Naucalpan de Juárez,False,0.007511
baseline,Baseline,"(-99.081546, 19.258154)",Zacapa,CC,Xochimilco,False,0.00751
baseline,Baseline,"(-99.21796, 19.28942)",Huehuetan,RTP,Tlalpan,False,0.007508
baseline,Baseline,"(-99.190437, 19.34404)",Dr. Galvez,CC,Álvaro Obregón,False,0.007505
baseline,Baseline,"(-99.1152, 19.43122)",San Lázaro Norte,MB,Venustiano Carranza,False,0.007503
baseline,Baseline,"(-99.19901, 19.38275)",Alta Tension 2,RTP,Álvaro Obregón,False,0.007501
baseline,Baseline,"(-99.13266, 19.55314)",Darío Fernandez,RTP,Gustavo A. Madero,False,0.0075
baseline,Baseline,"(-99.11397, 19.32421)",Manuela Sáenz,MB,Coyoacán,False,0.0075
baseline,Baseline,"(-99.20496, 19.47228)",Camino a Santa Lucia - Democracias,CC,Azcapotzalco,False,0.007491
baseline,Baseline,"(-99.25122, 19.36128)",Moctezuma,RTP,Álvaro Obregón,False,0.007488
baseline,Baseline,"(-99.10317, 19.48094)",Hospital de la Villa,TROLE,Gustavo A. Madero,False,0.007481
baseline,Baseline,"(-99.19833, 19.34886)",Magnolia,RTP,Álvaro Obregón,False,0.00748
baseline,Baseline,"(-99.23178, 19.359364)",Principal,CC,Álvaro Obregón,False,0.007472
baseline,Baseline,"(-99.17754, 19.2926)",Ayuntamiento,MB,Tlalpan,False,0.00747
baseline,Baseline,"(-99.20515, 19.45936)",Calz. San Bartolo - Ururguay,CC,Miguel Hidalgo,False,0.007463
baseline,Baseline,"(-99.2781, 19.35172)",Av. Arteaga y Salazar,RTP,Cuajimalpa de Morelos,False,0.007461
baseline,Baseline,"(-99.19346, 19.33656)",Av. Revolución,RTP,Álvaro Obregón,False,0.00746
baseline,Baseline,"(-99.17815, 19.29264)",Ayuntamiento - Insurgentes Sur,CC,Tlalpan,False,0.007459
baseline,Baseline,"(-99.02403, 19.29435)",Tlaltenco,METRO,Tláhuac,False,0.007454
baseline,Baseline,"(-99.09258, 19.47704)",Gran Canal,TROLE,Gustavo A. Madero,False,0.007454
baseline,Baseline,"(-99.18967, 19.46571)",Aquiles Serdán - Golfo Estio,CC,Azcapotzalco,False,0.007444
baseline,Baseline,"(-99.17561, 19.46864)",Glorieta de Camarones,TROLE,Azcapotzalco,False,0.007425
baseline,Baseline,"(-99.084608, 19.258739)",Av. Nuevo León y Callejón Alcatraz,CC,Xochimilco,False,0.007419
baseline,Baseline,"(-99.20664, 19.47137)",Camino a Santa Lucia - Calz. de la Naranja,CC,Azcapotzalco,False,0.007401
baseline,Baseline,"(-99.05869, 19.41304)",Eje 1 Norte Xochimilco - Calle 6,CC,Iztacalco,False,0.007397
baseline,Baseline,"(-99.2397, 19.38191)",Corregidora,RTP,Álvaro Obregón,False,0.007378
baseline,Baseline,"(-99.16994, 19.31223)",Iman - Aztecas,CC,Coyoacán,False,0.007377
baseline,Baseline,"(-99.22624, 19.28315)",Tekax,RTP,Tlalpan,False,0.007351
baseline,Baseline,"(-99.05429, 19.23595)",Herradura,RTP,Xochimilco,False,0.007344
baseline,Baseline,"(-99.0391864, 19.5919951)",La Viga,MEXIBÚS,Ecatepec de Morelos,False,0.007338
baseline,Baseline,"(-99.17881, 19.45868)",Eje 3 Norte Av. Cuitlahuac - Mar Mármara,CC,Miguel Hidalgo,False,0.007325
baseline,Baseline,"(-99.10542, 19.46083)",Oriente 101,MB,Gustavo A. Madero,False,0.007323
baseline,Baseline,"(-99.06068, 19.41319)",Eje 1 Norte Xochimilco - Calle 5,CC,Iztacalco,False,0.007307
baseline,Baseline,"(-99.200859, 19.359768)",Luis Kuhne,CC,Álvaro Obregón,False,0.007306
baseline,Baseline,"(-99.200814, 19.362516)",Fujiyama,CC,Álvaro Obregón,False,0.007304
baseline,Baseline,"(-99.1863, 19.35057)",Insurgentes Sur,RTP,Álvaro Obregón,False,0.007301
baseline,Baseline,"(-99.16748, 19.27809)",Insurgentes y Autopista México-Cuernavaca,CC,Tlalpan,False,0.007294
baseline,Baseline,"(-99.22334, 19.28634)",Tenozique,RTP,Tlalpan,False,0.007279
baseline,Baseline,"(-99.136763, 19.333247)",Canal de Miramontes y M.H. Pulido,CC,Coyoacán,False,0.007258
baseline,Baseline,"(-99.00342, 19.35739)",Rafael Reyes - Eje 8 Sur Calz. Ermita Iztapalapa,RTP,Iztapalapa,False,0.007247
baseline,Baseline,"(-99.21027, 19.34564)",Romulo O'Farril,RTP,Álvaro Obregón,False,0.007241
baseline,Baseline,"(-99.29001, 19.34784)",Frente a No. 783,RTP,Cuajimalpa de Morelos,False,0.007236
baseline,Baseline,"(-99.080058, 19.257863)",Av. Nuevo León y La Herencia,CC,Xochimilco,False,0.007232
baseline,Baseline,"(-99.18011, 19.30811)",Av. Imán,PUMABUS,Coyoacán,False,0.007228
baseline,Baseline,"(-99.09043, 19.47616)",Puerto de Cádiz,TROLE,Gustavo A. Madero,False,0.007228
baseline,Baseline,"(-99.117, 19.269)",Francisco Goytia - Unidad Habitacional Rosalina,RTP,Xochimilco,False,0.007224
baseline,Baseline,"(-99.13665, 19.44662)",González Bocanegra,TROLE,Cuauhtémoc,False,0.007221
baseline,Baseline,"(-99.2541, 19.35978)",Ignacio López Rayón,RTP,Álvaro Obregón,False,0.007196
baseline,Baseline,"(-99.09157, 19.19272)",Av. José María Morelos-Emiliano Zapata,RTP,Milpa Alta,False,0.007186
baseline,Baseline,"(-99.21279, 19.47274)",Calz. de la Naranja - Isidro Fabela,CC,Naucalpan de Juárez,False,0.007178
baseline,Baseline,"(-99.24116, 19.38126)",Hidalgo,RTP,Álvaro Obregón,False,0.007178
baseline,Baseline,"(-99.24295, 19.40481)",Bosques de Mangos,RTP,Miguel Hidalgo,False,0.007176
baseline,Baseline,"(-99.07822, 19.31549)",Anillo Periférico Canal de Garay - Jacarandas,RTP,Iztapalapa,False,0.007165
baseline,Baseline,"(-99.25619, 19.35836)",Ignacio Zaragoza,RTP,Álvaro Obregón,False,0.007156
baseline,Baseline,"(-99.1683, 19.40658)",Chilpancingo,MB,Cuauhtémoc,False,0.007154
baseline,Baseline,"(-99.10136, 19.48063)",San Juan,TROLE,Gustavo A. Madero,False,0.00715
baseline,Baseline,"(-99.189869, 19.346016)",Av. De la Paz,CC,Álvaro Obregón,False,0.007148
baseline,Baseline,"(-99.12158, 19.41113)",Jamaica,TROLE,Venustiano Carranza,False,0.007125
baseline,Baseline,"(-99.22381, 19.28403)",Piste,RTP,Tlalpan,False,0.007115
baseline,Baseline,"(-99.10741, 19.45599)",Río Santa Coleta,MB,Gustavo A. Madero,False,0.007078
baseline,Baseline,"(-99.21601, 19.42322)",Paseo de la Reforma - Monte Blanco,CC,Miguel Hidalgo,False,0.007071
baseline,Baseline,"(-99.20452, 19.30912)",Valle,RTP,Álvaro Obregón,False,0.007059
baseline,Baseline,"(-99.077985, 19.257457)",Av. Nuevo León y Del Puente,CC,Xochimilco,False,0.007053
baseline,Baseline,"(-99.09715, 19.47892)",Eduardo Molina,TROLE,Gustavo A. Madero,False,0.007051
baseline,Baseline,"(-99.21351, 19.35753)",Isla,RTP,Álvaro Obregón,False,0.007044
baseline,Baseline,"(-99.10834, 19.45359)",Río Consulado,MB,Gustavo A. Madero,False,0.007035
baseline,Baseline,"(-99.14021, 19.28263)",Anillo Periférico Blvd. Adolfo Ruiz Cortines - México-Xochimilco,RTP,Tlalpan,False,0.007032
baseline,Baseline,"(-99.20853, 19.47165)",Calz. de la Naranja - Wenseslao Lara,CC,Azcapotzalco,False,0.00703
baseline,Baseline,"(-98.97807, 19.34295)",Autopista México-Puebla - La Virgen,RTP,La Paz,False,0.00703
baseline,Baseline,"(-99.00248, 19.35737)",Av. Santiago - Eje 8 Sur Av. Calz. Ermita Iztapalapa,RTP,Iztapalapa,False,0.007028
baseline,Baseline,"(-99.11149474, 19.31565254)",Tepetlapa y Armada de México,CC,Coyoacán,False,0.007003
baseline,Baseline,"(-99.134495, 19.340927)",Cerro del Cubilete,TROLE,Coyoacán,False,0.006995
baseline,Baseline,"(-98.97838, 19.34252)",Autopista México-Puebla - La Virgen,RTP,Iztapalapa,False,0.006955
baseline,Baseline,"(-99.00981, 19.2775)",Ferrocarril San Rafael  Atlixco - Sonido Trece,RTP,Tláhuac,False,0.006933
baseline,Baseline,"(-99.19226, 19.33873)",Plaza Loreto,RTP,Álvaro Obregón,False,0.006918
baseline,Baseline,"(-99.04907, 19.34228)",Calz. Ermita Iztapalapa - Hotel Pegaso (Hidalgo),RTP,Iztapalapa,False,0.006916
baseline,Baseline,"(-99.24633, 19.40183)",Bosques de Maples,RTP,Miguel Hidalgo,False,0.006903
baseline,Baseline,"(-99.20772, 19.44898)",Lomas de Sotelo - Av. Río San Joaquín,CC,Miguel Hidalgo,False,0.006885
baseline,Baseline,"(-99.06068, 19.34906)",Anillo Periférico Oriente - Porfirio Castillo,RTP,Iztapalapa,False,0.006875
baseline,Baseline,"(-99.09652, 19.47831)",Clínica 23 IMSS,TROLE,Gustavo A. Madero,False,0.006867
baseline,Baseline,"(-99.1867, 19.38535)",Metro San Antonio,RTP,Benito Juárez,False,0.006863
baseline,Baseline,"(-99.22483, 19.28337)",Becal,RTP,Tlalpan,False,0.006861
baseline,Baseline,"(-99.19719, 19.38336)",Demet,RTP,Álvaro Obregón,False,0.006852
baseline,Baseline,"(-99.08708, 19.39166)",El Rodeo,MB,Iztacalco,False,0.006848
baseline,Baseline,"(-99.21065, 19.47236)",Calz. de la Naranja - Santiago Ahuizotl,CC,Azcapotzalco,False,0.006846
baseline,Baseline,"(-99.18928, 19.37275)",Miguel Ángel,RTP,Benito Juárez,False,0.006833
baseline,Baseline,"(-99.16353, 19.37025)",Av. México,TROLE,Benito Juárez,False,0.006823
baseline,Baseline,"(-99.21404, 19.47305)",Calz. de la Naranja - Alfredo del Mazo,CC,Naucalpan de Juárez,False,0.006806
baseline,Baseline,"(-99.1334, 19.51129)",Av. del País,RTP,Gustavo A. Madero,False,0.006799
baseline,Baseline,"(-99.04876, 19.21325)",Cuitlahuac,RTP,Milpa Alta,False,0.006788
baseline,Baseline,"(-99.14989, 19.2884)",Anillo Periférico Blvd. Adolfo Ruiz Cortines - Viaducto Tlalpan,RTP,Tlalpan,False,0.006788
baseline,Baseline,"(-99.239143, 19.356093)",Cam. Puerto Ceguayo,CC,Álvaro Obregón,False,0.006779
baseline,Baseline,"(-99.12206, 19.40901)",Av. Morelos y Congreso de la Unión,CC,Venustiano Carranza,False,0.00677
baseline,Baseline,"(-99.1821, 19.47444)",Nubia,TROLE,Azcapotzalco,False,0.006766
baseline,Baseline,"(-99.24975, 19.37805)",Colonia Madrazo,RTP,Álvaro Obregón,False,0.006751
baseline,Baseline,"(-99.11254, 19.40841)",Mixiuhca,TROLE,Venustiano Carranza,False,0.00675
baseline,Baseline,"(-99.21906, 19.41583)",Paseo de la Reforma - Explanada,CC,Miguel Hidalgo,False,0.006741
baseline,Baseline,"(-99.140811, 19.341717)",Tasqueña,TROLE,Coyoacán,False,0.006739
baseline,Baseline,"(-99.1918, 19.39665)",Barza,RTP,Álvaro Obregón,False,0.006738
baseline,Baseline,"(-99.18767, 19.45918)",México-Tacuba - Metro Tacuba,CC,Miguel Hidalgo,False,0.00672
baseline,Baseline,"(-99.16112, 19.29076)",Hospital Manuel Gea González.,RTP,Tlalpan,False,0.00672
baseline,Baseline,"(-99.14649, 19.49365)",Montevideo,TROLE,Gustavo A. Madero,False,0.006714
baseline,Baseline,"(-99.19358, 19.37251)",Sassoferrato,RTP,Álvaro Obregón,False,0.006714
baseline,Baseline,"(-99.072437, 19.25628)",Av. Nuevo León y Ignacio Zaragoza,CC,Xochimilco,False,0.006689
baseline,Baseline,"(-99.075704, 19.25698)",Av. Nuevo León y Puente de Urrutia,CC,Xochimilco,False,0.006682
baseline,Baseline,"(-99.17929, 19.47163)",Norte 87,TROLE,Azcapotzalco,False,0.006679
baseline,Baseline,"(-99.20678, 19.35829)",Alfonso Caso,RTP,Álvaro Obregón,False,0.006667
baseline,Baseline,"(-99.21204, 19.38377)",Omicron,RTP,Álvaro Obregón,False,0.006666
baseline,Baseline,"(-99.25012, 19.39801)",Bosques de Ailes,RTP,Miguel Hidalgo,False,0.006637
baseline,Baseline,"(-99.23954, 19.39386)",Frente a Torre Lomas Altas,RTP,Miguel Hidalgo,False,0.00662
baseline,Baseline,"(-99.23151, 19.28285)",Sudsal,RTP,Tlalpan,False,0.006616
baseline,Baseline,"(-99.1339, 19.44945)",Flores Magón,TROLE,Cuauhtémoc,False,0.006615
baseline,Baseline,"(-99.10728, 19.24631)",Guadalupe Inclan Ramírez - Unidad Infonavit,RTP,Xochimilco,False,0.006606
baseline,Baseline,"(-99.21806, 19.42134)",Paseo de la Reforma - Prado Sur,CC,Miguel Hidalgo,False,0.006592
baseline,Baseline,"(-99.21983, 19.37891)",Manuel Avila Camacho,RTP,Álvaro Obregón,False,0.006583
baseline,Baseline,"(-99.20665, 19.45977)",Calz. San Bartolo - Sanctorum,CC,Miguel Hidalgo,False,0.006577
baseline,Baseline,"(-99.130336, 19.339509)",CECyT 13,TROLE,Coyoacán,False,0.006573
baseline,Baseline,"(-99.113874, 19.32665)",Av. Carlota Armero - Mariquita Sánchez,CC,Coyoacán,False,0.006564
baseline,Baseline,"(-99.24287, 19.38737)",Av. Constituyentes - Puente Conafrut,RTP,Miguel Hidalgo,False,0.006562
baseline,Baseline,"(-99.06651, 19.255071)",Av. Chapultepec y Adolfo Lopez Mateos,CC,Xochimilco,False,0.006553
baseline,Baseline,"(-99.129274, 19.339418)",CECyT 13,TROLE,Coyoacán,False,0.00655
baseline,Baseline,"(-99.16345, 19.28692)",Tlalpan y Morelos,CC,Tlalpan,False,0.00655
baseline,Baseline,"(-99.17718, 19.4206)",CETRAM Chapultepec (base),CC,Miguel Hidalgo,False,0.00655
baseline,Baseline,"(-99.21842, 19.4182)",Paseo de la Reforma - Monte Líbano,CC,Miguel Hidalgo,False,0.006542
baseline,Baseline,"(-99.09441, 19.4778)",Arcos de Aragón,TROLE,Gustavo A. Madero,False,0.00654
baseline,Baseline,"(-99.13908, 19.50927)",Arroyo de Mendizabal,RTP,Gustavo A. Madero,False,0.006528
baseline,Baseline,"(-99.22954, 19.28291)",Chicoasen,RTP,Tlalpan,False,0.006528
baseline,Baseline,"(-99.19647, 19.49181)",Zempoaltecas,TROLE,Azcapotzalco,False,0.006528
baseline,Baseline,"(-99.2575, 19.37439)",Guillermo Haro,RTP,Álvaro Obregón,False,0.006525
baseline,Baseline,"(-99.25558, 19.3759)",Manuel Sandoval,RTP,Álvaro Obregón,False,0.006493
baseline,Baseline,"(-99.21995, 19.41359)",Paseo de la Reforma - Sierra Tarahumara Poniente,CC,Miguel Hidalgo,False,0.006492
baseline,Baseline,"(-99.10119, 19.48037)",Hospital General La Villa,MB,Gustavo A. Madero,False,0.006483
baseline,Baseline,"(-99.19496, 19.56526)",San Rafael,SUB,Tlalnepantla de Baz,False,0.00647
baseline,Baseline,"(-99.16665, 19.44427)",Ribera de San Cosme - Lauro Aguirre,RTP,Miguel Hidalgo,False,0.006449
baseline,Baseline,"(-99.20542, 19.38314)",Matagalpinos,RTP,Álvaro Obregón,False,0.006446
baseline,Baseline,"(-99.16147, 19.24067)",Kilometro 24.5,RTP,Tlalpan,False,0.006444
baseline,Baseline,"(-99.126796, 19.338681)",Santa Isabel Tola,TROLE,Coyoacán,False,0.00644
baseline,Baseline,"(-99.047563, 19.209302)",San Gregorio - Oaxtepec y Niños Héroes,CC,Milpa Alta,False,0.006437
baseline,Baseline,"(-99.10818, 19.24413)",Guadalupe Inclan Ramírez - Río San Lucas,RTP,Xochimilco,False,0.006427
baseline,Baseline,"(-99.10516, 19.22362)",Vicente Guerrero - Tlacomulco,RTP,Xochimilco,False,0.006426
baseline,Baseline,"(-99.2111, 19.46129)",San Bartolo - General Arista,CC,Miguel Hidalgo,False,0.006426
baseline,Baseline,"(-99.20211, 19.38281)",Primera Cerrada de Minas,RTP,Álvaro Obregón,False,0.006422
baseline,Baseline,"(-99.03607, 19.29644)",Av. Tláhuac - Ricardo Flores Magón,RTP,Tláhuac,False,0.006418
baseline,Baseline,"(-99.14185, 19.47239)",Norte 1 H,RTP,Gustavo A. Madero,False,0.006389
baseline,Baseline,"(-99.00541, 19.3497)",Eje 6 Sur - Parotas,RTP,Iztapalapa,False,0.006388
baseline,Baseline,"(-99.21321, 19.38384)",Cerrada Chicago,RTP,Álvaro Obregón,False,0.006387
baseline,Baseline,"(-99.1457, 19.49296)",Montevideo,TROLE,Gustavo A. Madero,False,0.006384
baseline,Baseline,"(-99.14681, 19.4991)",Cerrada Manuel Stampa,TROLE,Gustavo A. Madero,False,0.006383
baseline,Baseline,"(-99.21339, 19.47289)",Calz. de la Naranja - Carlos Riva Palacios,CC,Naucalpan de Juárez,False,0.006374
baseline,Baseline,"(-99.22878, 19.28308)",Seye,RTP,Tlalpan,False,0.006371
baseline,Baseline,"(-99.08453, 19.47431)",Puerto de Acapulco,TROLE,Gustavo A. Madero,False,0.006368
baseline,Baseline,"(-99.24224, 19.38059)",Tlapechico,RTP,Álvaro Obregón,False,0.006357
baseline,Baseline,"(-99.252, 19.37763)",Av. Vasco de Quiroga - Televisa Santa Fe,RTP,Álvaro Obregón,False,0.006353
baseline,Baseline,"(-99.20725, 19.42905)",Montes Urales - Volcán,CC,Miguel Hidalgo,False,0.006351
baseline,Baseline,"(-99.07619, 19.48268)",Camino de la Unión,TROLE,Gustavo A. Madero,False,0.006351
baseline,Baseline,"(-99.16416, 19.30821)",Blvd. Gran Sur,RTP,Coyoacán,False,0.006345
baseline,Baseline,"(-99.21855, 19.37889)",Hermanos Vivaldi,RTP,Álvaro Obregón,False,0.006343
baseline,Baseline,"(-99.08555, 19.35595)",Calz. Ermita Iztapalapa - Metro Cerro de la Estrella,RTP,Iztapalapa,False,0.006324
baseline,Baseline,"(-99.068492, 19.255465)",Av. Nuevo León y La Huerta,CC,Xochimilco,False,0.006323
baseline,Baseline,"(-99.22037, 19.31432)",Plaza Artz,RTP,Álvaro Obregón,False,0.006322
baseline,Baseline,"(-99.24832, 19.37909)",Glorieta Vasco de Quiroga,RTP,Álvaro Obregón,False,0.006322
baseline,Baseline,"(-99.24307, 19.38042)",Porfirio Díaz,RTP,Álvaro Obregón,False,0.006311
baseline,Baseline,"(-99.09717, 19.47876)",San Juan de Aragón,MB,Gustavo A. Madero,False,0.006311
baseline,Baseline,"(-99.13095, 19.45279)",Canal del Norte,TROLE,Cuauhtémoc,False,0.006303
baseline,Baseline,"(-99.22348, 19.46296)",Blvd. Manuel Avila C. y Nuevo México,CC,Naucalpan de Juárez,False,0.006298
baseline,Baseline,"(-99.18675, 19.59921)",Lechería,SUB,Tultitlán,False,0.006287
baseline,Baseline,"(-99.25224, 19.39718)",Magnolia,RTP,Miguel Hidalgo,False,0.006286
baseline,Baseline,"(-99.11412, 19.32383)",Av. Carlota Armero - Av. Manuela Sáenz,CC,Coyoacán,False,0.006279
baseline,Baseline,"(-99.24634, 19.37919)",General Antonio Rosales,RTP,Álvaro Obregón,False,0.006272
baseline,Baseline,"(-99.07922, 19.47369)",Camino de San Juan de Aragón,TROLE,Gustavo A. Madero,False,0.00627
baseline,Baseline,"(-99.23152, 19.28275)",Sudzal,RTP,Tlalpan,False,0.006265
baseline,Baseline,"(-99.08229, 19.41192)",Zaragoza,METRO,Venustiano Carranza,False,0.006263
baseline,Baseline,"(-99.1861, 19.33799)",Superama y Puente Peatonal,RTP,Coyoacán,False,0.006256
baseline,Baseline,"(-99.20204, 19.38256)",Primera Cerrada de Minas,RTP,Álvaro Obregón,False,0.006243
baseline,Baseline,"(-99.07628, 19.48276)",Constitución de la República - Unión,CC,Gustavo A. Madero,False,0.006239
baseline,Baseline,"(-99.00378, 19.34958)",Av. México - Eje 6 Sur Av. de las Torres y Cuauhtémoc,RTP,Iztapalapa,False,0.006226
baseline,Baseline,"(-99.13257, 19.45115)",Tlatelolco,TROLE,Cuauhtémoc,False,0.006215
baseline,Baseline,"(-99.0333429, 19.6035542)",Puente de Fierro,MEXIBÚS,Ecatepec de Morelos,False,0.006202
baseline,Baseline,"(-99.16058, 19.23947)",Colibri,RTP,Tlalpan,False,0.006199
baseline,Baseline,"(-99.136818, 19.33577)",Eje 1 Ote. Canal de Miramontes - Av. 3,CC,Coyoacán,False,0.006198
baseline,Baseline,"(-99.02571, 19.34475)",Calz. Ermita Iztapalapa - Jalisco,RTP,Iztapalapa,False,0.006194
baseline,Baseline,"(-99.20981, 19.3315)",Periférico Sur,RTP,Álvaro Obregón,False,0.006179
baseline,Baseline,"(-99.233188, 19.358482)",Angel Reyes,CC,Álvaro Obregón,False,0.006173
baseline,Baseline,"(-99.188785, 19.399479)",Viaducto,CC,Miguel Hidalgo,False,0.006173
baseline,Baseline,"(-99.21405, 19.46031)",Ingenieros Militares - Demet,CC,Naucalpan de Juárez,False,0.006171
baseline,Baseline,"(-99.21789, 19.45158)",Lomas de Sotelo,CC,Miguel Hidalgo,False,0.006171
baseline,Baseline,"(-99.18422, 19.47736)",22 de Febrero,TROLE,Azcapotzalco,False,0.006152
baseline,Baseline,"(-99.099318, 19.396496)",Rio churubusco y Plutarco Elías Calles,CC,Iztacalco,False,0.00615
baseline,Baseline,"(-99.21992, 19.31291)",Hospital Ángeles,RTP,Álvaro Obregón,False,0.006132
baseline,Baseline,"(-99.15432, 19.43939)",Puente de Alvarado - Metro Revolución,CC,Cuauhtémoc,False,0.006115
baseline,Baseline,"(-99.21449, 19.38358)",Cerrada Chicago,RTP,Álvaro Obregón,False,0.006106
baseline,Baseline,"(-99.19853, 19.49559)",Ahuehuetes,TROLE,Azcapotzalco,False,0.006105
baseline,Baseline,"(-99.21462, 19.48166)",Enrique Añorve - Liberato Lara,CC,Azcapotzalco,False,0.006097
baseline,Baseline,"(-99.21106, 19.4289)",Coordillera de los Andes - Sierra Mojada,CC,Miguel Hidalgo,False,0.006094
baseline,Baseline,"(-99.12133, 19.40925)",Congreso de la Unión,TROLE,Venustiano Carranza,False,0.006081
baseline,Baseline,"(-99.24411, 19.38011)",Porfirio Diaz,RTP,Álvaro Obregón,False,0.006081
baseline,Baseline,"(-99.15067, 19.4458)",Norte y Aldama,CC,Cuauhtémoc,False,0.006079
baseline,Baseline,"(-99.12472654, 19.3153325)",Canal de Miramontes y Escuela Naval Militar,CC,Coyoacán,False,0.006073
baseline,Baseline,"(-99.04731, 19.20904)",Carretera a Oaxtepec 2,RTP,Milpa Alta,False,0.006069
baseline,Baseline,"(-99.16262, 19.28945)",Tlalpan y Allende,CC,Tlalpan,False,0.006069
baseline,Baseline,"(-98.99518, 19.36031)",Santa Marta,METRO,Iztapalapa,False,0.00606
baseline,Baseline,"(-99.068349, 19.488695)",Orizaba y Villa de Ayala,CC,Gustavo A. Madero,False,0.006058
baseline,Baseline,"(-99.1543, 19.52675)",Punto 34,CC,Gustavo A. Madero,False,0.006026
baseline,Baseline,"(-99.1255, 19.48511)",Deportivo 18 de Marzo,METRO,Gustavo A. Madero,False,0.006021
baseline,Baseline,"(-99.08002, 19.38696)",Río Mayo,MB,Iztapalapa,False,0.006017
baseline,Baseline,"(-99.14396, 19.49762)",Vía Ceti,TROLE,Gustavo A. Madero,False,0.006016
baseline,Baseline,"(-99.08837, 19.47432)",Casas Alemán,MB,Gustavo A. Madero,False,0.006014
baseline,Baseline,"(-99.11234, 19.46408)",Congreso de la Unión y Ángel Albino,CC,Gustavo A. Madero,False,0.006014
baseline,Baseline,"(-99.09293, 19.47709)",Gran Canal,MB,Gustavo A. Madero,False,0.006009
baseline,Baseline,"(-99.128156, 19.475223)",Fundidora de Monterrey y Alpina,CC,Gustavo A. Madero,False,0.006005
baseline,Baseline,"(-99.069803, 19.489252)",Eje 6 Nte. Villa de Ayala y Atlacomulco,CC,Gustavo A. Madero,False,0.006005
baseline,Baseline,"(-99.121351, 19.404211)",Base Metro Santa Anita,CC,Iztacalco,False,0.006001
baseline,Baseline,"(-99.17105, 19.47006)",Soriana Cuitláhuac,TROLE,Azcapotzalco,False,0.005985
baseline,Baseline,"(-99.0432797, 19.5711221)",Siervo de la Nación,MEXIBÚS,Ecatepec de Morelos,False,0.005977
baseline,Baseline,"(-99.15933, 19.23694)",Kilometro 25,RTP,Tlalpan,False,0.005973
baseline,Baseline,"(-99.06249, 19.34209)",Anillo Periférico Canal de Garay - Betabel,RTP,Iztapalapa,False,0.005967
baseline,Baseline,"(-99.1003, 19.2205)",Hombres Ilustres - Cerrada de Hombres Ilustres,RTP,Xochimilco,False,0.005966
baseline,Baseline,"(-99.26078, 19.37536)",Prol. Paseo de la Reforma - Paseo de los Tamarindos,RTP,Álvaro Obregón,False,0.005952
baseline,Baseline,"(-99.18034, 19.45644)",Calz. México-Tacuba - Av. Cuitlahuac,RTP,Miguel Hidalgo,False,0.005941
baseline,Baseline,"(-99.1313, 19.50805)",Frente Escuela ESIA,RTP,Gustavo A. Madero,False,0.005937
baseline,Baseline,"(-99.0557, 19.42169)",Periférico - Av. Chimalhuacan,CC,Nezahualcóyotl,False,0.005935
baseline,Baseline,"(-99.23236, 19.27856)",Tixmehuac,RTP,Tlalpan,False,0.005934
baseline,Baseline,"(-99.0990952, 19.5177238)",Periférico,MEXIBÚS,Tlalnepantla de Baz,False,0.00593
baseline,Baseline,"(-99.1113, 19.22291)",Carretera Xochimilco-San Pablo - Progreso,RTP,Xochimilco,False,0.005927
baseline,Baseline,"(-99.20799, 19.3841)",Mercurio,RTP,Álvaro Obregón,False,0.005925
baseline,Baseline,"(-99.101191, 19.252534)",Cam. A Nativitas y Lirio Acuatico,CC,Xochimilco,False,0.005905
baseline,Baseline,"(-99.131698, 19.476713)",Base CETRAM Metro Potrero y,CC,Gustavo A. Madero,True,0.00589
baseline,Baseline,"(-99.06853, 19.41408)",Miguel Lebrija - Calle 1,CC,Iztacalco,False,0.005846
baseline,Baseline,"(-99.02863, 19.34448)",Calz. Ermita Iztapalapa - El Llano,RTP,Iztapalapa,False,0.005844
baseline,Baseline,"(-99.21566, 19.38332)",Luis Gonzaga Urbina,RTP,Álvaro Obregón,False,0.005825
baseline,Baseline,"(-99.05985, 19.38903)",Constitución de Apatztingán,MB,Iztapalapa,False,0.005823
baseline,Baseline,"(-99.21489, 19.48077)",Enrique Añorve - Alonso Capetillo,CC,Azcapotzalco,False,0.005819
baseline,Baseline,"(-99.10437, 19.48504)",Martín Carrera,METRO,Gustavo A. Madero,False,0.005815
baseline,Baseline,"(-99.0563, 19.41945)",Periférico - Prosperidad,CC,Iztacalco,False,0.005813
baseline,Baseline,"(-99.28322, 19.35018)",Frente a No. 1160,RTP,Cuajimalpa de Morelos,False,0.005811
baseline,Baseline,"(-99.21356, 19.42986)",Paseo de las Palmas - Monte Stanovoi,CC,Miguel Hidalgo,False,0.005801
baseline,Baseline,"(-99.10402, 19.48481)",Av. Ferrocarril Hidalgo - Metro Martín Carrera,RTP,Gustavo A. Madero,False,0.005769
baseline,Baseline,"(-99.17351, 19.25897)",Callejón Las Torres y Kilometro 21,RTP,Tlalpan,False,0.005765
baseline,Baseline,"(-99.056647, 19.246747)",Av. Cuauhtémoc y Pirules,CC,Xochimilco,False,0.005763
baseline,Baseline,"(-99.12598, 19.48538)",Metro 18 de Marzo,CC,Gustavo A. Madero,True,0.005762
baseline,Baseline,"(-99.103218, 19.254141)",Cam. A Nativitas y C. Heliotropo,CC,Xochimilco,False,0.005758
baseline,Baseline,"(-99.00265, 19.34915)",Eje 6 Sur - Venus,RTP,Iztapalapa,False,0.005754
baseline,Baseline,"(-99.221241, 19.350399)",Llanuras,CC,Álvaro Obregón,False,0.005739
baseline,Baseline,"(-99.183481, 19.5994962)",Lechería,MEXIBÚS,Tultitlán,True,0.005729
baseline,Baseline,"(-99.21189, 19.42956)",Sierra Gamón - Paseo de las Palmas,CC,Miguel Hidalgo,False,0.005723
baseline,Baseline,"(-99.22305, 19.27442)",Yobain,RTP,Tlalpan,False,0.005721
baseline,Baseline,"(-99.24298, 19.40491)",Bosques de Reforma - Bosques de Mangos,CC,Miguel Hidalgo,False,0.005713
baseline,Baseline,"(-99.21588, 19.35506)",Romulo O'Farril,RTP,Álvaro Obregón,False,0.005708
baseline,Baseline,"(-99.14676, 19.39525)",Centro SCOP,MB,Benito Juárez,False,0.005707
baseline,Baseline,"(-99.0416999, 19.5826449)",Laureles,MEXIBÚS,Ecatepec de Morelos,False,0.005702
baseline,Baseline,"(-99.16452, 19.37048)",Zapata I,TROLE,Benito Juárez,False,0.005683
baseline,Baseline,"(-99.16324, 19.42413)",Glorieta Insurgentes,MB,Cuauhtémoc,False,0.005674
baseline,Baseline,"(-99.07428, 19.38763)",Río Frío,MB,Iztacalco,False,0.005662
baseline,Baseline,"(-99.11176, 19.22161)",Ignacio Allende - Parda,RTP,Xochimilco,False,0.005651
baseline,Baseline,"(-99.06265, 19.34503)",Constitución de 1917,CBB,Iztapalapa,False,0.00564
baseline,Baseline,"(-99.0193088, 19.6125752)",Izcalli Palomas,MEXIBÚS,Ecatepec de Morelos,False,0.005639
baseline,Baseline,"(-99.1644, 19.28424)",Tlalpan - La Rosa,CC,Tlalpan,False,0.005637
baseline,Baseline,"(-99.22488, 19.43033)",Puente de Tecamachalco - Calle 19,CC,Miguel Hidalgo,False,0.005634
baseline,Baseline,"(-99.21615, 19.44177)",Industria Militar - Anillo Periférico,CC,Miguel Hidalgo,False,0.005629
baseline,Baseline,"(-99.21274, 19.44762)",Lomas de Sotelo y Presa Amistad,CC,Miguel Hidalgo,False,0.005625
baseline,Baseline,"(-99.28613, 19.34984)",Tinajas,RTP,Cuajimalpa de Morelos,False,0.005625
baseline,Baseline,"(-99.13557, 19.50572)",Av. Miguel Bernanrd - Escuela de Ingenieros,RTP,Gustavo A. Madero,False,0.005623
baseline,Baseline,"(-99.17842, 19.42387)",Tolstoi y Mariano Escobedo,CC,Miguel Hidalgo,False,0.005622
baseline,Baseline,"(-99.09635, 19.21747)",Hombres Ilustres - Frente a No. 387,RTP,Xochimilco,False,0.00562
baseline,Baseline,"(-99.2632, 19.35625)",Francisco José Serrano,RTP,Cuajimalpa de Morelos,False,0.005619
baseline,Baseline,"(-99.15742, 19.23548)",Kilometro 25.5,RTP,Tlalpan,False,0.005618
baseline,Baseline,"(-99.25937, 19.37294)",Roberto Medellin,RTP,Álvaro Obregón,False,0.00561
baseline,Baseline,"(-99.17356, 19.49089)",Granjas - Metro Ferrería,RTP,Azcapotzalco,False,0.005606
baseline,Baseline,"(-98.99548, 19.36008)",C. C. Metro Santa Marta - Cetram Santa Marta Anden A,RTP,Iztapalapa,True,0.005602
baseline,Baseline,"(-99.13198, 19.55973)",José Mojica,RTP,Gustavo A. Madero,False,0.005588
baseline,Baseline,"(-99.190786, 19.34888)",Altavista,CC,Álvaro Obregón,False,0.005583
baseline,Baseline,"(-99.07749, 19.496701)",Gobernador Darío López y Calpulalpan,CC,Gustavo A. Madero,False,0.005581
baseline,Baseline,"(-99.10112, 19.38584)",Río Churubusco,TROLE,Iztacalco,False,0.00557
baseline,Baseline,"(-99.13203, 19.47509)",Excelsior - Ing. Claudio Castro,CC,Gustavo A. Madero,False,0.005566
baseline,Baseline,"(-99.03256, 19.34413)",Calz. Ermita Iztapalapa - Tinacos,RTP,Iztapalapa,False,0.005565
baseline,Baseline,"(-99.0712399, 19.5327413)",Monumento a Morelos,MEXIBÚS,Ecatepec de Morelos,False,0.005559
baseline,Baseline,"(-99.0822396, 19.5270522)",Clínica 76,MEXIBÚS,Ecatepec de Morelos,False,0.005559
baseline,Baseline,"(-99.23235, 19.28007)",Conkal,RTP,Tlalpan,False,0.00555
baseline,Baseline,"(-99.21735, 19.38356)",Guadalupe Victoria,RTP,Álvaro Obregón,False,0.005544
baseline,Baseline,"(-99.19549, 19.38361)",Librería Delti,RTP,Álvaro Obregón,False,0.005536
baseline,Baseline,"(-99.03162, 19.33848)",Av. de las Torres - Calle Reforma Liberal,RTP,Iztapalapa,False,0.005528
baseline,Baseline,"(-99.16221, 19.31181)",Santa Ursula - San Guillermo,RTP,Coyoacán,False,0.00552
baseline,Baseline,"(-99.18657, 19.37571)",Patriotismo,TROLE,Benito Juárez,False,0.005512
baseline,Baseline,"(-99.10426, 19.25495)",Francisco Goytia - 5 de Mayo,RTP,Xochimilco,False,0.005491
baseline,Baseline,"(-99.241268, 19.355085)",C. Uno,CC,Álvaro Obregón,False,0.005491
baseline,Baseline,"(-99.06261, 19.41341)",Eje 1 Norte Xochimilco - Calle 4,CC,Iztacalco,False,0.005478
baseline,Baseline,"(-99.23249, 19.28003)",Con Kal,RTP,Tlalpan,False,0.005476
baseline,Baseline,"(-99.05852, 19.42111)",Calle 6,MB,Venustiano Carranza,False,0.005474
baseline,Baseline,"(-99.124094, 19.329399)",Av. Santa Ana - Eje 2 Ote. (Heroica Escuela Naval Militar),CC,Coyoacán,False,0.005465
baseline,Baseline,"(-99.19032, 19.42537)",Paseo de la Reforma y Zoológico,CC,Miguel Hidalgo,False,0.005457
baseline,Baseline,"(-99.101885, 19.253089)",Cam. a Nativitas y C. Río San Lucas,CC,Xochimilco,False,0.005452
baseline,Baseline,"(-99.17992, 19.23272)",Trabajo,RTP,Tlalpan,False,0.005451
baseline,Baseline,"(-99.21518, 19.4798)",Enrique Añorve - Adolfo López Mateos,CC,Azcapotzalco,False,0.005448
baseline,Baseline,"(-99.19708, 19.38313)",Demet,RTP,Álvaro Obregón,False,0.005447
baseline,Baseline,"(-99.17776, 19.46055)",Poniente 44,RTP,Azcapotzalco,False,0.005444
baseline,Baseline,"(-99.06968, 19.48628)",Estado de Tabasco,TROLE,Gustavo A. Madero,False,0.005444
baseline,Baseline,"(-99.2247, 19.27487)",Tekit 2,RTP,Tlalpan,False,0.00544
baseline,Baseline,"(-99.122342, 19.329246)",Av. Santa Ana - Ejido San Miguel Xicalco,CC,Coyoacán,False,0.005437
baseline,Baseline,"(-99.2168, 19.37201)",Calle 25,RTP,Álvaro Obregón,False,0.005436
baseline,Baseline,"(-99.16914, 19.47065)",Av. Nueces,TROLE,Azcapotzalco,False,0.00543
baseline,Baseline,"(-99.08664, 19.19165)",Av. José María Morelos-Fernando Montes de Oca,RTP,Milpa Alta,False,0.00543
baseline,Baseline,"(-99.114932, 19.26588)",Av. Guadalupe I. Ramírez y Prol. Div. Del Norte,CC,Xochimilco,False,0.005429
baseline,Baseline,"(-99.0371508, 19.5965428)",San Cristóbal,MEXIBÚS,Ecatepec de Morelos,False,0.005428
baseline,Baseline,"(-99.14553, 19.50752)",Miguel Othon de Mendizabal - Frente a Centro Comercial Torres Lindavista,RTP,Gustavo A. Madero,False,0.005426
baseline,Baseline,"(-99.15728, 19.23528)",Carretera Federal a Cuernavaca - Km 25.5 México Ajusco,RTP,Tlalpan,False,0.005425
baseline,Baseline,"(-99.06582, 19.38347)",Leyes de Reforma,MB,Iztacalco,False,0.005397
baseline,Baseline,"(-99.18198, 19.43331)",Horacio,TROLE,Miguel Hidalgo,False,0.005391
baseline,Baseline,"(-99.15272, 19.29781)",Renato Leduc - Tlalpan,CC,Coyoacán,False,0.005389
baseline,Baseline,"(-99.16587, 19.44389)",Ribera de san Cosme,CC,Miguel Hidalgo,False,0.00538
baseline,Baseline,"(-99.26082, 19.37499)",Base Paseo de los Tamarindos,CC,Álvaro Obregón,False,0.005378
baseline,Baseline,"(-99.066466, 19.488996)",Av. Valle de las Zapatas y Valle de Arriba,CC,Nezahualcóyotl,False,0.005374
baseline,Baseline,"(-99.14702, 19.28534)",Anillo Periférico Blvd. Adolfo Ruiz Cortines - Kioto,RTP,Tlalpan,False,0.005372
baseline,Baseline,"(-99.11065, 19.22369)",Carretera Xochimilco-San Pablo - Cuauhtémoc,RTP,Xochimilco,False,0.005372
baseline,Baseline,"(-99.25947, 19.3918)",Bosques de Reforma - Bosque de Cacaos,CC,Cuajimalpa de Morelos,False,0.005369
baseline,Baseline,"(-99.21702, 19.45441)",Ingenieros Militares - Río San Joaquin,CC,Naucalpan de Juárez,False,0.005367
baseline,Baseline,"(-99.19909, 19.38244)",Prolongación San Antonio,RTP,Álvaro Obregón,False,0.005359
baseline,Baseline,"(-99.18037, 19.30985)",Archivo General,PUMABUS,Coyoacán,False,0.005358
baseline,Baseline,"(-99.1383, 19.50809)",Arroyo de los Sauces,RTP,Gustavo A. Madero,False,0.005344
baseline,Baseline,"(-99.23442, 19.27699)",Tinum y Dzemul,RTP,Tlalpan,False,0.005337
baseline,Baseline,"(-99.1473, 19.50624)",Punto 18,CC,Gustavo A. Madero,False,0.005337
baseline,Baseline,"(-99.22366, 19.40778)",Paseo de la Reforma - Montes Auvernia,CC,Miguel Hidalgo,False,0.005335
baseline,Baseline,"(-99.22449, 19.46592)",Blvd. Manuel Avila C. y Las Torres y 1 de Mayo,CC,Naucalpan de Juárez,False,0.005333
baseline,Baseline,"(-99.13995, 19.46884)",Frente a Metro La Raza,RTP,Gustavo A. Madero,True,0.005332
baseline,Baseline,"(-99.16727, 19.40977)",Campeche,MB,Cuauhtémoc,False,0.005319
baseline,Baseline,"(-99.07345, 19.41707)",Pantitlán,MB,Venustiano Carranza,True,0.005317
baseline,Baseline,"(-99.05969, 19.35339)",Anillo Periférico Oriente - Revolución Social,RTP,Iztapalapa,False,0.005316
baseline,Baseline,"(-99.03222, 19.33985)",Av. de las Torres - Insurgentes,RTP,Iztapalapa,False,0.005306
baseline,Baseline,"(-99.17142, 19.2752)",Cristobal Colón - Otomíes,CC,Tlalpan,False,0.005303
baseline,Baseline,"(-99.081307, 19.449568)",Av. Oceanía y Deportivo Oceanía,CC,Venustiano Carranza,False,0.005291
baseline,Baseline,"(-99.19536, 19.36416)",Av. Lomas de Platero,RTP,Álvaro Obregón,False,0.005287
baseline,Baseline,"(-99.17243, 19.4491)",Felipe Carrillo Puerto - Av. México Tacuba,CC,Miguel Hidalgo,False,0.005283
baseline,Baseline,"(-99.00282, 19.36031)",Rafael Reyes - Francisco Sarabia,RTP,Iztapalapa,False,0.005282
baseline,Baseline,"(-99.058979, 19.5391842)",Santa Clara,MEXIBÚS,Ecatepec de Morelos,False,0.00528
baseline,Baseline,"(-99.13149, 19.50284)",Av. Instituto Politécnico Nacional,RTP,Gustavo A. Madero,False,0.005275
baseline,Baseline,"(-99.0585773, 19.4208965)",Calle 6,MEXIBÚS,Venustiano Carranza,False,0.005265
baseline,Baseline,"(-99.21823, 19.38417)",Primaria Carlos A. Pereira,RTP,Álvaro Obregón,False,0.005263
baseline,Baseline,"(-99.1997, 19.49647)",Puente de Guerra,TROLE,Azcapotzalco,False,0.005262
baseline,Baseline,"(-99.16759, 19.31423)",Aztecas - Papatzin,RTP,Coyoacán,False,0.005262
baseline,Baseline,"(-99.06425, 19.34565)",C. C. Metro Constitución de 1917 - Cetram Constitución de 1917 Anden B,RTP,Iztapalapa,False,0.005261
baseline,Baseline,"(-99.15484, 19.41111)",Dr. Márquez,MB,Cuauhtémoc,False,0.005259
baseline,Baseline,"(-99.1529, 19.22519)",Km 27,RTP,Xochimilco,False,0.005249
baseline,Baseline,"(-99.07594, 19.48234)",Constitución de la República,TROLE,Gustavo A. Madero,False,0.005243
baseline,Baseline,"(-99.14507, 19.47311)",C. Vallejo,TROLE,Gustavo A. Madero,False,0.00524
baseline,Baseline,"(-99.21543, 19.47358)",Calz. de la Naranja -Gustavo Baz,CC,Azcapotzalco,False,0.005236
baseline,Baseline,"(-99.09916, 19.22206)",Hombres Ilustres - Vicente Guerrero,RTP,Xochimilco,False,0.00523
baseline,Baseline,"(-99.26011, 19.37215)",Joaquin Gallo,RTP,Álvaro Obregón,False,0.005225
baseline,Baseline,"(-99.12276, 19.38252)",Calz. de la Viga,TROLE,Iztacalco,False,0.005221
baseline,Baseline,"(-99.10577, 19.46147)",Eduardo Molina,TROLE,Gustavo A. Madero,False,0.005219
baseline,Baseline,"(-99.075949, 19.498793)",Gobernador Darío López y San Juan de los Lagos,CC,Gustavo A. Madero,False,0.005206
baseline,Baseline,"(-99.139155, 19.341269)",Central del Sur,TROLE,Coyoacán,False,0.005199
baseline,Baseline,"(-99.07919, 19.49433)",Ejido - Av. León de los Aldama,RTP,Gustavo A. Madero,False,0.005191
baseline,Baseline,"(-99.22857, 19.31029)",Pachuca,RTP,La Magdalena Contreras,False,0.005188
baseline,Baseline,"(-99.07972, 19.45058)",Oceanía - Metro Deportivo Oceanía,RTP,Gustavo A. Madero,False,0.005183
baseline,Baseline,"(-99.18362, 19.33771)",Av. Universidad - Copilco,RTP,Coyoacán,False,0.005181
baseline,Baseline,"(-99.20736, 19.44708)",Calz. Legaria - Glorieta de la Moneda,CC,Miguel Hidalgo,False,0.005179
baseline,Baseline,"(-99.17232, 19.27421)",Otomíes - Nahoas,CC,Tlalpan,False,0.005177
baseline,Baseline,"(-99.21629, 19.35307)",Cuarta Cerrada de las Aguilas y Walmart,RTP,Álvaro Obregón,False,0.005177
baseline,Baseline,"(-99.2157, 19.44809)",Rodolfo Gaona y Calle 9,CC,Miguel Hidalgo,False,0.005172
baseline,Baseline,"(-99.05371, 19.24332)",Santuario,RTP,Xochimilco,False,0.00517
baseline,Baseline,"(-99.1818462, 19.6087435)",Ciudad Labor,MEXIBÚS,Tultitlán,False,0.00517
baseline,Baseline,"(-99.09381, 19.29859)",Anillo Periférico Canal de Garay - Deportivo Xochimilco,RTP,Xochimilco,False,0.005169
baseline,Baseline,"(-99.21679, 19.42878)",Paseo de las Palmas - Monte Tabor,CC,Miguel Hidalgo,False,0.005165
baseline,Baseline,"(-99.18109, 19.45096)",Felipe Carrillo Puerto - Lago Iseo,CC,Miguel Hidalgo,False,0.005158
baseline,Baseline,"(-99.08473, 19.19098)",Av. José María Morelos-Venustiano Carranza,RTP,Milpa Alta,False,0.005155
baseline,Baseline,"(-99.08287, 19.47389)",Puerto Progreso,TROLE,Gustavo A. Madero,False,0.00515
baseline,Baseline,"(-99.21577, 19.35473)",Romulo O'Farril,RTP,Álvaro Obregón,False,0.005144
baseline,Baseline,"(-99.21529, 19.44262)",Calz. Legaria - Anillo Periférico,CC,Miguel Hidalgo,False,0.00514
baseline,Baseline,"(-99.17863, 19.45039)",Felipe Carrillo Puerto - Lago Texcoco,CC,Miguel Hidalgo,False,0.005139
baseline,Baseline,"(-99.17996, 19.45071)",Felipe Carrillo Puerto - Lago Tus,CC,Miguel Hidalgo,False,0.005138
baseline,Baseline,"(-99.23413, 19.2784)",Tinum,RTP,Tlalpan,False,0.005137
baseline,Baseline,"(-99.19549, 19.3656)",Av. Centenario,RTP,Álvaro Obregón,False,0.005135
baseline,Baseline,"(-99.096167, 19.37965)",Canal de Apatlaco y Canal de Rio Churubusco,CC,Iztapalapa,False,0.005133
baseline,Baseline,"(-99.25455, 19.39623)",Bosques de Colibries,RTP,Miguel Hidalgo,False,0.00513
baseline,Baseline,"(-99.13219, 19.49869)",Frente a Escuela ESEM,RTP,Gustavo A. Madero,False,0.00513
baseline,Baseline,"(-99.0355779, 19.5995723)",Casa de Morelos,MEXIBÚS,Ecatepec de Morelos,False,0.005124
baseline,Baseline,"(-99.13882, 19.3876)",Calz. de Tlalpan - Metro Villa de Cortes,RTP,Benito Juárez,False,0.005122
baseline,Baseline,"(-99.26103, 19.38958)",Stim - Tercera Stim,CC,Cuajimalpa de Morelos,False,0.005109
baseline,Baseline,"(-99.13329, 19.40841)",Chabacano y José A. Torres,CC,Cuauhtémoc,False,0.005098
baseline,Baseline,"(-99.16607, 19.30935)",Iman - Planta de Asfalto,CC,Coyoacán,False,0.005097
baseline,Baseline,"(-99.18213, 19.45117)",Felipe Carrillo Puerto - Mariano Escobedo,CC,Miguel Hidalgo,False,0.005089
baseline,Baseline,"(-99.16612, 19.41327)",Sonora,MB,Cuauhtémoc,False,0.005081
baseline,Baseline,"(-99.00192, 19.27544)",Tierra y Libertad,RTP,Tláhuac,False,0.005064
baseline,Baseline,"(-99.19407, 19.36417)",Mixcoac,RTP,Álvaro Obregón,False,0.005059
baseline,Baseline,"(-99.116316, 19.328791)",Av. Santa Ana - Mercedes Abrego,CC,Coyoacán,False,0.005056
baseline,Baseline,"(-99.0913, 19.24796)",Prolongación Cuauhtémoc,RTP,Xochimilco,False,0.005054
baseline,Baseline,"(-99.22654, 19.46981)",Blvd. Manuel Avila C. y Gral. Agustín Millan,CC,Naucalpan de Juárez,False,0.005053
baseline,Baseline,"(-99.17558, 19.44971)",Felipe Carrillo Puerto - Lago Chalco,CC,Miguel Hidalgo,False,0.005052
baseline,Baseline,"(-99.23413, 19.27833)",Tixmehuac,RTP,Tlalpan,False,0.005051
baseline,Baseline,"(-99.070714, 19.483398)",Estado de Zacatecas y Estado de Morelos,CC,Gustavo A. Madero,False,0.005049
baseline,Baseline,"(-99.1774, 19.45024)",Felipe Carrillo Puerto - Ferrocarril de Cuernavaca,CC,Miguel Hidalgo,False,0.005047
baseline,Baseline,"(-99.074541, 19.500798)",Gobernador Darío López y Otumba,CC,Gustavo A. Madero,False,0.005046
baseline,Baseline,"(-99.08908, 19.2477)",Desiderio Peña,RTP,Xochimilco,False,0.005041
baseline,Baseline,"(-99.12203, 19.47648)",Necaxa,MB,Gustavo A. Madero,False,0.00504
baseline,Baseline,"(-99.10613, 19.48205)",Congreso de la Unión - Fenix,RTP,Gustavo A. Madero,False,0.00504
baseline,Baseline,"(-99.16562, 19.47175)",Plan de San Luis,TROLE,Azcapotzalco,False,0.005039
baseline,Baseline,"(-99.11934, 19.48357)",Garrido,TROLE,Gustavo A. Madero,False,0.00503
baseline,Baseline,"(-99.15485, 19.40666)",Dr. I. Morones Prieto y Cuauhtémoc,CC,Cuauhtémoc,False,0.005029
baseline,Baseline,"(-99.17642, 19.44999)",Felipe Carrillo Puerto - Colegio Salesiano,CC,Miguel Hidalgo,False,0.005028
baseline,Baseline,"(-99.242654, 19.354409)",Tenochtitlan,CC,Álvaro Obregón,False,0.005027
baseline,Baseline,"(-99.03023, 19.29734)",Av. Tláhuac - Felipe Ángeles,RTP,Tláhuac,False,0.005026
baseline,Baseline,"(-99.21706, 19.34311)",Calle 8,RTP,Álvaro Obregón,False,0.005023
baseline,Baseline,"(-99.26734, 19.38227)",Prolongación Paseo de los Laureles,RTP,Cuajimalpa de Morelos,False,0.005016
baseline,Baseline,"(-99.15056197, 19.29907769)",Sobre Calz. de Tlalpan e Instituto Electoral,CC,Coyoacán,False,0.005013
baseline,Baseline,"(-99.11954, 19.27343)",Francisco Goytia - Plan de Muyuguarda,RTP,Xochimilco,False,0.005006
baseline,Baseline,"(-99.12764, 19.46107)",Misterios,MB,Cuauhtémoc,False,0.005002
baseline,Baseline,"(-99.0529644, 19.546996)",Servicios Administrativos,MEXIBÚS,Ecatepec de Morelos,False,0.005001
baseline,Baseline,"(-99.064031, 19.488565)",Av. Valle de las Zapatas y Av. Valle del Zambezi,CC,Nezahualcóyotl,False,0.005
baseline,Baseline,"(-99.04787, 19.20338)",Av. Miguel Hidalgo - Niños Héroes,RTP,Milpa Alta,False,0.004995
baseline,Baseline,"(-99.10908, 19.38776)",Corales,TROLE,Iztacalco,False,0.004992
baseline,Baseline,"(-99.10656, 19.38714)",Zacate,TROLE,Iztacalco,False,0.004992
baseline,Baseline,"(-99.10393, 19.38651)",Maguey,TROLE,Iztacalco,False,0.004992
baseline,Baseline,"(-99.18441, 19.23463)",Arenal,RTP,Tlalpan,False,0.004984
baseline,Baseline,"(-99.21926, 19.38438)",Nicolas Bravo,RTP,Álvaro Obregón,False,0.004983
baseline,Baseline,"(-99.23812, 19.40951)",Bosque de Reforma - Bosque de Ciruelos,CC,Miguel Hidalgo,False,0.004974
baseline,Baseline,"(-99.23292, 19.40776)",Bosque de Reforma - Paseo de los Ahuehuetes,CC,Miguel Hidalgo,False,0.00497
baseline,Baseline,"(-99.15179, 19.35908)",Ajusco,TROLE,Benito Juárez,False,0.004957
baseline,Baseline,"(-99.04355, 19.32806)",Quetzalcóatl,CBB,Iztapalapa,False,0.004957
baseline,Baseline,"(-99.21955, 19.45168)",Base Cuatro Caminos,CC,Miguel Hidalgo,False,0.004946
baseline,Baseline,"(-99.10985, 19.48331)",Casa del Peregino Juan Diego,TROLE,Gustavo A. Madero,False,0.004938
baseline,Baseline,"(-99.18087, 19.34648)",C. C. Miguel Angel de Quevedo  Av. Insurgentes Sur - Miguel Ángel de Quevedo,RTP,Coyoacán,False,0.004938
baseline,Baseline,"(-99.15428, 19.47348)",Calle 12,TROLE,Azcapotzalco,False,0.004937
baseline,Baseline,"(-99.13509, 19.54885)",Del Cerrito,RTP,Gustavo A. Madero,False,0.004935
baseline,Baseline,"(-99.12987, 19.50591)",Av. Instituto Politécnico Nacional,RTP,Gustavo A. Madero,False,0.004928
baseline,Baseline,"(-99.1276, 19.47718)",Necaxa - Parque Fundidora,CC,Gustavo A. Madero,False,0.004926
baseline,Baseline,"(-99.18636, 19.38763)",Calle 22,RTP,Benito Juárez,False,0.004925
baseline,Baseline,"(-99.18573, 19.45192)",Felipe Carrillo Puerto - Marina Nacional,CC,Miguel Hidalgo,False,0.004924
baseline,Baseline,"(-99.110468, 19.321367)",Calzada de La Virgen - Magdalena Cobos,CC,Coyoacán,False,0.004924
baseline,Baseline,"(-99.15069, 19.47324)",Central Sur,TROLE,Azcapotzalco,False,0.004921
baseline,Baseline,"(-99.04661, 19.20341)",Tlaloc,RTP,Milpa Alta,False,0.004917
baseline,Baseline,"(-99.19165, 19.44677)",Lago Chiem - Lago Naur,CC,Miguel Hidalgo,False,0.004912
baseline,Baseline,"(-99.19103, 19.43343)",Av. Horacio y Arquímedes,CC,Miguel Hidalgo,False,0.004907
baseline,Baseline,"(-99.21596, 19.47718)",Enrique Añorve - Jesús Capistran,CC,Azcapotzalco,False,0.004906
baseline,Baseline,"(-99.16292, 19.47262)",CerdeNa,TROLE,Azcapotzalco,False,0.004902
baseline,Baseline,"(-99.05283, 19.4302)",Bordo - Periférico,CC,Venustiano Carranza,False,0.004893
baseline,Baseline,"(-99.1808111, 19.6146809)",Chilpan,MEXIBÚS,Tultitlán,False,0.004892
baseline,Baseline,"(-99.23648, 19.41025)",Bosques de Ebanos,RTP,Miguel Hidalgo,False,0.004891
baseline,Baseline,"(-99.18984, 19.46998)",5 de Mayo - Metro Refineria,CC,Azcapotzalco,True,0.004888
baseline,Baseline,"(-99.1476, 19.43663)",Hidalgo,TROLE,Cuauhtémoc,False,0.004885
baseline,Baseline,"(-99.094023, 19.441192)",Av. Oceanía y Marruecos,CC,Venustiano Carranza,False,0.004885
baseline,Baseline,"(-99.11967, 19.49137)",Av. Insurgentes Norte,RTP,Gustavo A. Madero,False,0.004883
baseline,Baseline,"(-99.08261, 19.19027)",Av. José María Morelos-Frontera,RTP,Milpa Alta,False,0.00488
baseline,Baseline,"(-99.17819, 19.29507)",San Fernando - Ayuntamiento,CC,Tlalpan,False,0.004878
baseline,Baseline,"(-98.9954, 19.348)",Pipila - Eje 6 Sur Av. de las Torres,RTP,Iztapalapa,False,0.004877
baseline,Baseline,"(-99.11161, 19.35647)",Calz. Ermita Iztapalapa - Arneses,RTP,Iztapalapa,False,0.004874
baseline,Baseline,"(-99.14038, 19.47942)",Central del Norte,TROLE,Gustavo A. Madero,False,0.004871
baseline,Baseline,"(-99.16186, 19.36923)",Cuauhtémoc,TROLE,Benito Juárez,False,0.004868
baseline,Baseline,"(-99.05338, 19.43077)",Alameda Oriente,MB,Venustiano Carranza,False,0.004866
baseline,Baseline,"(-99.21016, 19.44516)",Calz. Legaria - Presa Salinillas Presa Don Martín,CC,Miguel Hidalgo,False,0.004866
baseline,Baseline,"(-99.12505, 19.28502)",Anillo Periférico Blvd. Adolfo Ruiz Cortines - Prol. División del Norte,RTP,Xochimilco,False,0.004862
baseline,Baseline,"(-99.07841, 19.47778)",José Loreto Fabela - Puerto de Mazatlán,RTP,Gustavo A. Madero,False,0.00486
baseline,Baseline,"(-99.17867, 19.45942)",J. Sánchez Trujillo,TROLE,Azcapotzalco,False,0.004858
baseline,Baseline,"(-99.15035, 19.50473)",Othon de Mendizabal,RTP,Gustavo A. Madero,False,0.004856
baseline,Baseline,"(-99.053512, 19.220936)",San Gregorio - Oaxtepec y Planta San Pedro Atocpan,CC,Xochimilco,False,0.004855
baseline,Baseline,"(-99.10253, 19.29445)",Anillo Periférico Canal de Garay - Canal Nacional,RTP,Xochimilco,False,0.004847
baseline,Baseline,"(-99.21658, 19.44967)",Rodolfo Gaona - Av. Ingenieros Militares,CC,Miguel Hidalgo,False,0.004846
baseline,Baseline,"(-99.12332, 19.46781)",C. de Guadalupe,TROLE,Gustavo A. Madero,False,0.004845
baseline,Baseline,"(-99.23895, 19.33346)",Av. Carlos Lazo - Av. de los Tanques,RTP,Álvaro Obregón,False,0.004843
baseline,Baseline,"(-99.054162, 19.23658)",San Gregorio - Oaxtepec y Texaxahualli,CC,Xochimilco,False,0.004838
baseline,Baseline,"(-99.00261, 19.36187)",Calz. Ignacio Zaragoza - Cuauhtémoc,RTP,Iztapalapa,False,0.004837
baseline,Baseline,"(-99.19153, 19.36334)",Base Barranca del Muerto,CC,Álvaro Obregón,False,0.004828
baseline,Baseline,"(-99.24638, 19.40172)",Bosques de la Reforma - Bosque de Maple,CC,Miguel Hidalgo,False,0.004826
baseline,Baseline,"(-99.180692, 19.346137)",Miguel Ángel de Quevedo,TROLE,Coyoacán,False,0.004823
baseline,Baseline,"(-99.18151, 19.34185)",Av. Universidad - Cerro Acasulco,RTP,Coyoacán,False,0.004821
baseline,Baseline,"(-99.15815, 19.47353)",Av. Jardín,TROLE,Azcapotzalco,False,0.00482
baseline,Baseline,"(-99.19016, 19.43366)",Av. Horacio y Arquímedes,CC,Miguel Hidalgo,False,0.004817
baseline,Baseline,"(-99.16402, 19.30834)",Chicara,RTP,Coyoacán,False,0.004817
baseline,Baseline,"(-99.049392, 19.5571566)",Industrial,MEXIBÚS,Ecatepec de Morelos,False,0.004816
baseline,Baseline,"(-99.16437, 19.19977)",Carretera Federal a Cuernavaca - Km 31 Camino Antiguo al Ajusco,RTP,Tlalpan,False,0.004815
baseline,Baseline,"(-99.14396, 19.4148)",Manuel J. Othon,TROLE,Cuauhtémoc,False,0.004815
baseline,Baseline,"(-99.244032, 19.35366)",Llano Redondo,CC,Álvaro Obregón,False,0.004813
baseline,Baseline,"(-99.13126, 19.4772)",Base Metro Potrero,CC,Gustavo A. Madero,True,0.004813
baseline,Baseline,"(-99.193366, 19.337238)",Revolución y Puente San Jerononimo,CC,Álvaro Obregón,False,0.004797
baseline,Baseline,"(-99.14398, 19.48862)",Instituto del Petróleo n,TROLE,Gustavo A. Madero,False,0.004797
baseline,Baseline,"(-99.15951, 19.36749)",Uxmal,TROLE,Benito Juárez,False,0.004794
baseline,Baseline,"(-99.14217, 19.48392)",CCH Vallejo,TROLE,Gustavo A. Madero,False,0.004793
baseline,Baseline,"(-99.1359, 19.43797)",República de Chile,MB,Cuauhtémoc,False,0.004789
baseline,Baseline,"(-99.063803, 19.254385)",México Poniente y 3a Cerrada de Sor Juana,CC,Xochimilco,False,0.004789
baseline,Baseline,"(-99.12564, 19.26812)",La Noria,RTP,Xochimilco,False,0.004789
baseline,Baseline,"(-99.061869, 19.253236)",Av. San Pedro Atocpan y Caltongo,CC,Xochimilco,False,0.004788
baseline,Baseline,"(-99.19324, 19.33347)",Estacionamiento 2,PUMABUS,Coyoacán,False,0.004787
baseline,Baseline,"(-99.096462, 19.250841)",Base Galeana,CC,Xochimilco,False,0.00478
baseline,Baseline,"(-99.22335, 19.3703)",Calle 36,RTP,Álvaro Obregón,False,0.004777
baseline,Baseline,"(-99.15576, 19.3663)",División del Norte,TROLE,Benito Juárez,False,0.004775
baseline,Baseline,"(-99.15205, 19.29034)",Anillo Periférico Blvd. Adolfo Ruiz Cortines - Viaducto Tlalpan,RTP,Tlalpan,False,0.004775
baseline,Baseline,"(-99.22855, 19.47369)",Blvd. Manuel Avila C. y 16 de Septiembre,CC,Naucalpan de Juárez,False,0.004774
baseline,Baseline,"(-99.18937, 19.46928)",Aquiles Serdán - Invierno,CC,Azcapotzalco,False,0.004771
baseline,Baseline,"(-99.09938, 19.251351)",Cam. a Nativitas y C. Madreselva,CC,Xochimilco,False,0.004771
baseline,Baseline,"(-99.073762, 19.501946)",León de los Aldama y Camino Real,CC,Gustavo A. Madero,False,0.004769
baseline,Baseline,"(-99.16088, 19.47328)",Ceylan,TROLE,Azcapotzalco,False,0.004766
baseline,Baseline,"(-99.175415, 19.420739)",Sobre Av. Chapultepec y Tampico,CC,Cuauhtémoc,False,0.004765
baseline,Baseline,"(-99.17778, 19.4605)",Poniente 44,TROLE,Azcapotzalco,False,0.004762
baseline,Baseline,"(-99.11518, 19.43536)",Archivo General de la Nación,MB,Venustiano Carranza,False,0.004758
baseline,Baseline,"(-99.20784, 19.44641)",Calz. Legaria - Presa Angostura,CC,Miguel Hidalgo,False,0.004757
baseline,Baseline,"(-99.15103594, 19.29819034)",Sobre Calz. De Tlalpan y Av. Acueducto,CC,Tlalpan,False,0.004754
baseline,Baseline,"(-99.1405, 19.51222)",Plan de San Luis,RTP,Gustavo A. Madero,False,0.004754
baseline,Baseline,"(-99.20062, 19.49792)",Tierra Indomita,TROLE,Azcapotzalco,False,0.004753
baseline,Baseline,"(-99.22154, 19.28917)",yucalpeten,RTP,Tlalpan,False,0.00475
baseline,Baseline,"(-99.16494, 19.28252)",Tlalpan y Tezoquipa,CC,Tlalpan,False,0.00475
baseline,Baseline,"(-99.055092, 19.232335)",San Gregorio - Oaxtepec y El Arco,CC,Xochimilco,False,0.004746
baseline,Baseline,"(-99.11948, 19.48305)",Garrido,MB,Gustavo A. Madero,False,0.004741
baseline,Baseline,"(-99.04071, 19.34314)",Calz. Ermita Iztapalapa - Cuitlahuac,RTP,Iztapalapa,False,0.00474
baseline,Baseline,"(-99.207, 19.34693)",Flor de María,RTP,Álvaro Obregón,False,0.004739
baseline,Baseline,"(-99.05802, 19.41312)",Base Calle 7,CC,Iztacalco,False,0.00473
baseline,Baseline,"(-99.0829, 19.407)",Viaducto y Metro Puebla,CC,Iztacalco,False,0.004727
baseline,Baseline,"(-99.11568, 19.40872)",Industria,TROLE,Venustiano Carranza,False,0.004725
baseline,Baseline,"(-99.13143, 19.50143)",Punto 43,CC,Gustavo A. Madero,False,0.004723
baseline,Baseline,"(-99.07913, 19.47582)",José Loreto Fabela - Puerto Tampico,RTP,Gustavo A. Madero,False,0.004718
baseline,Baseline,"(-99.16406, 19.41993)",Durango,MB,Cuauhtémoc,False,0.004716
baseline,Baseline,"(-99.14906, 19.43607)",El Caballito,TROLE,Cuauhtémoc,False,0.004714
baseline,Baseline,"(-99.21548, 19.355646)",Romulo O' Farril,CC,Álvaro Obregón,False,0.004713
baseline,Baseline,"(-99.15803, 19.3667)",Centro de Rehabilitación,TROLE,Benito Juárez,False,0.004702
baseline,Baseline,"(-99.0444793, 19.4189961)",Maravillas,MEXIBÚS,Nezahualcóyotl,False,0.004702
baseline,Baseline,"(-99.12416, 19.43632)",Mixcalco,MB,Cuauhtémoc,False,0.0047
baseline,Baseline,"(-99.06549, 19.33097)",Anillo Periférico Canal de Garay - Río Umacita y Río Panuco,RTP,Iztapalapa,False,0.004696
baseline,Baseline,"(-99.21244, 19.38383)",Las Presas,RTP,Álvaro Obregón,False,0.004695
baseline,Baseline,"(-99.19543, 19.43406)",Av. Horacio y Alejandro Dumas,CC,Miguel Hidalgo,False,0.004691
baseline,Baseline,"(-99.09039, 19.39394)",UPIICSA,MB,Iztacalco,False,0.00469
baseline,Baseline,"(-99.21923, 19.42759)",Paseo de las Palmas - Sierra Gorda,CC,Miguel Hidalgo,False,0.004683
baseline,Baseline,"(-99.14868, 19.50056)",Politécnico Oriente,TROLE,Gustavo A. Madero,False,0.004677
baseline,Baseline,"(-99.100792, 19.380073)",Rio Churubusco y Canal de Apatlaco,CC,Iztapalapa,False,0.004677
baseline,Baseline,"(-99.13855, 19.54459)",Benito Juárez,RTP,Gustavo A. Madero,False,0.004677
baseline,Baseline,"(-99.11173, 19.26539)",Guadalupe Inclan Ramírez - Tabachines,CC,Xochimilco,False,0.004665
baseline,Baseline,"(-99.25692, 19.39524)",Bosque de Pirules,RTP,Miguel Hidalgo,False,0.004663
baseline,Baseline,"(-99.18236, 19.43483)",Homero,TROLE,Miguel Hidalgo,False,0.004657
baseline,Baseline,"(-99.01549, 19.35252)",eje 6 Sur Av. de las Torres - Eje 8 Sur Calz. Ermita Iztapalapa,RTP,Iztapalapa,False,0.004656
baseline,Baseline,"(-99.06905, 19.32638)",Anillo Periférico Canal de Garay - Bilbao,RTP,Iztapalapa,False,0.004654
baseline,Baseline,"(-99.25426, 19.34674)",Av. Centenario - Circuito de los Poetas,RTP,Álvaro Obregón,False,0.004651
baseline,Baseline,"(-99.1556, 19.40106)",Obrero Mundial,MB,Benito Juárez,False,0.004647
baseline,Baseline,"(-99.18846, 19.43356)",Av. Horacio e Isaac Newton,CC,Miguel Hidalgo,False,0.004645
baseline,Baseline,"(-99.25979, 19.39007)",Stim - Stim La Tercera,CC,Cuajimalpa de Morelos,False,0.004642
baseline,Baseline,"(-99.14505, 19.34825)",Tlalpan - Patinadores,CC,Coyoacán,False,0.00464
baseline,Baseline,"(-99.19239, 19.32914)",Estacionamiento 7,PUMABUS,Coyoacán,False,0.004638
baseline,Baseline,"(-99.21838, 19.42774)",Paseo de las Palmas - Sierra Maika,CC,Miguel Hidalgo,False,0.004634
baseline,Baseline,"(-99.076348, 19.490739)",Eje 6 Nte. Villa de Ayala y Atoyac,CC,Gustavo A. Madero,False,0.004633
baseline,Baseline,"(-99.058296, 19.249791)",Av. San Pedro Atocpan y Lázaro Cárdenas,CC,Xochimilco,False,0.004628
baseline,Baseline,"(-99.060568, 19.487924)",Av. Valle de las Zapatas y Valle de Oniteper,CC,Nezahualcóyotl,False,0.004628
baseline,Baseline,"(-99.08108, 19.47366)",Puerto de Tlacotalpan,TROLE,Gustavo A. Madero,False,0.004622
baseline,Baseline,"(-99.19587, 19.36475)",Av. Lomas de Plateros,RTP,Álvaro Obregón,False,0.004621
baseline,Baseline,"(-99.13502, 19.43788)",República de Chile,MB,Cuauhtémoc,False,0.00462
baseline,Baseline,"(-99.12973, 19.38377)",Andrés Molina Enríquez,TROLE,Iztacalco,False,0.00462
baseline,Baseline,"(-99.114671, 19.453767)",Platino y Eje 2 Ote. H. Congreso de la Unión,CC,Venustiano Carranza,False,0.004618
baseline,Baseline,"(-99.19339, 19.33028)",Estacionamiento 6,PUMABUS,Coyoacán,False,0.004616
baseline,Baseline,"(-99.1715877, 19.6198504)",Cocem,MEXIBÚS,Tultitlán,False,0.004614
baseline,Baseline,"(-99.21824, 19.35141)",Cerro,RTP,Álvaro Obregón,False,0.004613
baseline,Baseline,"(-99.17356, 19.27218)",Otomíes - Yaquis,CC,Tlalpan,False,0.004613
baseline,Baseline,"(-99.17902, 19.42682)",Mariano Escobedo,TROLE,Miguel Hidalgo,False,0.004611
baseline,Baseline,"(-99.22037, 19.3845)",Gustavo Díaz Ordaz,RTP,Álvaro Obregón,False,0.004608
baseline,Baseline,"(-99.06802, 19.48934)",Villa de Ayala,TROLE,Gustavo A. Madero,False,0.004608
baseline,Baseline,"(-99.21308, 19.44362)",Calz. Legaria - Presa Rodríguez,CC,Miguel Hidalgo,False,0.004603
baseline,Baseline,"(-99.1141, 19.46459)",Norte 58,TROLE,Gustavo A. Madero,False,0.004603
baseline,Baseline,"(-99.16506, 19.41655)",Álvaro Obregón,MB,Cuauhtémoc,False,0.004601
baseline,Baseline,"(-99.13308, 19.5524)",Rubén LeNero,RTP,Gustavo A. Madero,False,0.004601
baseline,Baseline,"(-99.13364, 19.5514)",Rosario Castellanos,RTP,Gustavo A. Madero,False,0.004599
baseline,Baseline,"(-99.18178, 19.37443)",Jerez,TROLE,Benito Juárez,False,0.004594
baseline,Baseline,"(-99.15664, 19.40663)",Baja California y Toluca,CC,Cuauhtémoc,False,0.004586
baseline,Baseline,"(-99.12416, 19.47059)",Excélsior,MB,Gustavo A. Madero,False,0.004586
baseline,Baseline,"(-99.25417, 19.34768)",Av. Centenario - Frente  a 1825,RTP,Álvaro Obregón,False,0.00458
baseline,Baseline,"(-99.18878, 19.39947)",Viaducto Miguel Aleman,RTP,Miguel Hidalgo,False,0.004579
baseline,Baseline,"(-99.15327, 19.43912)",Buenavista,CC,Cuauhtémoc,False,0.004576
baseline,Baseline,"(-99.07433, 19.4151)",Pantitlán,METRO,Venustiano Carranza,False,0.004573
baseline,Baseline,"(-99.14303, 19.45578)",Manuel González y Metro Tlatelolco,CC,Cuauhtémoc,False,0.00457
baseline,Baseline,"(-99.16906, 19.31272)",Aztecas - Cuauhtémoc y Tlatecutli,RTP,Coyoacán,False,0.004565
baseline,Baseline,"(-99.0595, 19.39197)",Canal de San Juan y Sur 16A,CC,Iztacalco,False,0.004564
baseline,Baseline,"(-99.08195, 19.40756)",Eje 1 Sur - Av. 8 Calle 77,CC,Venustiano Carranza,False,0.004563
baseline,Baseline,"(-99.07463, 19.41495)",Miguel Lebrija - Adolfo López Mateos,CC,Venustiano Carranza,False,0.00456
baseline,Baseline,"(-99.03424, 19.34376)",Calz. Ermita Iztapalapa - Pozos,RTP,Iztapalapa,False,0.004559
baseline,Baseline,"(-99.14679, 19.47307)",C. Vallejo,TROLE,Azcapotzalco,False,0.004554
baseline,Baseline,"(-99.12161, 19.436)",Ferrocarril de Cintura,MB,Venustiano Carranza,False,0.004554
baseline,Baseline,"(-99.14317, 19.36165)",Calz. de Tlalpan - Pirineos,RTP,Benito Juárez,False,0.004552
baseline,Baseline,"(-99.17085, 19.311884)",Cantera,TROLE,Coyoacán,False,0.004551
baseline,Baseline,"(-99.05904, 19.39313)",Canal de San Juan y 3 cda. de Canal de San Juan,CC,Iztapalapa,False,0.004551
baseline,Baseline,"(-99.21331, 19.44329)",Calz. Legaria - Presa Rodríguez,CC,Miguel Hidalgo,False,0.00455
baseline,Baseline,"(-99.14045, 19.52456)",Xicotencatl,RTP,Gustavo A. Madero,False,0.004549
baseline,Baseline,"(-99.113055, 19.320692)",Calzada de La Virgen - Bajo puente Carlota Armero,CC,Coyoacán,False,0.004542
baseline,Baseline,"(-98.99587, 19.34519)",Av. México - Calendula,RTP,Iztapalapa,False,0.00454
baseline,Baseline,"(-99.16976, 19.43666)",Marina Nacional,CC,Miguel Hidalgo,False,0.004535
baseline,Baseline,"(-99.12704, 19.43685)",Teatro del Pueblo,MB,Cuauhtémoc,False,0.004533
baseline,Baseline,"(-99.12762, 19.43677)",Teatro del Pueblo,MB,Cuauhtémoc,False,0.004533
baseline,Baseline,"(-99.132, 19.43741)",República de Argentina,MB,Cuauhtémoc,False,0.004533
baseline,Baseline,"(-99.13119, 19.43736)",República de Argentina,MB,Cuauhtémoc,False,0.004533
baseline,Baseline,"(-99.11738, 19.46574)",F. C.  Hidalgo,TROLE,Gustavo A. Madero,False,0.004531
baseline,Baseline,"(-99.21179, 19.44395)",Calz. Legaria - Presa Endo,CC,Miguel Hidalgo,False,0.00453
baseline,Baseline,"(-99.21635, 19.47586)",Enrique Añorve - Francisco Villa,CC,Azcapotzalco,False,0.004524
baseline,Baseline,"(-99.15119, 19.2242)",Km 27.5,RTP,Tlalpan,False,0.004518
baseline,Baseline,"(-99.17063, 19.24558)",Kilometro 23,RTP,Tlalpan,False,0.004514
baseline,Baseline,"(-99.26761, 19.3812)",Entrada Torre Altus,RTP,Cuajimalpa de Morelos,False,0.004514
baseline,Baseline,"(-99.059932, 19.251674)",Av. San Pedro Atocpan y Segunda Cerrada de Actopan,CC,Xochimilco,False,0.004509
baseline,Baseline,"(-99.11768, 19.48824)",Zaragoza,TROLE,Gustavo A. Madero,False,0.0045
baseline,Baseline,"(-99.072594, 19.505703)",Gobernador Darío López y Houston,CC,Ecatepec de Morelos,False,0.0045
baseline,Baseline,"(-99.03116, 19.33659)",Av. de las Torres - Reforma Agrícola,RTP,Iztapalapa,False,0.004498
baseline,Baseline,"(-99.22951, 19.47556)",Blvd. Manuel Avila C. y Calle 8,CC,Naucalpan de Juárez,False,0.004494
baseline,Baseline,"(-99.2194, 19.37682)",Manuel Avila Camacho,RTP,Álvaro Obregón,False,0.004492
baseline,Baseline,"(-99.120287, 19.329135)",Av. Santa Ana - Rosa Ma. Sequeira,CC,Coyoacán,False,0.004487
baseline,Baseline,"(-99.05367, 19.43053)",Base Alameda Oriente,CC,Venustiano Carranza,False,0.00448
baseline,Baseline,"(-99.13345, 19.56043)",Juventino Rosas,RTP,Gustavo A. Madero,False,0.004476
baseline,Baseline,"(-99.22764, 19.34199)",Moral,RTP,Álvaro Obregón,False,0.004475
baseline,Baseline,"(-99.24348, 19.33239)",Cerrada Amapola - Av. de los Tanques,RTP,Álvaro Obregón,False,0.004469
baseline,Baseline,"(-99.1635, 19.30802)",Iman - Gran Sur,CC,Coyoacán,False,0.004468
baseline,Baseline,"(-99.0271, 19.29774)",Av. Tláhuac - Luis Delgado,RTP,Tláhuac,False,0.004467
baseline,Baseline,"(-99.1284, 19.28407)",Anillo Periférico Blvd. Adolfo Ruiz Cortines - Glorieta de Vaqueritos,RTP,Xochimilco,False,0.004466
baseline,Baseline,"(-99.24912, 19.39886)",Bosques de la Reforma - Bosque Ailes,CC,Miguel Hidalgo,False,0.004465
baseline,Baseline,"(-99.21005, 19.34564)",Romulo O'Farril,RTP,Álvaro Obregón,False,0.004461
baseline,Baseline,"(-99.18884, 19.47948)",Camarones,TROLE,Azcapotzalco,False,0.00446
baseline,Baseline,"(-99.119, 19.43581)",Morelos,MB,Venustiano Carranza,False,0.004459
baseline,Baseline,"(-99.11618, 19.267167)",Prol. Div. Del Norte y Guadalupe I. Ramírez,CC,Xochimilco,False,0.004457
baseline,Baseline,"(-99.18715, 19.47843)",Av. Azcapotzalco,TROLE,Azcapotzalco,False,0.004453
baseline,Baseline,"(-99.11991, 19.3823)",Martítes de Río Blanco,TROLE,Iztacalco,False,0.004448
baseline,Baseline,"(-99.16671, 19.27986)",Tlalpan e Insurgentes,CC,Tlalpan,False,0.004444
baseline,Baseline,"(-99.17872, 19.45877)",General Mariano Escobedo -  Mar Marmara,RTP,Miguel Hidalgo,False,0.004444
baseline,Baseline,"(-99.18335, 19.37469)",Augusto Rodín,TROLE,Benito Juárez,False,0.004437
baseline,Baseline,"(-99.11751, 19.38221)",Melchor Ocampo,TROLE,Iztacalco,False,0.004434
baseline,Baseline,"(-98.999, 19.35859)",Calz. Ermita Iztapalapa - Emiliano Zapata,RTP,Iztapalapa,False,0.004434
baseline,Baseline,"(-99.13888, 19.38624)",Tlalpan,TROLE,Benito Juárez,False,0.004433
baseline,Baseline,"(-99.16778, 19.6208198)",Buenavista,MEXIBÚS,Tultitlán,False,0.004429
baseline,Baseline,"(-99.03628, 19.34355)",Calz. Ermita Iztapalapa - Matamoros,RTP,Iztapalapa,False,0.004425
baseline,Baseline,"(-99.08137, 19.18991)",Av. José María Morelos-Cuautepec,RTP,Milpa Alta,False,0.004424
baseline,Baseline,"(-99.13981, 19.47685)",Eje Central Lázaro Cardenas Retorno,CC,Gustavo A. Madero,False,0.004423
baseline,Baseline,"(-99.26164, 19.35608)",Coral,RTP,Cuajimalpa de Morelos,False,0.004423
baseline,Baseline,"(-99.01158, 19.34912)",Octavio Senties - Aldama,RTP,Iztapalapa,False,0.00442
baseline,Baseline,"(-99.21338, 19.38393)",Tapeojuma,RTP,Álvaro Obregón,False,0.004415
baseline,Baseline,"(-99.1128, 19.21903)",Carretera Xochimilco-San Pablo - Ahuacayucan,RTP,Xochimilco,False,0.004414
baseline,Baseline,"(-99.17874, 19.42518)",Av. Mariano Escobedo y Leon Tolstoi,CC,Miguel Hidalgo,False,0.004413
baseline,Baseline,"(-98.99771, 19.27194)",Reforma Agraria,RTP,Tláhuac,False,0.004409
baseline,Baseline,"(-99.20381, 19.42818)",Anillo Periférico Blvd. Manuel Avila Camacho - Paseo de la Reforma,RTP,Miguel Hidalgo,False,0.004408
baseline,Baseline,"(-99.1488, 19.50079)",Frente a Metro Politécnico,RTP,Gustavo A. Madero,False,0.004405
baseline,Baseline,"(-99.246369, 19.352476)",Banda Farfan,CC,Álvaro Obregón,False,0.004404
baseline,Baseline,"(-99.19953, 19.43432)",Av. Horacio y Edgar Allan Poe,CC,Miguel Hidalgo,False,0.004401
baseline,Baseline,"(-99.0737, 19.48215)",Estado de Sinaloa,TROLE,Gustavo A. Madero,False,0.004396
baseline,Baseline,"(-99.17749, 19.42713)",Leibnitz y Victor Hugo,CC,Miguel Hidalgo,False,0.004396
baseline,Baseline,"(-99.15723, 19.38595)",Eugenia,MB,Benito Juárez,False,0.004396
baseline,Baseline,"(-99.048857, 19.213841)",San Gregorio - Oaxtepec y Camino a la Mina,CC,Milpa Alta,False,0.004395
baseline,Baseline,"(-99.108946, 19.321662)",Calzada de La Virgen - Catalina Buendía,CC,Coyoacán,False,0.004394
baseline,Baseline,"(-99.15441, 19.44335)",El Chopo,MB,Cuauhtémoc,False,0.004394
baseline,Baseline,"(-99.07473, 19.490425)",Eje 6 Nte. Villa de Ayala y Atotonilco,CC,Gustavo A. Madero,False,0.004389
baseline,Baseline,"(-99.102055, 19.423315)",Base Calz. Ignacio Zaragoza y C. 17,CC,Venustiano Carranza,True,0.004389
baseline,Baseline,"(-99.24053, 19.40748)",Bosques de Reforma - Bosques de Duraznos,CC,Miguel Hidalgo,False,0.004383
baseline,Baseline,"(-99.21194, 19.42964)",Sierra Gamon - Paseo de las Palmas,RTP,Miguel Hidalgo,False,0.00438
baseline,Baseline,"(-99.2203, 19.28924)",Cancun,RTP,Tlalpan,False,0.004376
baseline,Baseline,"(-99.2023, 19.36522)",Iztapalapa,RTP,Álvaro Obregón,False,0.004368
baseline,Baseline,"(-99.18394, 19.43324)",Av. Horacio y Sudermann,CC,Miguel Hidalgo,False,0.004368
baseline,Baseline,"(-99.19172, 19.34004)",Altamirano,RTP,Álvaro Obregón,False,0.004361
baseline,Baseline,"(-99.15168, 19.50824)",Eje Central y Margarita Maza de Juárez,CC,Gustavo A. Madero,False,0.004356
baseline,Baseline,"(-99.0404, 19.20347)",Carretera a Oaxtepec,RTP,Milpa Alta,False,0.004354
baseline,Baseline,"(-99.1328, 19.42893)",Museo de la Ciudad,MB,Cuauhtémoc,False,0.004353
baseline,Baseline,"(-99.19899, 19.36506)",Tacuba,RTP,Álvaro Obregón,False,0.00435
baseline,Baseline,"(-99.17085, 19.26676)",5 de Mayo Entrada a San Pedro Mártir,RTP,Tlalpan,False,0.00435
baseline,Baseline,"(-98.96185, 19.31815)",Eje 10 Sur - Primer Semaforo,RTP,Valle de Chalco Solidaridad,False,0.004349
baseline,Baseline,"(-99.19816, 19.36496)",General Anaya,RTP,Álvaro Obregón,False,0.004347
baseline,Baseline,"(-99.15033, 19.50472)",J. Othón de Mendizabal,TROLE,Gustavo A. Madero,False,0.004347
baseline,Baseline,"(-99.26305, 19.3563)",Av. Tamaulipas,RTP,Cuajimalpa de Morelos,False,0.004342
baseline,Baseline,"(-99.069753, 19.485916)",Estado de Zacatecas y Estado de Tabasco,CC,Gustavo A. Madero,False,0.004336
baseline,Baseline,"(-99.26416, 19.36411)",Av. Santa Fe - Centro Bancomer,RTP,Álvaro Obregón,False,0.004335
baseline,Baseline,"(-99.16741, 19.27925)",Tlalpan y La Joya,CC,Tlalpan,False,0.004333
baseline,Baseline,"(-99.0347867, 19.4154712)",Virgencitas,MEXIBÚS,Nezahualcóyotl,False,0.004327
baseline,Baseline,"(-99.10688, 19.48265)",Martín Carrera,TROLE,Gustavo A. Madero,False,0.004327
baseline,Baseline,"(-99.22152, 19.38377)",Matamoros,RTP,Álvaro Obregón,False,0.004326
baseline,Baseline,"(-99.18656, 19.23386)",Secundaria 151,RTP,Tlalpan,False,0.004326
baseline,Baseline,"(-99.12246, 19.47514)",Necaxa,MB,Gustavo A. Madero,False,0.004325
baseline,Baseline,"(-99.26328, 19.36837)",Entrada Universidad Ibero,RTP,Álvaro Obregón,False,0.004323
baseline,Baseline,"(-99.18983, 19.357758)",Sofia,CC,Álvaro Obregón,False,0.004317
baseline,Baseline,"(-99.11615, 19.4251)",Hospital Balbuena,MB,Venustiano Carranza,False,0.004316
baseline,Baseline,"(-99.0502, 19.2167)",Km 17.5,RTP,Milpa Alta,False,0.004315
baseline,Baseline,"(-99.072185, 19.489956)",Eje 6 Nte. Villa de Ayala y Lagos de Moreno,CC,Gustavo A. Madero,False,0.004302
baseline,Baseline,"(-99.11543, 19.43112)",San Lázaro,MB,Venustiano Carranza,False,0.004297
baseline,Baseline,"(-99.13173, 19.55487)",Mauricio Gómez,RTP,Gustavo A. Madero,False,0.004295
baseline,Baseline,"(-99.080301, 19.45648)",José Loreto Fabela y Av. 508,CC,Gustavo A. Madero,False,0.004294
baseline,Baseline,"(-99.174676, 19.310024)",Tita Avendaño,TROLE,Coyoacán,False,0.004291
baseline,Baseline,"(-99.11914, 19.22808)",Carretera a Topilejo - Carretera a Xochimilco-San Pablo,RTP,Xochimilco,False,0.00429
baseline,Baseline,"(-99.19853, 19.51119)",Av. de las Culturas,TROLE,Azcapotzalco,False,0.004289
baseline,Baseline,"(-99.12108, 19.47899)",Av. Talismán,MB,Gustavo A. Madero,False,0.004276
baseline,Baseline,"(-99.04647, 19.39081)",Calz. Ignacio Zaragoza - Metro Tepalcates,RTP,Iztapalapa,False,0.004274
baseline,Baseline,"(-99.26276, 19.36569)",Frente a Hotel Fiesta Inn,RTP,Álvaro Obregón,False,0.004274
baseline,Baseline,"(-99.056631, 19.247405)",Av. Cuauhtémoc y Pirules,CC,Xochimilco,False,0.004263
baseline,Baseline,"(-99.056947, 19.24822)",Av. Cuauhtémoc y Cerrada Acueducto,CC,Xochimilco,False,0.004257
baseline,Baseline,"(-99.0583, 19.487512)",Av. Valle de las Zapatas y Valle Grande,CC,Nezahualcóyotl,False,0.004255
baseline,Baseline,"(-99.29786, 19.34688)",Av. Arteaga y Salazar,RTP,Cuajimalpa de Morelos,False,0.004252
baseline,Baseline,"(-99.190843, 19.341657)",Revolución y Cuauhtémoc,CC,Álvaro Obregón,False,0.004251
baseline,Baseline,"(-99.106508, 19.36591)",Año de Juárez y Calle 8,CC,Iztapalapa,False,0.004249
baseline,Baseline,"(-99.22673, 19.36844)",Jaripeo,RTP,Álvaro Obregón,False,0.004248
baseline,Baseline,"(-99.095014, 19.250309)",C. Nativitas y C. Central,CC,Xochimilco,False,0.004247
baseline,Baseline,"(-99.1629897, 19.6220699)",Bandera Tultitlan,MEXIBÚS,Tultitlán,False,0.004244
baseline,Baseline,"(-99.15484, 19.37008)",Dr. Vértiz,TROLE,Benito Juárez,False,0.004243
baseline,Baseline,"(-99.13927, 19.38667)",Calz. de Tlalpan - Clínica 10,RTP,Benito Juárez,False,0.004235
baseline,Baseline,"(-99.1188, 19.21755)",Carretera Xochimilco-San Pablo - El Conejo,RTP,Xochimilco,False,0.004233
baseline,Baseline,"(-99.073191, 19.489896)",Eje 6 Nte. Villa de Ayala y Estado Baja California Sur,CC,Gustavo A. Madero,False,0.004232
baseline,Baseline,"(-99.07105, 19.32446)",Anillo Periférico Canal de Garay - C.R.I.T.,RTP,Iztapalapa,False,0.004229
baseline,Baseline,"(-99.11511, 19.21708)",Carretera Xochimilco-San Pablo - Cedro,RTP,Xochimilco,False,0.004229
baseline,Baseline,"(-99.05026, 19.21649)",Km 17.5,RTP,Milpa Alta,False,0.004224
baseline,Baseline,"(-99.1468, 19.50629)",Juan de Dios Bátiz,TROLE,Gustavo A. Madero,False,0.004223
baseline,Baseline,"(-99.21723, 19.48714)",De las Armas - Echegaray,CC,Azcapotzalco,False,0.004218
baseline,Baseline,"(-99.23171, 19.47978)",Blvd. Manuel Avila C. y Av. Gustavo Baz,CC,Naucalpan de Juárez,False,0.004216
baseline,Baseline,"(-99.18895, 19.47897)",Aquiles Serdán,RTP,Azcapotzalco,False,0.004215
baseline,Baseline,"(-99.15684, 19.50314)",Miguel Othon de Mendizabal - Calz. Vallejo,RTP,Gustavo A. Madero,False,0.004215
baseline,Baseline,"(-99.18285, 19.43556)",Homero,TROLE,Miguel Hidalgo,False,0.004206
baseline,Baseline,"(-99.06748, 19.49058)",Calpulalpan,TROLE,Gustavo A. Madero,False,0.004204
baseline,Baseline,"(-99.18053, 19.45617)",Eje 3 Norte Av. Cuitlahuac - México-Tacuba,CC,Miguel Hidalgo,False,0.004203
baseline,Baseline,"(-99.13096, 19.50297)",Av. Instituto Politécnico Nacional,RTP,Gustavo A. Madero,False,0.0042
baseline,Baseline,"(-99.24959, 19.39798)",Bosques de Reforma -  Bosques de Abedules,CC,Miguel Hidalgo,False,0.004199
baseline,Baseline,"(-99.20232, 19.34449)",Cda. de Acapulco - Blvd. Adolfo López Mateos,RTP,Álvaro Obregón,False,0.00418
baseline,Baseline,"(-99.113637, 19.454851)",Circuito Interior - Metro Consulado,CC,Venustiano Carranza,False,0.004177
baseline,Baseline,"(-99.1354, 19.50513)",Punto 45,CC,Gustavo A. Madero,False,0.004169
baseline,Baseline,"(-99.22252, 19.37053)",Calle 35,RTP,Álvaro Obregón,False,0.004166
baseline,Baseline,"(-99.18597, 19.39091)",Calle 10,RTP,Benito Juárez,False,0.004162
baseline,Baseline,"(-99.15644, 19.39091)",Luz Saviñón,MB,Benito Juárez,False,0.004159
baseline,Baseline,"(-99.086, 19.30347)",Canal de Chalco - Calle 2,RTP,Iztapalapa,False,0.004157
baseline,Baseline,"(-99.12648, 19.46441)",Clave,MB,Gustavo A. Madero,False,0.004154
baseline,Baseline,"(-99.12681, 19.50194)",Moyobamba,RTP,Gustavo A. Madero,False,0.004153
baseline,Baseline,"(-99.24077, 19.40708)",Bosques de Sandalos,RTP,Miguel Hidalgo,False,0.004147
baseline,Baseline,"(-99.26846, 19.37791)",Loma del Recuerdo,RTP,Cuajimalpa de Morelos,False,0.004139
baseline,Baseline,"(-99.0079643, 19.6166347)",Central de Abastos,MEXIBÚS,Ecatepec de Morelos,False,0.004139
baseline,Baseline,"(-99.096061, 19.420488)",Bulevar Puerto Aéreo BASE,CC,Venustiano Carranza,True,0.004137
baseline,Baseline,"(-99.08216, 19.49634)",Ejido - Benito Juárez,RTP,Gustavo A. Madero,False,0.004136
baseline,Baseline,"(-99.21478, 19.38335)",Chicago,RTP,Álvaro Obregón,False,0.004134
baseline,Baseline,"(-98.99912, 19.26675)",Severino Ceniceros,RTP,Tláhuac,False,0.004128
baseline,Baseline,"(-98.99246, 19.35862)",Calz. Ermita Iztapalapa - Santa Marta Acatitla,RTP,La Paz,False,0.004118
baseline,Baseline,"(-99.20194, 19.43428)",Av. Horacio y Moliere,CC,Miguel Hidalgo,False,0.004114
baseline,Baseline,"(-99.04705, 19.203308)",Av. Miguel Hidalgo y Plaza San Martín,CC,Milpa Alta,False,0.004108
baseline,Baseline,"(-99.11735, 19.2357)",Prol. Hidalgo - Privada Monoxola,RTP,Xochimilco,False,0.004105
baseline,Baseline,"(-99.12028, 19.46675)",Graciela,TROLE,Gustavo A. Madero,False,0.004103
baseline,Baseline,"(-99.24723, 19.33112)",Calle Margaritas - Av. de las Torres,RTP,Álvaro Obregón,False,0.004097
baseline,Baseline,"(-99.14022, 19.468165)",CETRAM La Raza BASE,CC,Gustavo A. Madero,True,0.004095
baseline,Baseline,"(-99.06929, 19.45809)",Bosque de Aragón,METRO,Gustavo A. Madero,False,0.004091
baseline,Baseline,"(-99.198444, 19.35803)",Gutierrez Zamora,CC,Álvaro Obregón,False,0.004091
baseline,Baseline,"(-99.20487, 19.36526)",Guadalupe Hidalgo,RTP,Álvaro Obregón,False,0.004087
baseline,Baseline,"(-99.14235, 19.29967)",Acoxpa - El Bordo,RTP,Tlalpan,False,0.004087
baseline,Baseline,"(-99.28741, 19.32993)",Secundaria No. 105,RTP,Álvaro Obregón,False,0.004085
baseline,Baseline,"(-99.15289, 19.51128)",Eje Central y Jupiter,CC,Gustavo A. Madero,False,0.004083
baseline,Baseline,"(-99.099531, 19.251363)",Base Madreselva,CC,Xochimilco,False,0.004077
baseline,Baseline,"(-99.13127, 19.50806)",Frente a Escuela ESIA,RTP,Gustavo A. Madero,False,0.004075
baseline,Baseline,"(-99.15597, 19.52844)",Chedraui,CC,Gustavo A. Madero,False,0.004074
baseline,Baseline,"(-99.03426, 19.19824)",Jalisco,RTP,Milpa Alta,False,0.004074
baseline,Baseline,"(-99.14836, 19.50586)",Av. Central,TROLE,Gustavo A. Madero,False,0.004073
baseline,Baseline,"(-99.18792, 19.37477)",Giotto,RTP,Benito Juárez,False,0.004072
baseline,Baseline,"(-99.04763, 19.20346)",Niños Héroes,RTP,Milpa Alta,False,0.004071
baseline,Baseline,"(-99.2425, 19.387)",Puente Conafrut,RTP,Álvaro Obregón,False,0.004071
baseline,Baseline,"(-99.01026, 19.35062)",Eje 6 Sur - Piruli,RTP,Iztapalapa,False,0.004071
baseline,Baseline,"(-99.19041, 19.34901)",Revolución,RTP,Álvaro Obregón,False,0.00407
baseline,Baseline,"(-99.11295, 19.48662)",General Martín Carrera,TROLE,Gustavo A. Madero,False,0.004067
baseline,Baseline,"(-99.12557, 19.46684)",Robles Domínguez,MB,Gustavo A. Madero,False,0.004067
baseline,Baseline,"(-99.218259, 19.351397)",Cerro,CC,Álvaro Obregón,False,0.004065
baseline,Baseline,"(-99.1681, 19.27425)",Chimalcoyotl - Cristobal Colon,CC,Tlalpan,False,0.004062
baseline,Baseline,"(-99.15721, 19.44707)",Eje 1 Norte José Antonio Alzate - Santa María la Ribera,CC,Cuauhtémoc,False,0.004059
baseline,Baseline,"(-99.1903, 19.35102)",María Luisa (ISSSTE),RTP,Álvaro Obregón,False,0.004059
baseline,Baseline,"(-99.15739, 19.6235021)",Bello Horizonte,MEXIBÚS,Tultitlán,False,0.004058
baseline,Baseline,"(-99.185973, 19.391556)",San Pedro de los Pinos,CC,Benito Juárez,False,0.004057
baseline,Baseline,"(-99.26445, 19.3667)",Ernesto Domínguez 2,RTP,Álvaro Obregón,False,0.004052
baseline,Baseline,"(-99.14755, 19.53277)",Unidad Habitacional Matias Romero,RTP,Gustavo A. Madero,False,0.004051
baseline,Baseline,"(-99.20719, 19.43124)",Anillo PEriférico Blvd. Adolfo Lopez Mateos - Presidente Masaryk,RTP,Miguel Hidalgo,False,0.004049
baseline,Baseline,"(-99.18731, 19.23493)",Hacienda,RTP,Tlalpan,False,0.004046
baseline,Baseline,"(-99.17474, 19.2703)",Volcán Iztaccihuatl - Volcán Colima,CC,Tlalpan,False,0.004045
baseline,Baseline,"(-99.17383, 19.27161)",Otomíes - Lacandones,CC,Tlalpan,False,0.004045
baseline,Baseline,"(-99.22246, 19.38285)",Calle 5,RTP,Álvaro Obregón,False,0.004044
baseline,Baseline,"(-99.113617, 19.458575)",Eje 2 Ote. H Congreso de la Unión y Ote 84 (Metro Consulado),CC,Gustavo A. Madero,False,0.004043
baseline,Baseline,"(-99.12456, 19.39806)",La Viga,MB,Iztacalco,False,0.004043
baseline,Baseline,"(-99.07938, 19.47252)",416 Poniente,MB,Gustavo A. Madero,False,0.004038
baseline,Baseline,"(-99.19818, 19.30274)",Anillo Periférico Blvd. Adolfo Ruiz Cortines - Camino a Santa Teresa,RTP,Tlalpan,False,0.004037
baseline,Baseline,"(-99.21129, 19.38356)",Mituenses,RTP,Álvaro Obregón,False,0.004036
baseline,Baseline,"(-99.197556, 19.360035)",Calz. De las Aguilas,CC,Álvaro Obregón,False,0.004034
baseline,Baseline,"(-99.170895, 19.311979)",Cantera,TROLE,Coyoacán,False,0.004034
baseline,Baseline,"(-99.14306, 19.35978)",Calz. de Tlalpan - Eje 8 Sur Calz. Ermita - Iztapalapa,RTP,Benito Juárez,False,0.004033
baseline,Baseline,"(-99.17324, 19.49275)",Granjas - Av. Hidalgo,RTP,Azcapotzalco,False,0.00403
baseline,Baseline,"(-99.24783, 19.38596)",Kilometro 14,RTP,Cuajimalpa de Morelos,False,0.004029
baseline,Baseline,"(-99.25901, 19.39311)",Gardenias,RTP,Miguel Hidalgo,False,0.004024
baseline,Baseline,"(-99.14806, 19.499)",Wilfrido Massieu,TROLE,Gustavo A. Madero,False,0.004021
baseline,Baseline,"(-99.15456, 19.41444)",Hospital General,MB,Cuauhtémoc,False,0.00402
baseline,Baseline,"(-99.19962, 19.51114)",Carbono,TROLE,Azcapotzalco,False,0.004017
baseline,Baseline,"(-99.17559, 19.42092)",Base Cetram Chapultepec,CC,Cuauhtémoc,True,0.004016
baseline,Baseline,"(-99.18918, 19.45283)",Felipe Carrillo Puerto - Callejón de la Luz,CC,Miguel Hidalgo,False,0.004016
baseline,Baseline,"(-99.070994, 19.489324)",Estado de Sinaloa y Av. Villa de Ayala,CC,Gustavo A. Madero,False,0.004015
baseline,Baseline,"(-99.071156, 19.48946)",Eje 6 Nte. Villa de Ayala y Estado de Sinaloa,CC,Gustavo A. Madero,False,0.004015
baseline,Baseline,"(-99.125705, 19.425756)",Eje 1 Ote. Anillo de Circunvalación y Plaza de san Pablo,CC,Cuauhtémoc,False,0.004014
baseline,Baseline,"(-99.08158, 19.31206)",Anillo Periférico Canal de Garay - Avila Camacho y Puente Peatonal,RTP,Iztapalapa,False,0.004014
baseline,Baseline,"(-99.16679, 19.27272)",Privada del Chimalcoyotl,RTP,Tlalpan,False,0.004014
baseline,Baseline,"(-99.22875, 19.42854)",Av. de las Fuentes - Fuente Piramide,CC,Naucalpan de Juárez,False,0.004011
baseline,Baseline,"(-99.12155, 19.47706)",Río Blanco - De los Misterios,CC,Gustavo A. Madero,False,0.00401
baseline,Baseline,"(-99.22235, 19.46184)",Blvd. Manuel Avila C. y Calle 3,CC,Naucalpan de Juárez,False,0.004008
baseline,Baseline,"(-99.20775, 19.36535)",Frente a 492,RTP,Álvaro Obregón,False,0.004005
baseline,Baseline,"(-99.10775, 19.47388)",Eje 4 Norte Av. Talismán - Eje 2 Oriente Honorable Congreso de la Unión,CC,Gustavo A. Madero,False,0.004
baseline,Baseline,"(-99.13354, 19.38452)",Plutarco Elías Calles,TROLE,Iztacalco,False,0.003999
baseline,Baseline,"(-99.26171, 19.32691)",Higuera,RTP,Álvaro Obregón,False,0.003996
baseline,Baseline,"(-99.12208, 19.35763)",Calz. Ermita Iztapalapa - La Viga,RTP,Coyoacán,False,0.003996
baseline,Baseline,"(-99.203012, 19.358122)",Espigones,CC,Álvaro Obregón,False,0.003994
baseline,Baseline,"(-99.12498, 19.46862)",Robles Domínguez,MB,Gustavo A. Madero,False,0.003989
baseline,Baseline,"(-99.13785, 19.2976)",Acoxpa - Club Toluca,RTP,Tlalpan,False,0.003984
baseline,Baseline,"(-99.230018, 19.348514)",Puente Metlac,CC,Álvaro Obregón,False,0.003982
baseline,Baseline,"(-99.13435, 19.39346)",Las Américas,MB,Benito Juárez,False,0.003982
baseline,Baseline,"(-99.13027, 19.47445)",Excelsior - Real del Monte,CC,Gustavo A. Madero,False,0.003981
baseline,Baseline,"(-99.248322, 19.351641)",Unidad 3002,CC,Álvaro Obregón,False,0.003979
baseline,Baseline,"(-99.1212, 19.47849)",Av. Talismán,MB,Gustavo A. Madero,False,0.003979
baseline,Baseline,"(-99.15643, 19.37032)",División del Norte,TROLE,Benito Juárez,False,0.003979
baseline,Baseline,"(-99.10152, 19.3806)",Apatlaco,TROLE,Iztacalco,False,0.00397
baseline,Baseline,"(-99.075845, 19.480971)",Estado de Puebla y Estado de Baja California,CC,Gustavo A. Madero,False,0.003969
baseline,Baseline,"(-99.18797, 19.37585)",Mixcoac Sur,TROLE,Benito Juárez,True,0.003967
baseline,Baseline,"(-99.18686, 19.30258)",Anillo Periférico Blvd. Adolfo Ruiz Cortines - Insurgentes Sur,RTP,Tlalpan,False,0.003965
baseline,Baseline,"(-99.116932, 19.268918)",Prol. Div. Del Norte y Alcanfores,CC,Xochimilco,False,0.003965
baseline,Baseline,"(-99.18791, 19.45253)",Felipe Carrillo Puerto - Lago Espiridino,CC,Miguel Hidalgo,False,0.003963
baseline,Baseline,"(-99.21548, 19.43263)",Sierra Santa Rosa - Muinura,CC,Miguel Hidalgo,False,0.003953
baseline,Baseline,"(-99.2573, 19.343683)",La Joya,CC,Álvaro Obregón,False,0.00395
baseline,Baseline,"(-99.104901, 19.370372)",Rio Churubusco y Año de Juárez,CC,Iztapalapa,False,0.003948
baseline,Baseline,"(-99.21372, 19.44783)",Lomas de Sotelo - Retorno 102,CC,Miguel Hidalgo,False,0.003944
baseline,Baseline,"(-99.21176, 19.38357)",Puebla,RTP,Álvaro Obregón,False,0.003944
baseline,Baseline,"(-99.19176, 19.30201)",Anillo Periférico Blvd. Adolfo Ruiz Cortines - Alborada,RTP,Tlalpan,False,0.003943
baseline,Baseline,"(-99.1145741, 19.3160425)",Tepetlapa y Oriental,CC,Coyoacán,False,0.003943
baseline,Baseline,"(-99.11624, 19.44913)",Congreso de la Unión y Talabarteros,CC,Venustiano Carranza,False,0.003941
baseline,Baseline,"(-98.96334, 19.31549)",Eje 10 Sur - Fábrica de Tubos,RTP,Tláhuac,False,0.003938
baseline,Baseline,"(-99.08053, 19.491561)",Eje 6 Nte. Villa de Ayala y Av. León de los Aldama,CC,Gustavo A. Madero,False,0.003933
baseline,Baseline,"(-99.1705, 19.24467)",Carretera Federal a Cuernavaca - Tijuamaloapan,RTP,Tlalpan,False,0.003918
baseline,Baseline,"(-99.08343, 19.24696)",Ahuehuetitla,RTP,Xochimilco,False,0.003918
baseline,Baseline,"(-99.13129, 19.38412)",Playa Ola Verde,TROLE,Iztacalco,False,0.00391
baseline,Baseline,"(-99.13284, 19.38433)",Plutarco Elías Calles,TROLE,Iztacalco,False,0.00391
baseline,Baseline,"(-99.206409, 19.358321)",Alfonso Caso Andrade,CC,Álvaro Obregón,False,0.00391
baseline,Baseline,"(-99.04279, 19.28584)",La Turba - Walkirias,RTP,Tláhuac,False,0.003908
baseline,Baseline,"(-99.0244, 19.29802)",Av. Tláhuac - Paso Conejo,RTP,Tláhuac,False,0.003905
baseline,Baseline,"(-99.139289, 19.341489)",Eje 9 Sur Calz. Taxqueña - Cerro de Santa Isabel,CC,Coyoacán,False,0.003904
baseline,Baseline,"(-99.17907, 19.43157)",Leibnitz y Gutemberg,CC,Miguel Hidalgo,False,0.003903
baseline,Baseline,"(-99.15313, 19.44684)",Buenavista,MB,Cuauhtémoc,False,0.0039
baseline,Baseline,"(-99.121464, 19.40234)",Base Eje 2 Ote. H. Congreso de la Unión y Prol. Canal Nacional,CC,Iztacalco,False,0.003894
baseline,Baseline,"(-99.196445, 19.362241)",Condor,CC,Álvaro Obregón,False,0.003894
baseline,Baseline,"(-99.176604, 19.42571)",Circuito Interior - Leibnitz,CC,Miguel Hidalgo,False,0.003886
baseline,Baseline,"(-99.13108, 19.55928)",La Presa,RTP,Gustavo A. Madero,False,0.003883
baseline,Baseline,"(-99.07136, 19.4819)",Constitución de la República,TROLE,Gustavo A. Madero,False,0.003881
baseline,Baseline,"(-99.055721, 19.487093)",Av. Valle de Santiago y Av. Valle de las Zapatas,CC,Nezahualcóyotl,False,0.003881
baseline,Baseline,"(-99.18015, 19.42877)",Campos Elíseos,TROLE,Miguel Hidalgo,False,0.003881
baseline,Baseline,"(-99.16416, 19.29102)",San Fernando - Magisterio Nacional,CC,Tlalpan,False,0.003878
baseline,Baseline,"(-99.19046, 19.347308)",Las Flores,CC,Álvaro Obregón,False,0.003878
baseline,Baseline,"(-99.19064, 19.3486)",Camino al Desierto de los Leones,RTP,Álvaro Obregón,False,0.003878
baseline,Baseline,"(-99.1521133, 19.624874)",Cartagena,MEXIBÚS,Tultitlán,False,0.003873
baseline,Baseline,"(-99.12503, 19.38293)",Playa Cortés,TROLE,Iztacalco,False,0.003866
baseline,Baseline,"(-99.071486, 19.481761)",Estado de Zacatecas y Constitución de la República,CC,Gustavo A. Madero,False,0.003866
baseline,Baseline,"(-99.213298, 19.357793)",Isla,CC,Álvaro Obregón,False,0.003862
baseline,Baseline,"(-99.21739, 19.43118)",Sierra Santa Rosa - Calle 4,CC,Miguel Hidalgo,False,0.003862
baseline,Baseline,"(-99.10111, 19.35613)",Calz. Ermita Iztapalapa - Metro Atlalilco,RTP,Iztapalapa,False,0.003862
baseline,Baseline,"(-99.13985, 19.5097)",Punto 17,CC,Gustavo A. Madero,False,0.00386
baseline,Baseline,"(-99.1686, 19.21044)",Carretera Federal a Cuernavaca - Las Margaritas,RTP,Tlalpan,False,0.003859
baseline,Baseline,"(-99.11594, 19.45034)",Congreso de la Unión y Canal del Norte,CC,Venustiano Carranza,False,0.003859
baseline,Baseline,"(-99.22504, 19.26661)",Carretera Picacho Ajusco,RTP,Tlalpan,False,0.003858
baseline,Baseline,"(-99.03073, 19.33493)",Camino a las minas - Av. de las Torres,RTP,Iztapalapa,False,0.003858
baseline,Baseline,"(-99.20312, 19.48383)",Calz. San Isidro y Renacimiento,CC,Azcapotzalco,False,0.003857
baseline,Baseline,"(-99.10874, 19.46272)",Norte 70,TROLE,Gustavo A. Madero,False,0.003856
baseline,Baseline,"(-99.12804, 19.38354)",Playa Miramar,TROLE,Iztacalco,False,0.003853
baseline,Baseline,"(-99.21611, 19.38325)",Francisco Villa,RTP,Álvaro Obregón,False,0.003853
baseline,Baseline,"(-99.152835, 19.357926)",Rio Churubusco y Eje Central,CC,Benito Juárez,False,0.003852
baseline,Baseline,"(-98.9982, 19.24471)",Sobre Norte del Comercio y G. Ramos Millan,RTP,Tláhuac,False,0.003851
baseline,Baseline,"(-99.071191, 19.50767)",Vía Adolfo López Mateos y Gustavo Baz,CC,Ecatepec de Morelos,False,0.003848
baseline,Baseline,"(-99.20225, 19.39032)",Escuadrón 201,RTP,Álvaro Obregón,False,0.003848
baseline,Baseline,"(-99.21363, 19.42985)",Paseo de las Palmas - Stanovoi,RTP,Miguel Hidalgo,False,0.003847
baseline,Baseline,"(-99.12167, 19.22448)",Carretera a Topilejo - Pedregal,RTP,Xochimilco,False,0.003844
baseline,Baseline,"(-99.08245, 19.40746)",Base,CC,Venustiano Carranza,False,0.00384
baseline,Baseline,"(-99.114328, 19.265918)",Av. Guadalupe I. Ramírez y Prol. Div. Del Norte,CC,Xochimilco,False,0.003838
baseline,Baseline,"(-99.11149, 19.46368)",Congreso de la Unión,TROLE,Gustavo A. Madero,False,0.003838
baseline,Baseline,"(-99.04123, 19.2855)",La Turba - Lombardos,RTP,Tláhuac,False,0.003837
baseline,Baseline,"(-99.12475, 19.4782)",Río Blanco - Buen Tono,CC,Gustavo A. Madero,False,0.003837
baseline,Baseline,"(-99.09774, 19.19992)",José María Morelos - Frente a No. 300,RTP,Milpa Alta,False,0.003836
baseline,Baseline,"(-99.10925, 19.35648)",Calz. Ermita Iztapalapa - Año de Juárez,RTP,Iztapalapa,False,0.003831
baseline,Baseline,"(-99.21007, 19.358811)",Torrente,CC,Álvaro Obregón,False,0.003821
baseline,Baseline,"(-99.055006, 19.4917)",Av. Valle de Santiago y Av. Valle del Volga,CC,Nezahualcóyotl,False,0.003819
baseline,Baseline,"(-99.13332, 19.40863)",Chabacano y J. A. Torres,CC,Cuauhtémoc,False,0.003816
baseline,Baseline,"(-99.17157, 19.44917)",México-Tacuba - Metro Colegio Militar,CC,Miguel Hidalgo,False,0.00381
baseline,Baseline,"(-99.18005, 19.4241)",Paseo de la Reforma - Gandhi,CC,Miguel Hidalgo,False,0.003809
baseline,Baseline,"(-99.188613, 19.391179)",Periferico,CC,Benito Juárez,False,0.003808
baseline,Baseline,"(-99.1545, 19.42579)",Av. Chapultepec - Metro Cuauhtémoc,CC,Cuauhtémoc,False,0.003803
baseline,Baseline,"(-99.17936, 19.37374)",Santander,TROLE,Benito Juárez,False,0.003803
baseline,Baseline,"(-99.19316, 19.39603)",Calle Canario,RTP,Álvaro Obregón,False,0.003801
baseline,Baseline,"(-99.190287, 19.354086)",Tlacopac,CC,Álvaro Obregón,False,0.003801
baseline,Baseline,"(-99.19031, 19.47815)",Santa Apolonia y Av. Ferrocarriles,CC,Azcapotzalco,False,0.0038
baseline,Baseline,"(-99.15099, 19.36557)",Eje Central,TROLE,Benito Juárez,False,0.0038
baseline,Baseline,"(-99.17651, 19.42068)",CETRAM Chapultepec,RTP,Miguel Hidalgo,True,0.003784
baseline,Baseline,"(-99.21989, 19.43027)",Sierra Santa Rosa - Calle 10,CC,Miguel Hidalgo,False,0.003783
baseline,Baseline,"(-99.15124, 19.2981)",Tlalpan - San Juan Bosco,CC,Tlalpan,False,0.00378
baseline,Baseline,"(-99.17362, 19.25939)",Kilometro 21.5 Las Torres,RTP,Tlalpan,False,0.003779
baseline,Baseline,"(-99.113036, 19.320877)",Calzada de La Virgen - Av. Carlota Armero,CC,Coyoacán,False,0.003779
baseline,Baseline,"(-99.1147, 19.48804)",Hospital Infantil La Villa,MB,Gustavo A. Madero,False,0.003777
baseline,Baseline,"(-99.13871, 19.44761)",Luna,TROLE,Cuauhtémoc,False,0.003777
baseline,Baseline,"(-99.22135, 19.42997)",Sierra Santa Rosa - Calle 13,CC,Miguel Hidalgo,False,0.003773
baseline,Baseline,"(-99.13567, 19.38478)",Javier Sorondo,TROLE,Benito Juárez,False,0.003769
baseline,Baseline,"(-99.17641, 19.29497)",San Fernando - 11 Mártires,CC,Tlalpan,False,0.003768
baseline,Baseline,"(-99.096465, 19.419165)",Base Metro Aeropuerto,CC,Venustiano Carranza,True,0.003766
baseline,Baseline,"(-99.117, 19.38708)",Estudios Churubusco,TROLE,Iztacalco,False,0.003765
baseline,Baseline,"(-99.11742, 19.38348)",Valentín Gómez Farías,TROLE,Iztacalco,False,0.003765
baseline,Baseline,"(-99.1169, 19.38839)",Canal de Tezontle,TROLE,Iztacalco,False,0.003765
baseline,Baseline,"(-99.11711, 19.38529)",Juan Alvarez,TROLE,Iztacalco,False,0.003765
baseline,Baseline,"(-99.11541, 19.38859)",Estudios San Ángel Inn,TROLE,Iztacalco,False,0.003765
baseline,Baseline,"(-99.19431, 19.48978)",16 de Septiembre,TROLE,Azcapotzalco,False,0.003764
baseline,Baseline,"(-98.99546, 19.3477)",Eje 6 Sur - Francisco Montes de Oca y Pipila,RTP,Iztapalapa,False,0.003764
baseline,Baseline,"(-99.22408, 19.38186)",Villa Azueta,RTP,Álvaro Obregón,False,0.003763
baseline,Baseline,"(-99.13747, 19.54728)",5 de Mayo,RTP,Gustavo A. Madero,False,0.00376
baseline,Baseline,"(-99.18078, 19.43088)",Av. Presidente Masaryk,TROLE,Miguel Hidalgo,False,0.00376
baseline,Baseline,"(-99.25498, 19.38108)",Galería Reforma,RTP,Cuajimalpa de Morelos,False,0.003759
baseline,Baseline,"(-99.12269, 19.3373)",Escuela Naval Militar - Calz. Taxqueña,RTP,Coyoacán,False,0.003757
baseline,Baseline,"(-99.1387, 19.47309)",Poniente 106,CC,Gustavo A. Madero,False,0.003757
baseline,Baseline,"(-99.14609, 19.3944)",Centro SCOP,TROLE,Benito Juárez,False,0.003755
baseline,Baseline,"(-99.25985, 19.39034)",Fabrica de Armas,RTP,Cuajimalpa de Morelos,False,0.00375
baseline,Baseline,"(-99.04715, 19.3904)",Priv. de León Loyola y CETRAM Tepalcates,CC,Iztapalapa,False,0.00375
baseline,Baseline,"(-99.12928, 19.45714)",Mercado Beethoven,MB,Cuauhtémoc,False,0.003748
baseline,Baseline,"(-99.09641, 19.25062)",Ciclamen,RTP,Xochimilco,False,0.003747
baseline,Baseline,"(-99.19665, 19.40331)",Ex-Arzobispado,RTP,Miguel Hidalgo,False,0.003747
baseline,Baseline,"(-99.26331, 19.38617)",Bosques de Reforma - Royal Reforma,CC,Cuajimalpa de Morelos,False,0.003745
baseline,Baseline,"(-99.22318, 19.42981)",Sierra Santa Rosa - Calle 16,CC,Miguel Hidalgo,False,0.003734
baseline,Baseline,"(-99.0825, 19.24686)",Cerrada Benito Juárez,RTP,Xochimilco,False,0.003734
baseline,Baseline,"(-99.1919, 19.36352)",Periférico,RTP,Álvaro Obregón,False,0.003729
baseline,Baseline,"(-99.15548, 19.20945)",Carretera Federal a Cuernavaca - Km 29.5 Ahuacatitla,RTP,Tlalpan,False,0.003729
baseline,Baseline,"(-99.0411, 19.29234)",Guillermo Prieto - Bartolomé Díaz de León,RTP,Tláhuac,False,0.003729
baseline,Baseline,"(-99.17771, 19.46353)",Begonias,RTP,Azcapotzalco,False,0.003728
baseline,Baseline,"(-99.22222, 19.28396)",Izmal,RTP,Tlalpan,False,0.003726
baseline,Baseline,"(-99.18134, 19.43176)",Av. Presidente Masaryk,TROLE,Miguel Hidalgo,False,0.003722
baseline,Baseline,"(-99.20411, 19.43467)",Av. Horacio y Socrates,CC,Miguel Hidalgo,False,0.003721
baseline,Baseline,"(-99.02582, 19.2979)",Av. Tláhuac - Bodega Puma Abarrotero,RTP,Tláhuac,False,0.003717
baseline,Baseline,"(-99.13738, 19.50716)",Punto 47,CC,Gustavo A. Madero,False,0.003715
baseline,Baseline,"(-99.15633, 19.20778)",Carretera Federal a Cuernavaca - Anacahuita,RTP,Tlalpan,False,0.00371
baseline,Baseline,"(-99.19886, 19.48047)",Calz. San Isidro y Tezozomoc,CC,Azcapotzalco,False,0.003707
baseline,Baseline,"(-99.19466, 19.47878)",Tochitli y Santo Domingo,CC,Azcapotzalco,False,0.003706
baseline,Baseline,"(-99.18701, 19.40199)",Tacubaya,MB,Miguel Hidalgo,False,0.0037
baseline,Baseline,"(-99.04885, 19.20046)",Justo Sierra - Quetzalcoatl,RTP,Milpa Alta,False,0.003696
baseline,Baseline,"(-99.1478126, 19.6259783)",De la Cruz-San Mateo,MEXIBÚS,Tultitlán,False,0.003687
baseline,Baseline,"(-99.15292, 19.414)",Dr. Pasteur - Dr. Rafael Lucio,CC,Cuauhtémoc,False,0.003686
baseline,Baseline,"(-99.07805, 19.47846)",Deportivo Los Galeana,MB,Gustavo A. Madero,False,0.003685
baseline,Baseline,"(-99.22143, 19.35033)",Llanura,RTP,Álvaro Obregón,False,0.003678
baseline,Baseline,"(-99.20377, 19.38982)",15 de Noviembre,RTP,Álvaro Obregón,False,0.003674
baseline,Baseline,"(-99.1585, 19.37065)",Parque de los Venados,TROLE,Benito Juárez,False,0.003673
baseline,Baseline,"(-99.068884, 19.488674)",Eje 6 Nte. Villa de Ayala y Estado de Zacatecas,CC,Gustavo A. Madero,False,0.003673
baseline,Baseline,"(-99.21661, 19.47495)",Enrique Añorve - José Cardel,CC,Azcapotzalco,False,0.003672
baseline,Baseline,"(-99.1607, 19.20757)",Carretera Federal a Cuernavca - Km 30.3 Anacahuita,RTP,Tlalpan,False,0.003671
baseline,Baseline,"(-99.17635, 19.27048)",Volcán Iztaccihuatl - Monte Elbruz,CC,Tlalpan,False,0.00367
baseline,Baseline,"(-99.27308, 19.37728)",Loma Florida,RTP,Cuajimalpa de Morelos,False,0.00367
baseline,Baseline,"(-99.0273593, 19.4118795)",Lago de Chapala,MEXIBÚS,Nezahualcóyotl,False,0.003669
baseline,Baseline,"(-98.96304, 19.31665)",Eje 10 Sur - Tecamazuchitl,RTP,Tláhuac,False,0.003666
baseline,Baseline,"(-99.26084, 19.38962)",Anden de Misiles,RTP,Cuajimalpa de Morelos,False,0.003663
baseline,Baseline,"(-99.11772327, 19.31221458)",Calz. de las Bombas y Centro Pedagógico,CC,Coyoacán,False,0.003662
baseline,Baseline,"(-99.1199245, 19.31184951)",Calz. de las Bombas y Central,CC,Coyoacán,False,0.003662
baseline,Baseline,"(-99.23299, 19.33922)",Encino Grande,RTP,Álvaro Obregón,False,0.003661
baseline,Baseline,"(-99.138665, 19.465431)",Insurgentes - Circuito Interior,CC,Gustavo A. Madero,False,0.003655
baseline,Baseline,"(-99.16599, 19.29191)",San Fernando - Industria,CC,Tlalpan,False,0.003653
baseline,Baseline,"(-98.96385, 19.31209)",Eje 10 Sur - El Pipila y José Guadalupe Posada,RTP,Tláhuac,False,0.003652
baseline,Baseline,"(-99.17505, 19.29492)",San Fernando - Callejón San Fernando,CC,Tlalpan,False,0.003649
baseline,Baseline,"(-99.097026, 19.377747)",Rio Churubusco y Purísimas,CC,Iztapalapa,False,0.003643
baseline,Baseline,"(-99.14199, 19.47213)",Eje 3 Norte Av. Cuitlahuac - Leopoldo Auer,CC,Gustavo A. Madero,False,0.003639
baseline,Baseline,"(-99.10535, 19.35617)",Calz. Ermita Iztapalapa - Av. Tláhuac,RTP,Iztapalapa,False,0.003632
baseline,Baseline,"(-99.13874601, 19.31981815)",Sobre Av. División del Norte y Calz. De Tlalpan,CC,Coyoacán,False,0.003632
baseline,Baseline,"(-99.1894, 19.45989)",México-Tacuba - Puente,CC,Miguel Hidalgo,False,0.00363
baseline,Baseline,"(-99.15586, 19.5178)",Eje Central y Progreso Nacional,CC,Gustavo A. Madero,False,0.003619
baseline,Baseline,"(-99.08808, 19.43427)",Terminal Aérea,METRO,Venustiano Carranza,False,0.003619
baseline,Baseline,"(-99.20535, 19.33294)",San Jerónimo,RTP,Álvaro Obregón,False,0.003618
baseline,Baseline,"(-99.17087, 19.29359)",San Fernando - Farmacia del ISSSTE,CC,Tlalpan,False,0.003618
baseline,Baseline,"(-99.08636, 19.47101)",Pueblo San Juan de Aragón,MB,Gustavo A. Madero,False,0.003618
baseline,Baseline,"(-99.17188, 19.29373)",San Fernando - Las Fuentes,CC,Tlalpan,False,0.003617
baseline,Baseline,"(-99.13136, 19.50147)",Sierra Vista,RTP,Gustavo A. Madero,False,0.003613
baseline,Baseline,"(-99.14304, 19.51583)",Templo Diana,CC,Gustavo A. Madero,False,0.00361
baseline,Baseline,"(-99.12193, 19.40922)",Honorable Congreso de la Unión - Av. Morelos,RTP,Venustiano Carranza,False,0.003606
baseline,Baseline,"(-99.17088, 19.44849)",Calz. México Tacuba - Maestro Rural,CC,Miguel Hidalgo,False,0.003606
baseline,Baseline,"(-99.14786563, 19.33971955)",Sobre Av. División del Norte y los Pinos,CC,Coyoacán,False,0.003599
baseline,Baseline,"(-99.1217, 19.40289)",Santa Anita,METRO,Iztacalco,False,0.003598
baseline,Baseline,"(-99.12952, 19.50573)",Instituto Politécnico Nacional,RTP,Gustavo A. Madero,False,0.003595
baseline,Baseline,"(-99.19659, 19.39353)",Sur 118,RTP,Álvaro Obregón,False,0.003592
baseline,Baseline,"(-99.07881, 19.47563)",José Loreto Fabela - Puerto de Tampico,RTP,Gustavo A. Madero,False,0.003589
baseline,Baseline,"(-99.12196, 19.49458)",Coquimbo,RTP,Gustavo A. Madero,False,0.003589
baseline,Baseline,"(-99.136733, 19.329365)",Canal de Miramontes y Calz. De la Virgen,CC,Coyoacán,False,0.003586
baseline,Baseline,"(-99.080592, 19.457222)",José Loreto Fabela y Av. 508,CC,Gustavo A. Madero,False,0.003581
baseline,Baseline,"(-99.07958, 19.4704)",José Loreto Fabela - Av. 414,RTP,Gustavo A. Madero,False,0.00358
baseline,Baseline,"(-99.13846, 19.45019)",Flores Magón,TROLE,Cuauhtémoc,False,0.003578
baseline,Baseline,"(-99.15276, 19.35695)",Churubusco,TROLE,Coyoacán,False,0.003576
baseline,Baseline,"(-99.11144, 19.42606)",Moctezuma,MB,Venustiano Carranza,False,0.003573
baseline,Baseline,"(-99.12817, 19.50721)",Av. Instituto Politécnico Nacional - Huanuco,RTP,Gustavo A. Madero,False,0.003573
baseline,Baseline,"(-99.15353, 19.43416)",Amajac,MB,Cuauhtémoc,False,0.003573
baseline,Baseline,"(-99.21744, 19.38383)",Abelardo Rodríguez,RTP,Álvaro Obregón,False,0.003572
baseline,Baseline,"(-99.19769, 19.39315)",Paralela 3,RTP,Álvaro Obregón,False,0.003572
baseline,Baseline,"(-99.08481, 19.30205)",Canal de Chalco - Calle 9,RTP,Iztapalapa,False,0.003567
baseline,Baseline,"(-99.1049, 19.46134)",Eduardo Molina,TROLE,Gustavo A. Madero,False,0.003559
baseline,Baseline,"(-99.22144, 19.42622)",Paseo de las Palmas - Sierra Ventana,RTP,Miguel Hidalgo,False,0.003559
baseline,Baseline,"(-99.1321, 19.49769)",Frente a Escuela CENAC,RTP,Gustavo A. Madero,False,0.003559
baseline,Baseline,"(-99.093818, 19.248793)",Carr. Xochimilco Tulyehualco y Embarcadero Zacapa,CC,Xochimilco,False,0.003556
baseline,Baseline,"(-99.1446, 19.40698)",Lázaro Cárdenas,TROLE,Cuauhtémoc,False,0.003554
baseline,Baseline,"(-99.15221, 19.35491)",Xicoténcatl,TROLE,Coyoacán,False,0.003552
baseline,Baseline,"(-99.14646, 19.39277)",Cumbres de Acultzingo,TROLE,Benito Juárez,False,0.003552
baseline,Baseline,"(-99.17723, 19.346127)",Cerro del Hombre,TROLE,Coyoacán,False,0.003551
baseline,Baseline,"(-99.07888, 19.24641)",La Planta,RTP,Xochimilco,False,0.003551
baseline,Baseline,"(-99.15343, 19.36595)",Tokio,TROLE,Benito Juárez,False,0.003544
baseline,Baseline,"(-99.25549, 19.32938)",Alta Tensión - Flor de Campo,RTP,Álvaro Obregón,False,0.003543
baseline,Baseline,"(-99.191635, 19.339589)",Revolución y Altamirano,CC,Álvaro Obregón,False,0.003543
baseline,Baseline,"(-99.15669, 19.51982)",Eje Central y Calle 28,CC,Gustavo A. Madero,False,0.003539
baseline,Baseline,"(-99.215985, 19.353766)",Walmart Las Aguilas,CC,Álvaro Obregón,False,0.003537
baseline,Baseline,"(-99.16398, 19.30831)",Iman - Gran Sur II,CC,Coyoacán,False,0.003534
baseline,Baseline,"(-99.2435, 19.33245)",Cda. Amapola - Av. de los Tanques,RTP,Álvaro Obregón,False,0.003532
baseline,Baseline,"(-99.19089, 19.342502)",Revolución y Cuauhtémoc,CC,Álvaro Obregón,False,0.003523
baseline,Baseline,"(-99.21688, 19.47404)",Enrique Añorve - Calz. de la Naranja,CC,Azcapotzalco,False,0.003514
baseline,Baseline,"(-99.17845, 19.25631)",Tlalpuente,RTP,Tlalpan,False,0.003513
baseline,Baseline,"(-99.140126, 19.6279646)",Fuentes del Valle,MEXIBÚS,Tultitlán,False,0.003501
baseline,Baseline,"(-99.072057, 19.479671)",Estado de Puebla y Estado de Zacatecas,CC,Gustavo A. Madero,False,0.003499
baseline,Baseline,"(-99.20843, 19.48525)",Calz. San Isidro y Manuel Salazar,CC,Azcapotzalco,False,0.003499
baseline,Baseline,"(-99.22812, 19.42911)",Fuente de Tritones - Av. de las Fuentes,CC,Naucalpan de Juárez,False,0.003497
baseline,Baseline,"(-99.04368, 19.28591)",La Turba - Unidad Habitacional La Draga,RTP,Tláhuac,False,0.003496
baseline,Baseline,"(-99.1404, 19.51224)",Punto 19,CC,Gustavo A. Madero,False,0.003494
baseline,Baseline,"(-99.17737, 19.40557)",Patriotismo,MB,Cuauhtémoc,False,0.003489
baseline,Baseline,"(-99.15115, 19.5043)",Av. Eje Central,CC,Gustavo A. Madero,False,0.003484
baseline,Baseline,"(-99.12348, 19.22093)",Carretera a Topilejo - Camino Panteon Xalpa,RTP,Xochimilco,False,0.003484
baseline,Baseline,"(-99.13195, 19.49849)",Lindavista,RTP,Gustavo A. Madero,False,0.003483
baseline,Baseline,"(-99.19381, 19.23097)",Diligencia,RTP,Tlalpan,False,0.003482
baseline,Baseline,"(-99.23194, 19.30848)",Flores Magón,RTP,La Magdalena Contreras,False,0.003479
baseline,Baseline,"(-99.04503, 19.33774)",Av. Insurgentes - Maurilio Mejia,RTP,Iztapalapa,False,0.003478
baseline,Baseline,"(-98.99538, 19.21332)",16 de Septiembre,RTP,Milpa Alta,False,0.003477
baseline,Baseline,"(-99.23066, 19.30988)",Toluca,RTP,La Magdalena Contreras,False,0.003476
baseline,Baseline,"(-99.00318, 19.20361)",Av. del Trabajo,RTP,Milpa Alta,False,0.003476
baseline,Baseline,"(-99.20902, 19.33181)",Eje 10 Sur - Anillo Periférico,RTP,Álvaro Obregón,False,0.003475
baseline,Baseline,"(-99.20079, 19.48298)",Calz. San Isidro y 2da Cda. San Isidro,CC,Azcapotzalco,False,0.003475
baseline,Baseline,"(-99.13554, 19.50564)",Frente a No. 473,RTP,Gustavo A. Madero,False,0.00347
baseline,Baseline,"(-99.08333, 19.4968)",Ejido - Av. Gran Canal del Desague,RTP,Gustavo A. Madero,False,0.00347
baseline,Baseline,"(-99.074343, 19.317601)",Av. Tláhuac - Metro Periférico Ote.,CC,Iztapalapa,False,0.003464
baseline,Baseline,"(-99.25711, 19.37929)",Frente a Nissan,RTP,Álvaro Obregón,False,0.003463
baseline,Baseline,"(-99.07063, 19.4838)",Estado de Morelos,TROLE,Gustavo A. Madero,False,0.003453
baseline,Baseline,"(-99.1413, 19.47224)",Norte 1-G,TROLE,Gustavo A. Madero,False,0.003449
baseline,Baseline,"(-99.19614, 19.36285)",Fugiyama,RTP,Álvaro Obregón,False,0.003448
baseline,Baseline,"(-99.080616, 19.463572)",José Loreto Fabela y Norte 510,CC,Gustavo A. Madero,False,0.003447
baseline,Baseline,"(-99.1951, 19.36343)",Etna,RTP,Álvaro Obregón,False,0.003445
baseline,Baseline,"(-99.101551, 19.380609)",Rio Churubusco y Canal de Apatlaco,CC,Iztacalco,False,0.003441
baseline,Baseline,"(-99.14681, 19.39009)",Luz Saviñón,TROLE,Benito Juárez,False,0.003439
baseline,Baseline,"(-99.01433, 19.29388)",Andrés Quintana Roo - Vicente Guerrero,RTP,Tláhuac,False,0.003439
baseline,Baseline,"(-99.08128, 19.40674)",Oriente 217 y Viaducto Río de la Piedad,CC,Iztacalco,False,0.003438
baseline,Baseline,"(-99.19925, 19.39229)",Paralela 3,RTP,Álvaro Obregón,False,0.003434
baseline,Baseline,"(-99.18152, 19.43267)",Horacio,TROLE,Miguel Hidalgo,False,0.003432
baseline,Baseline,"(-99.13872, 19.29796)",Acoxpa - Las Torres,RTP,Tlalpan,False,0.003431
baseline,Baseline,"(-99.10541, 19.25539)",Prolongación 16 de Septiembre,RTP,Xochimilco,True,0.003429
baseline,Baseline,"(-99.18905, 19.33008)",MUCA,PUMABUS,Coyoacán,False,0.003427
baseline,Baseline,"(-99.2174, 19.47412)",Calz. de la Naranja - Adrian Castrejon,CC,Azcapotzalco,False,0.003426
baseline,Baseline,"(-99.25866, 19.36624)",Antonio Dovali Jaime,RTP,Álvaro Obregón,False,0.003421
baseline,Baseline,"(-99.26462, 19.38446)",Bosques de Reforma - Secretaría de Marina,CC,Cuajimalpa de Morelos,False,0.003421
baseline,Baseline,"(-99.18853, 19.36948)",Miguel Cabrera,RTP,Benito Juárez,False,0.003419
baseline,Baseline,"(-99.155812, 19.328097)",Moctezuma,TROLE,Coyoacán,False,0.003416
baseline,Baseline,"(-99.151283, 19.334152)",Eje 10,TROLE,Coyoacán,False,0.003416
baseline,Baseline,"(-99.10276, 19.431776)",Oriente 146 y Eje 1 Nte.,CC,Venustiano Carranza,False,0.003415
baseline,Baseline,"(-99.22344, 19.34971)",Tercera Cerrada de Bahía,RTP,Álvaro Obregón,False,0.003414
baseline,Baseline,"(-99.15116, 19.50451)",J. Othón de Medizabal,TROLE,Gustavo A. Madero,False,0.003414
baseline,Baseline,"(-98.99548, 19.34677)",Calendula - Armeria,RTP,Iztapalapa,False,0.00341
baseline,Baseline,"(-99.108451, 19.264699)",Av. Guadalupe I. Ramírez y Gladiola,CC,Xochimilco,False,0.003408
baseline,Baseline,"(-99.150112, 19.33764)",Pacífico,TROLE,Coyoacán,False,0.003407
baseline,Baseline,"(-99.1836, 19.43731)",Gral. Mariano Escobedo - Ejercito Nacional Mexicano,CC,Miguel Hidalgo,False,0.003404
baseline,Baseline,"(-99.1395, 19.44353)",Garibaldi,TROLE,Cuauhtémoc,False,0.003399
baseline,Baseline,"(-99.08719, 19.30519)",Anillo Periférico Canal de Garay - Canal Nacional,RTP,Iztapalapa,False,0.003399
baseline,Baseline,"(-99.06664, 19.49251)",Tepatitlan,TROLE,Gustavo A. Madero,False,0.003393
baseline,Baseline,"(-99.26963, 19.37118)",Volcanes,RTP,Cuajimalpa de Morelos,False,0.003392
baseline,Baseline,"(-99.14653, 19.4731)",Vallejo,RTP,Azcapotzalco,False,0.003391
baseline,Baseline,"(-99.19202, 19.33867)",Río Magdalena,RTP,Álvaro Obregón,False,0.003389
baseline,Baseline,"(-99.0176859, 19.4071279)",Palacio Municipal,MEXIBÚS,Nezahualcóyotl,False,0.003388
baseline,Baseline,"(-99.02991, 19.33458)",Camino a las Minas - Monte Everest (Zapote),RTP,Iztapalapa,False,0.003388
baseline,Baseline,"(-99.14974, 19.20637)",Tezontitla,RTP,Tlalpan,False,0.003387
baseline,Baseline,"(-99.1111, 19.35665)",Calz. Emiliano Zapata - Cinco,RTP,Iztapalapa,False,0.003387
baseline,Baseline,"(-99.12196, 19.40195)",Honorable Congreso de la Unión - Calle Miguel Hidalgo,RTP,Iztacalco,False,0.003385
baseline,Baseline,"(-99.09382, 19.24873)",Zacapa,RTP,Xochimilco,False,0.003383
baseline,Baseline,"(-99.18051, 19.53314)",Covadonga,CC,Tlalnepantla de Baz,False,0.003381
baseline,Baseline,"(-99.200638, 19.349424)",Periferico,CC,Álvaro Obregón,False,0.003377
baseline,Baseline,"(-99.09037, 19.49777)",5 de Mayo - Av. Ing. Eduardo Molina,RTP,Gustavo A. Madero,False,0.003376
baseline,Baseline,"(-99.10371307, 19.3149981)",Dolores Guerrero y Rosario Castellanos,CC,Coyoacán,False,0.003371
baseline,Baseline,"(-99.13846, 19.44914)",Flores Magón,TROLE,Cuauhtémoc,False,0.00337
baseline,Baseline,"(-99.18908, 19.36485)",Juan Tinoco,RTP,Benito Juárez,False,0.003369
baseline,Baseline,"(-99.08437, 19.49575)",Calle 310 - Av. Gran Canal del Desague,RTP,Gustavo A. Madero,False,0.003363
baseline,Baseline,"(-99.08656, 19.49648)",Calle 310 - Calle 315,RTP,Gustavo A. Madero,False,0.003363
baseline,Baseline,"(-99.216378, 19.3523)",Serrania,CC,Álvaro Obregón,False,0.003362
baseline,Baseline,"(-99.238894, 19.35592)",Guajiras,CC,Álvaro Obregón,False,0.00336
baseline,Baseline,"(-99.22321, 19.42284)",Paseo de las Palmas - Sierra Vertientes,RTP,Miguel Hidalgo,False,0.003358
baseline,Baseline,"(-99.11508, 19.26594)",Prol. División del Norte - Gpe. Inclan Ramírez,RTP,Xochimilco,False,0.003355
baseline,Baseline,"(-99.19332, 19.48847)",Centéotl,TROLE,Azcapotzalco,False,0.003355
baseline,Baseline,"(-99.2225, 19.28251)",Izamal,RTP,Tlalpan,False,0.003353
baseline,Baseline,"(-99.00717, 19.29547)",Eje 10 Sur - Montes Pirineos,RTP,Tláhuac,False,0.003347
baseline,Baseline,"(-99.01518, 19.29211)",Paseo Nuevo - Ojo de Agua,RTP,Tláhuac,False,0.003345
baseline,Baseline,"(-99.15382, 19.24704)",CDMX - Cuernavaca,RTP,Tlalpan,False,0.003344
baseline,Baseline,"(-99.17884, 19.40625)",Benjamín Franklin y Metro Patriotismo,CC,Cuauhtémoc,False,0.003342
baseline,Baseline,"(-99.12438, 19.31701)",Escuela Naval M. y WalMart,CC,Coyoacán,False,0.003341
baseline,Baseline,"(-99.164486, 19.450439)",Circuito Interior - S. Díaz Mirón,CC,Miguel Hidalgo,False,0.003341
baseline,Baseline,"(-99.1794, 19.29537)",San Fernando - ISSSTE,CC,Tlalpan,False,0.003337
baseline,Baseline,"(-99.16482, 19.23534)",Reforma,RTP,Tlalpan,False,0.003337
baseline,Baseline,"(-99.10263, 19.4673)",Victoria,MB,Gustavo A. Madero,False,0.003333
baseline,Baseline,"(-99.21257, 19.442)",Miguel de Cervantes S. y Presa Solis,CC,Miguel Hidalgo,False,0.003332
baseline,Baseline,"(-99.0881, 19.19204)",José María Morelos - Callejon Morelos,RTP,Milpa Alta,False,0.00333
baseline,Baseline,"(-98.96445, 19.30783)",Eje 10 Sur - Santa Catarina (Calle 8),RTP,Tláhuac,False,0.003328
baseline,Baseline,"(-99.24723, 19.33117)",Calle Margaritas - Av. de las Torres,RTP,Álvaro Obregón,False,0.003324
baseline,Baseline,"(-99.155442, 19.328257)",Moctezuma,TROLE,Coyoacán,False,0.003322
baseline,Baseline,"(-99.15428, 19.329655)",Cantil,TROLE,Coyoacán,False,0.003322
baseline,Baseline,"(-98.98497, 19.29806)",Eje 10 Sur - Zona Ecológica,RTP,Tláhuac,False,0.00332
baseline,Baseline,"(-99.1798, 19.43406)",Leibnitz y Thiers,CC,Miguel Hidalgo,False,0.003316
baseline,Baseline,"(-99.2089, 19.39018)",Cristo Rey,RTP,Álvaro Obregón,False,0.003314
baseline,Baseline,"(-99.17016, 19.23463)",No. 302,RTP,Tlalpan,False,0.003313
baseline,Baseline,"(-99.21156, 19.38892)",Costarricenses,RTP,Álvaro Obregón,False,0.003313
baseline,Baseline,"(-99.16745, 19.27583)",Chimalcoyotl - Plaza Cantera,CC,Tlalpan,False,0.003312
baseline,Baseline,"(-99.174071, 19.345744)",Zaragoza,TROLE,Coyoacán,False,0.003311
baseline,Baseline,"(-99.14893, 19.4571)",Manuel González,MB,Cuauhtémoc,False,0.003309
baseline,Baseline,"(-99.13351, 19.51137)",Año de 1857,RTP,Gustavo A. Madero,False,0.003308
baseline,Baseline,"(-99.16878, 19.30191)",Anillo Periférico Blvd. Adolfo Ruiz Cortines - Oriente 10,RTP,Tlalpan,False,0.003307
baseline,Baseline,"(-99.16493, 19.24158)",Kilometro 23.5,RTP,Tlalpan,False,0.003306
baseline,Baseline,"(-99.099494, 19.379982)",Canal de Apatlaco y Tepehua,CC,Iztapalapa,False,0.003299
baseline,Baseline,"(-99.12977, 19.506)",Av. Instituto Politécnico Nacional - Ticoman,RTP,Gustavo A. Madero,False,0.003299
baseline,Baseline,"(-99.23354, 19.30733)",Chabacano,RTP,La Magdalena Contreras,False,0.003297
baseline,Baseline,"(-99.15241, 19.3697)",Tokio,TROLE,Benito Juárez,False,0.003297
baseline,Baseline,"(-99.00078, 19.29473)",Eje 10 Sur -  Crater Tycho,RTP,Tláhuac,False,0.003295
baseline,Baseline,"(-99.17812, 19.27078)",Volcán Iztacciuatl - Volcán Nevado de Toluca,CC,Tlalpan,False,0.003294
baseline,Baseline,"(-99.12682, 19.54662)",Cerro,RTP,Gustavo A. Madero,False,0.003293
baseline,Baseline,"(-98.99426, 19.2143)",Guadalupe Victoria,RTP,Milpa Alta,False,0.003291
baseline,Baseline,"(-99.2184, 19.38431)",J. Alvarado y Francisco Villa,RTP,Álvaro Obregón,False,0.003291
baseline,Baseline,"(-99.21701, 19.48745)",Calz. San Isidro y Calz. de las Armas,CC,Azcapotzalco,False,0.003285
baseline,Baseline,"(-99.21629, 19.48934)",Lucio Blanco,CC,Azcapotzalco,False,0.003283
baseline,Baseline,"(-99.17041, 19.4035)",Nuevo León,MB,Cuauhtémoc,False,0.003279
baseline,Baseline,"(-99.2809, 19.34272)",Hidalgo,RTP,Cuajimalpa de Morelos,False,0.003278
baseline,Baseline,"(-99.12241, 19.50456)",Acueducto,RTP,Gustavo A. Madero,False,0.003278
baseline,Baseline,"(-99.17758, 19.46499)",Clavería,RTP,Azcapotzalco,False,0.003276
baseline,Baseline,"(-99.22226, 19.35005)",Marisol,RTP,Álvaro Obregón,False,0.003276
baseline,Baseline,"(-99.17707, 19.46887)",Glorieta de Camarones,TROLE,Azcapotzalco,False,0.003275
baseline,Baseline,"(-99.18394, 19.35119)",Tecoyotitla,RTP,Álvaro Obregón,False,0.003268
baseline,Baseline,"(-99.11793, 19.4898)",Prol. Misterios - Albardon,RTP,Gustavo A. Madero,False,0.003265
baseline,Baseline,"(-99.14157, 19.51332)",Frente a Escuela Superior de Turismo,RTP,Gustavo A. Madero,False,0.003265
baseline,Baseline,"(-99.18972, 19.46987)",Parque Vía - Metro Refinería,RTP,Azcapotzalco,True,0.003263
baseline,Baseline,"(-99.0413, 19.29328)",Teofilo Norte - Guillermo Prieto,RTP,Tláhuac,False,0.00326
baseline,Baseline,"(-99.12469, 19.32638)",Escuela Naval M. y Reforma Agraria,CC,Coyoacán,False,0.00326
baseline,Baseline,"(-99.15495, 19.343609)",América,TROLE,Coyoacán,False,0.003258
baseline,Baseline,"(-99.123332, 19.442889)",Eje 1 Ote. Boleo y Eje 1 Nte. Granaditas,CC,Cuauhtémoc,False,0.003255
baseline,Baseline,"(-99.04663, 19.28674)",La Turba - Cenicienta,RTP,Tláhuac,False,0.003252
baseline,Baseline,"(-99.18928, 19.47459)",Parque Vía - Aquiles Elorduy,RTP,Azcapotzalco,False,0.003251
baseline,Baseline,"(-99.08151, 19.40765)",Eje 1 Sur Gral. Francisco Morazán - Av. 8 Calle 77,CC,Venustiano Carranza,False,0.00325
baseline,Baseline,"(-99.125306, 19.428417)",Eje 1 Ote. Anillo de Circunvalación y República de El Salvador,CC,Cuauhtémoc,False,0.00325
baseline,Baseline,"(-99.14718, 19.38722)",Cumbres de Maltrata,TROLE,Benito Juárez,False,0.003248
baseline,Baseline,"(-99.14485, 19.48861)",Instituto del Petróleo s,TROLE,Gustavo A. Madero,False,0.003246
baseline,Baseline,"(-99.14516, 19.403)",Viaducto,TROLE,Benito Juárez,False,0.003245
baseline,Baseline,"(-99.16747, 19.44449)",México-Tacuba - Metro Normal,CC,Miguel Hidalgo,False,0.003244
baseline,Baseline,"(-99.04325, 19.20339)",Cerrada Hidalgo,RTP,Milpa Alta,False,0.003241
baseline,Baseline,"(-99.19152, 19.42587)",Paseo de la Reforma y Rubén Darío,CC,Miguel Hidalgo,False,0.003238
baseline,Baseline,"(-99.30107, 19.34736)",Frente a la Secundaria 211,RTP,Cuajimalpa de Morelos,False,0.003237
baseline,Baseline,"(-99.23508, 19.48618)",Blvd. Manuel Avila C. y Av. Lomas Verdes,CC,Naucalpan de Juárez,False,0.003229
baseline,Baseline,"(-99.154391, 19.329607)",Cantil,TROLE,Coyoacán,False,0.003228
baseline,Baseline,"(-99.137068, 19.328173)",Canal de Miramontes y Xotepingo,CC,Coyoacán,False,0.003228
baseline,Baseline,"(-99.14715, 19.38608)",Cumbres de Maltrata,TROLE,Benito Juárez,False,0.003223
baseline,Baseline,"(-99.26306, 19.32461)",Cerrada Limbo,RTP,Álvaro Obregón,False,0.003221
baseline,Baseline,"(-99.134372, 19.330094)",Av. Santa Ana - Retorno 22,CC,Coyoacán,False,0.003219
baseline,Baseline,"(-99.069302, 19.476988)",Av. de los Pinos y Volcán de Zunil,CC,Gustavo A. Madero,False,0.003218
baseline,Baseline,"(-99.12565, 19.26816)",Guadalupe Inclan Ramírez - 20 de Noviembre,CC,Xochimilco,False,0.003217
baseline,Baseline,"(-99.18832, 19.47899)",Manuel Acuña y Aquiles Serdán,CC,Azcapotzalco,False,0.003215
baseline,Baseline,"(-99.198364, 19.337046)",Eje 10 sur e Iglesia,CC,Álvaro Obregón,False,0.003214
baseline,Baseline,"(-99.11856, 19.48155)",Calzada Guadalupe,RTP,Gustavo A. Madero,False,0.003214
baseline,Baseline,"(-99.14517, 19.49315)",Instituto del Petróleo,MB,Gustavo A. Madero,False,0.003208
baseline,Baseline,"(-99.28145, 19.3409)",Frente a No. 43,RTP,Cuajimalpa de Morelos,False,0.003205
baseline,Baseline,"(-99.0964, 19.41926)",Río Churubusco - Metro Puerto Aéreo,RTP,Venustiano Carranza,True,0.003203
baseline,Baseline,"(-99.27999, 19.33569)",Panteón Santa Rosa,RTP,Álvaro Obregón,False,0.003202
baseline,Baseline,"(-99.09377, 19.44079)",Av. del PeNón y Metro Oceanía,CC,Venustiano Carranza,False,0.003201
baseline,Baseline,"(-99.10112, 19.3835)",Girasol,TROLE,Iztacalco,False,0.0032
baseline,Baseline,"(-99.3049, 19.35393)",Morelos,RTP,Cuajimalpa de Morelos,False,0.0032
baseline,Baseline,"(-99.22533, 19.38048)",Fortin,RTP,Álvaro Obregón,False,0.003199
baseline,Baseline,"(-99.16205, 19.29051)",San Fernando,RTP,Tlalpan,False,0.003199
baseline,Baseline,"(-99.2344, 19.30539)",Privada Ferrocarril a Cuernavaca,RTP,La Magdalena Contreras,False,0.003198
baseline,Baseline,"(-99.0813, 19.29735)",Canal de Chalco - Río Balsas,RTP,Xochimilco,False,0.003195
baseline,Baseline,"(-99.19227, 19.33878)",Eje 10 Río de la Magdalena,RTP,Álvaro Obregón,False,0.003194
baseline,Baseline,"(-99.11803, 19.48958)",Albardon,RTP,Gustavo A. Madero,False,0.003193
baseline,Baseline,"(-99.16582, 19.444)",Circuito Interior - Ribera de San Cosme,RTP,Miguel Hidalgo,False,0.003191
