{"type": "FeatureCollection", "features": [{"type": "Feature", "properties": {"nombre": "Nezahualcóyotl", "cob_baseline": 39.79, "cob_mb": 48.64, "delta_mb": 8.85, "categoria_baseline": "media", "categoria_mb": "media", "area_total_km2": 63.4, "km2_ganados": 5.61}, "geometry": {"type": "Polygon", "coordinates": [[[-98.965588469, 19.373227699000005], [-98.985319576, 19.368930323], [-98.988458433, 19.369009625], [-98.989172502, 19.366345918], [-98.991641876, 19.36746074], [-98.99236345900002, 19.367886569000003], [-98.993941541, 19.368818623], [-98.995023936, 19.369452887999994], [-98.997047563, 19.370614201000006], [-98.99803272100002, 19.371188893], [-98.999629693, 19.372097077], [-99.002679362, 19.373859803999995], [-99.003953215, 19.374586318000002], [-99.005876566, 19.375705846999995], [-99.006858647, 19.376265604999997], [-99.00789604700002, 19.37687057400001], [-99.008800728, 19.377540200999995], [-99.009409411, 19.378058765000002], [-99.010633029, 19.378664444999995], [-99.01296464700002, 19.379900934999995], [-99.014640226, 19.380788134999992], [-99.015660016, 19.38132699799999], [-99.016836709, 19.381970057], [-99.017272871, 19.382217156999996], [-99.018079302, 19.382625011], [-99.019387791, 19.38323231], [-99.020646083, 19.383809826999997], [-99.023307041, 19.385042235999997], [-99.025914692, 19.386241858999995], [-99.028509825, 19.387411669999995], [-99.031484705, 19.388768968999997], [-99.033135342, 19.389507122000005], [-99.035802761, 19.390736368], [-99.038121877, 19.391792946999995], [-99.041081226, 19.393147112999998], [-99.044068863, 19.394495268999997], [-99.047075382, 19.395858259], [-99.050472297, 19.397418728000005], [-99.052626051, 19.398411893999995], [-99.055996001, 19.399955517], [-99.05799679900001, 19.400822116999997], [-99.057969903, 19.402411421999997], [-99.0579426, 19.402846903999997], [-99.057621919, 19.40560873], [-99.057500748, 19.406837029], [-99.057203561, 19.409520686], [-99.056930003, 19.412490926], [-99.056620954, 19.414962429], [-99.056370736, 19.417419026], [-99.056022649, 19.420500944999997], [-99.055905341, 19.42161758], [-99.05581534400001, 19.421921918999995], [-99.055760185, 19.422132808999997], [-99.055468109, 19.422709381], [-99.055172897, 19.423426087999992], [-99.054911195, 19.424481595], [-99.054081994, 19.426436702], [-99.053243169, 19.428241823999997], [-99.05213291000001, 19.430766806], [-99.051152689, 19.43314373], [-99.04999273700001, 19.435776531999995], [-99.048863972, 19.438275841], [-99.048457757, 19.439143554], [-99.045894292, 19.440786738000003], [-99.045837145, 19.440992819999998], [-99.045831492, 19.441182258000005], [-99.046152408, 19.441861066], [-99.046610741, 19.442730028], [-99.047781328, 19.443532982], [-99.048799369, 19.445711118999995], [-99.050603128, 19.449862568999997], [-99.050926946, 19.450232798], [-99.0509311, 19.450236737], [-99.05177477300002, 19.452312483], [-99.052630878, 19.45423853099999], [-99.053649099, 19.45656239], [-99.054850208, 19.45926435499999], [-99.056034729, 19.461919045], [-99.056022301, 19.462009651999995], [-99.057181962, 19.464723431999996], [-99.057672391, 19.465731721999997], [-99.057996568, 19.466377653999995], [-99.059193678, 19.469107164999997], [-99.060170523, 19.471348272], [-99.0612471, 19.473656307999995], [-99.062007841, 19.475424767000003], [-99.062577359, 19.476724521], [-99.062668892, 19.477130230999993], [-99.063421294, 19.478737178999996], [-99.063995004, 19.480076317999995], [-99.064581236, 19.481545446], [-99.065106906, 19.482641599], [-99.065698178, 19.484002373000003], [-99.066698046, 19.486178413], [-99.067649765, 19.488418401999997], [-99.067911691, 19.489054164999995], [-99.06806331900002, 19.489235965], [-99.067151779, 19.491336447999995], [-99.066243297, 19.493413458], [-99.065353344, 19.495475792999997], [-99.064395369, 19.497658404999996], [-99.063941058, 19.49860011], [-99.057630065, 19.495913317], [-99.02896895, 19.484607855999993], [-99.028883757, 19.482443457999995], [-99.027592463, 19.434433357], [-98.99832216, 19.428168106], [-98.990676241, 19.42672869], [-98.98327068, 19.425442607999997], [-98.984108517, 19.423901829], [-98.984760262, 19.422819671999996], [-98.985869237, 19.420451997000004], [-98.98605559, 19.420015962999997], [-98.98623185, 19.419532482], [-98.988562686, 19.414245837999992], [-98.988672245, 19.413947615000005], [-98.988815712, 19.413649393999997], [-98.988862217, 19.41330598], [-98.988909287, 19.413052939], [-98.988830344, 19.412777296999998], [-98.988693492, 19.412481318], [-98.985277818, 19.406579728], [-98.984882609, 19.405915455], [-98.984380267, 19.405115611999996], [-98.978809938, 19.395784044999992], [-98.978488008, 19.395212397999995], [-98.978103313, 19.394688189], [-98.97791344100001, 19.394435122], [-98.977584588, 19.394392155], [-98.977231259, 19.394346924], [-98.97671374500001, 19.394258745], [-98.976114034, 19.394215739999996], [-98.975514878, 19.394287958999996], [-98.97502743, 19.394403117999993], [-98.974240444, 19.394590532], [-98.973772323, 19.394730542999998], [-98.972521198, 19.394002856000004], [-98.97048483, 19.392843504000002], [-98.970708472, 19.392177038999996], [-98.970107575, 19.391903563], [-98.96916299, 19.391519320000004], [-98.968865941, 19.392047951], [-98.968579978, 19.391864897], [-98.968177637, 19.391684080999994], [-98.967673506, 19.391410613999998], [-98.967000327, 19.391161967], [-98.966442414, 19.390775520000002], [-98.972364522, 19.384461701], [-98.966369376, 19.374031634], [-98.965588469, 19.373227699000005]]]}}, {"type": "Feature", "properties": {"nombre": "Tlalnepantla de Baz", "cob_baseline": 53.94, "cob_mb": 58.85, "delta_mb": 4.91, "categoria_baseline": "media", "categoria_mb": "media", "area_total_km2": 83.7, "km2_ganados": 4.11}, "geometry": {"type": "MultiPolygon", "coordinates": [[[[-99.089832954, 19.544490772000003], [-99.089704982, 19.544237794999997], [-99.089593152, 19.543869586999996], [-99.089544321, 19.543478755], [-99.089471467, 19.543087935], [-99.089464191, 19.542857491], [-99.089353634, 19.542374059], [-99.08913069, 19.541545010999997], [-99.088821895, 19.540598523], [-99.088748117, 19.540255147999996], [-99.08872964600002, 19.539771668999993], [-99.08846881600002, 19.538850008], [-99.08811901, 19.53767535], [-99.087537367, 19.536638619999998], [-99.086110083, 19.534777653999996], [-99.084440365, 19.533332497], [-99.084077662, 19.532941808999997], [-99.08369523, 19.53255113], [-99.079740765, 19.528594411], [-99.086095038, 19.524911347], [-99.088128577, 19.523855278999996], [-99.088738872, 19.523328566000004], [-99.08970728, 19.522501188], [-99.090656319, 19.521996892999997], [-99.087667872, 19.514743780999996], [-99.090451881, 19.509714256999995], [-99.091924589, 19.510244415999992], [-99.092555761, 19.510484613000003], [-99.094594733, 19.511313638999997], [-99.09487117600001, 19.511403797], [-99.095139336, 19.511618400999996], [-99.096658645, 19.512430079000005], [-99.097199109, 19.512730668], [-99.099303301, 19.512176396], [-99.102148771, 19.511532452000004], [-99.103951899, 19.511088518], [-99.10490126, 19.510642132], [-99.105522558, 19.510688599999998], [-99.107622458, 19.51084723], [-99.112195563, 19.511298231999994], [-99.115125264, 19.511908936000005], [-99.11774784900001, 19.514086817000003], [-99.11912285, 19.51416653], [-99.121249247, 19.516485694000004], [-99.12373453300002, 19.518892893000004], [-99.12361075300001, 19.51898692399999], [-99.12603138, 19.521179035], [-99.126065597, 19.521337805], [-99.126116507, 19.521616550000005], [-99.126289033, 19.521832723999992], [-99.126502076, 19.521995998], [-99.126553046, 19.522351649999997], [-99.126766239, 19.522711991], [-99.126827256, 19.522947470999995], [-99.12730959900001, 19.523903636999997], [-99.128081271, 19.525321026], [-99.12842087600002, 19.526269111], [-99.127588064, 19.532137016999993], [-99.127553046, 19.534830168], [-99.130515162, 19.535857775], [-99.126345389, 19.541462673], [-99.125118297, 19.542715882], [-99.12472859, 19.543573030999994], [-99.124136512, 19.544336965999996], [-99.123494153, 19.544952999], [-99.123518217, 19.544814972000005], [-99.122908789, 19.54533486], [-99.122485454, 19.546516532], [-99.121338373, 19.549022509999997], [-99.120763513, 19.550002143999997], [-99.120344284, 19.550798392], [-99.119936278, 19.551835514999993], [-99.11852275600002, 19.552684783], [-99.116035117, 19.554252635000005], [-99.115834219, 19.555908648], [-99.1161136, 19.556919560000004], [-99.11366661900001, 19.558748227], [-99.112317975, 19.561522969000002], [-99.108160074, 19.565122450000004], [-99.111911749, 19.569107133], [-99.113389609, 19.574221993999995], [-99.100216025, 19.572342243], [-99.098922876, 19.569344895], [-99.091375995, 19.552270971000002], [-99.091353922, 19.551672271999998], [-99.091495123, 19.551193233], [-99.091615602, 19.550824909], [-99.091699018, 19.550321046], [-99.091791965, 19.549817178999998], [-99.091878957, 19.549403686], [-99.091915035, 19.548807216], [-99.091944518, 19.548348567], [-99.091972142, 19.547636877999995], [-99.091928711, 19.547200858999997], [-99.091296525, 19.546573098], [-99.091096182, 19.546295306999994], [-99.09087172100001, 19.546017527999993], [-99.090671379, 19.545739736999995], [-99.090417928, 19.545439378999998], [-99.090281062, 19.545138962999992], [-99.089832954, 19.544490772000003]]], [[[-99.209142919, 19.588752811], [-99.207990725, 19.588781255], [-99.206930257, 19.588809586000004], [-99.205952304, 19.588790371999995], [-99.20518708000002, 19.588770910999997], [-99.204092953, 19.58879926399999], [-99.203235246, 19.588709862000005], [-99.202537942, 19.588712905999998], [-99.201976236, 19.588645758], [-99.201588423, 19.588555822000004], [-99.200876562, 19.588583727], [-99.200339779, 19.588699547000008], [-99.199904204, 19.588770067999995], [-99.199715685, 19.588840314], [-99.199106272, 19.588981062], [-99.198530709, 19.589121771], [-99.197979706, 19.589307637], [-99.197288797, 19.589631468999993], [-99.196878831, 19.589907547], [-99.196521539, 19.590138382], [-99.196232194, 19.590416587], [-99.195935354, 19.590096093999996], [-99.19547357, 19.589708001999995], [-99.1951182, 19.589319792999998], [-99.19486998, 19.589067024], [-99.194368808, 19.5885886], [-99.193921345, 19.588130451], [-99.193371561, 19.587582039999997], [-99.192948135, 19.587126121999997], [-99.192408232, 19.586622882], [-99.191455676, 19.585894153], [-99.191372993, 19.585801609999997], [-99.191380952, 19.585435600999993], [-99.19137466600002, 19.584150084], [-99.19140984, 19.583415784999996], [-99.191540635, 19.582428345999997], [-99.191716867, 19.581806861], [-99.191791214, 19.581142557], [-99.191871457, 19.580706433], [-99.191927508, 19.580292927000002], [-99.192051323, 19.579856756], [-99.192155714, 19.579443199000004], [-99.192260391, 19.579029642], [-99.192345426, 19.578616105], [-99.19236384, 19.57838564], [-99.192337826, 19.57799707299999], [-99.1921631, 19.577952074], [-99.191746208, 19.577837294999995], [-99.190301926, 19.577522526999992], [-99.188649472, 19.577255408999996], [-99.187714214, 19.577075643], [-99.187190613, 19.576940631000003], [-99.186502423, 19.576783194999997], [-99.185998177, 19.5766459], [-99.185460156, 19.576488305000005], [-99.185076783, 19.576328291000003], [-99.184659391, 19.576100532000005], [-99.184125412, 19.575805113], [-99.183736981, 19.575554731], [-99.183450361, 19.575372021], [-99.18324174100002, 19.575281861999997], [-99.182848892, 19.575169298000002], [-99.182257996, 19.57512471], [-99.181638238, 19.575105001999997], [-99.180892436, 19.575085416999997], [-99.179948198, 19.575043435999998], [-99.178989787, 19.575116685999994], [-99.178297713, 19.575142223], [-99.177658986, 19.57521289], [-99.177344738, 19.57530583], [-99.176924621, 19.575538947000002], [-99.176272797, 19.575930439], [-99.175456576, 19.576392125999995], [-99.174664471, 19.576763414999995], [-99.174321764, 19.576994191999994], [-99.173698795, 19.577365313], [-99.173283766, 19.577641343], [-99.172998857, 19.577804284], [-99.17238975, 19.578035313000004], [-99.172052013, 19.578193783999996], [-99.171553119, 19.578332074999995], [-99.170754193, 19.578490982000005], [-99.170230982, 19.578536662], [-99.169834176, 19.578559628000004], [-99.169262767, 19.578650536000005], [-99.168546001, 19.578786763999993], [-99.16796982600002, 19.578879931], [-99.167316177, 19.578923464999995], [-99.16673018, 19.579016636999995], [-99.166241265, 19.579037422], [-99.165650451, 19.579083151], [-99.164982215, 19.579128948999998], [-99.164614176, 19.579127026], [-99.164401195, 19.579149813], [-99.16431872, 19.579242517999997], [-99.164255616, 19.579540798999997], [-99.164231012, 19.579723823000002], [-99.164109966, 19.579861747999992], [-99.163921204, 19.579791883000002], [-99.163626089, 19.579586556999995], [-99.163185714, 19.579333917], [-99.162266789, 19.578690854], [-99.16182173, 19.578230362], [-99.16132364400002, 19.577656954], [-99.160869034, 19.577173875], [-99.160429157, 19.576738228], [-99.16003225, 19.576462949], [-99.159761574, 19.576277927999996], [-99.159248412, 19.576163158999996], [-99.1586676, 19.576093633999996], [-99.158251257, 19.576023962], [-99.157883518, 19.575931654000005], [-99.157384856, 19.575724235999996], [-99.156997809, 19.575679388000005], [-99.156116687, 19.575632708], [-99.155802049, 19.575630721], [-99.155453492, 19.575653614], [-99.154775351, 19.575699383], [-99.153928332, 19.575720441], [-99.153560303, 19.575720753999995], [-99.153153614, 19.575673655], [-99.152771263, 19.575651386999994], [-99.152369342, 19.575604281999997], [-99.151812635, 19.575512120999996], [-99.151406212, 19.575442425], [-99.150680209, 19.575282625], [-99.15003622, 19.575143086], [-99.149349001, 19.574958396000003], [-99.148700736, 19.574728486], [-99.147926367, 19.574428639000004], [-99.147292367, 19.574153525999996], [-99.146866777, 19.573968613], [-99.145777946, 19.573533456], [-99.145579453, 19.573440986], [-99.145289126, 19.573325997], [-99.144776246, 19.573186334], [-99.14451017900001, 19.573118769], [-99.144205266, 19.573003790000005], [-99.143837324, 19.572773638], [-99.143130597, 19.572618888], [-99.144979625, 19.571054945999997], [-99.146067436, 19.569883034], [-99.146610932, 19.568850494], [-99.146252509, 19.5661316], [-99.146927982, 19.564827517999994], [-99.149745602, 19.562079729999997], [-99.151306013, 19.561045488], [-99.15182404, 19.561933014999997], [-99.154178091, 19.561583684], [-99.155125867, 19.561082781999996], [-99.156088291, 19.560307878], [-99.157239483, 19.559686781000003], [-99.158371916, 19.557884430000005], [-99.158331164, 19.556987126999996], [-99.157968801, 19.556257236], [-99.157545422, 19.555409781], [-99.158510372, 19.553378789000003], [-99.159492911, 19.551829774000005], [-99.161076403, 19.549306986999998], [-99.160408788, 19.548944743000003], [-99.159160718, 19.548945846999995], [-99.158103405, 19.548607110000003], [-99.15827611000002, 19.548120106], [-99.156603429, 19.547470536999995], [-99.15473941000002, 19.546543723999996], [-99.153054696, 19.545763928999996], [-99.152768014, 19.545713220000003], [-99.151125034, 19.544842793], [-99.153987006, 19.540260547], [-99.154613057, 19.539274981], [-99.155801105, 19.538052222999998], [-99.157905503, 19.535462212], [-99.158024645, 19.535173392], [-99.15862262, 19.533962953], [-99.155758271, 19.532496948000002], [-99.15865816300001, 19.528885470999995], [-99.156806439, 19.528115761999995], [-99.15964001900001, 19.526980632000004], [-99.164704468, 19.528409297], [-99.169871654, 19.529942403000003], [-99.173663094, 19.531194185999997], [-99.17493173200002, 19.531644632999996], [-99.176092817, 19.531910691999997], [-99.176299883, 19.531045317], [-99.173989987, 19.529431716], [-99.171176444, 19.527373253], [-99.172423187, 19.526195177], [-99.17488983, 19.523883558], [-99.174407266, 19.523585824999998], [-99.174140471, 19.523500201], [-99.169939096, 19.5221128], [-99.167773966, 19.52081467599999], [-99.16470886, 19.518980588], [-99.16314801, 19.518045656], [-99.161138539, 19.512783568000003], [-99.157138863, 19.502803707], [-99.169274856, 19.506740847], [-99.169241262, 19.507019776000003], [-99.170400682, 19.507584140999995], [-99.173104429, 19.508605363], [-99.17387703, 19.508056401], [-99.174621942, 19.507672588], [-99.175408793, 19.507427438999994], [-99.176745213, 19.506527846], [-99.177364875, 19.506276245000002], [-99.18252088900002, 19.507611951], [-99.183817096, 19.508145652], [-99.184855231, 19.508369166000005], [-99.185245539, 19.508573524999996], [-99.185587144, 19.508824169000004], [-99.188548872, 19.509963787], [-99.191855186, 19.5107176], [-99.192834371, 19.5113001], [-99.196750872, 19.512735789999997], [-99.201844707, 19.514196505999994], [-99.202869146, 19.514558637999997], [-99.204834203, 19.515091435], [-99.20598949, 19.514257885], [-99.207110224, 19.513648937], [-99.20860691, 19.512887633999995], [-99.210324548, 19.51062671], [-99.210789565, 19.509324967999994], [-99.211080392, 19.507990405], [-99.211503569, 19.506662287999998], [-99.211938407, 19.503597022999998], [-99.213585708, 19.49821839499999], [-99.213688778, 19.498832857999993], [-99.213660262, 19.500050646000002], [-99.213666218, 19.501175763999996], [-99.21361015, 19.502023062], [-99.213670256, 19.502872482], [-99.21363991400001, 19.504731909], [-99.218009853, 19.506536384], [-99.220474951, 19.507644965000004], [-99.22063039900002, 19.507439180999995], [-99.220949569, 19.507576606999997], [-99.221181538, 19.5077164], [-99.221321315, 19.507831451999998], [-99.221441392, 19.508106938], [-99.221590283, 19.508475018], [-99.22169031, 19.50893353], [-99.221742562, 19.509231692], [-99.22174224, 19.509414694], [-99.221712628, 19.509575139000003], [-99.221600771, 19.509667907000004], [-99.220813393, 19.510606472], [-99.221963472, 19.511321257], [-99.223185388, 19.512151168999992], [-99.224098395, 19.512680972], [-99.224943551, 19.513280892000004], [-99.227069534, 19.514550211], [-99.228022149, 19.514896940999993], [-99.229129082, 19.515385807], [-99.229442563, 19.515731079000002], [-99.229586522, 19.51603138099999], [-99.229743833, 19.516675076], [-99.22974588400001, 19.517316708], [-99.229724328, 19.517845407000003], [-99.229830067, 19.518075719], [-99.229979958, 19.518120714], [-99.230154188, 19.518122751999996], [-99.23050302300001, 19.518122308], [-99.230564289, 19.51851308499999], [-99.23098989, 19.518675210000005], [-99.231502669, 19.51881463], [-99.232368741, 19.519003299], [-99.233128253, 19.519189841], [-99.233688668, 19.519512194999997], [-99.235580349, 19.520002263], [-99.236997755, 19.520350598999997], [-99.237196387, 19.52035259799999], [-99.237186383, 19.52042039], [-99.237161832, 19.520513051999995], [-99.237137216, 19.520626047999997], [-99.236966005, 19.521062312999998], [-99.236765036, 19.521681619], [-99.236513613, 19.522737030000002], [-99.242861347, 19.52062523], [-99.243481813, 19.520488838999995], [-99.245741842, 19.519670183], [-99.245965695, 19.519396505999993], [-99.246334858, 19.519097779000003], [-99.246819809, 19.518916376], [-99.247747326, 19.518323177], [-99.248446061, 19.517958474999997], [-99.24887272000001, 19.517867516999996], [-99.249269389, 19.517984452999993], [-99.249685311, 19.518101362], [-99.250473752, 19.518310383999996], [-99.251386884, 19.518842306999996], [-99.252547435, 19.519303841999992], [-99.253113119, 19.519558349], [-99.253795527, 19.519607097000005], [-99.254333429, 19.519586008], [-99.254871225, 19.519497138999995], [-99.255326943, 19.519338346999994], [-99.256024665, 19.519246988999992], [-99.256687619, 19.519410976], [-99.257165851, 19.519688188], [-99.257436327, 19.519918249], [-99.257632981, 19.520356269], [-99.257806503, 19.520631653], [-99.257887494, 19.520977205999998], [-99.258045629, 19.521345242999995], [-99.258189713, 19.521688447], [-99.25847926, 19.521920737999995], [-99.258813036, 19.522035483999996], [-99.259263001, 19.522152322], [-99.259437271, 19.522176923999996], [-99.259431864, 19.522312487999997], [-99.259417107, 19.522382546999996], [-99.25938247900001, 19.522543005], [-99.259415844, 19.522725958], [-99.259472828, 19.522956322999995], [-99.258806907, 19.523574059000005], [-99.25852104, 19.523619652999997], [-99.258283647, 19.523640325999995], [-99.257852462, 19.52370872], [-99.257556599, 19.523822105], [-99.257357303, 19.524005389999996], [-99.257113904, 19.524326552999998], [-99.256866374, 19.524507647], [-99.256681803, 19.524600538999994], [-99.256415457, 19.524576064999994], [-99.256280016, 19.524576257], [-99.256115004, 19.524621675999995], [-99.255974273, 19.524712246999997], [-99.255876793, 19.5248502], [-99.255847128, 19.525078429], [-99.255927951, 19.525378798], [-99.255901786, 19.525952690999997], [-99.256020864, 19.526456339999996], [-99.256014972, 19.526709386999997], [-99.256076789, 19.526984931], [-99.256095263, 19.527215351], [-99.256046142, 19.527375829000004], [-99.255934575, 19.527466358], [-99.25570216, 19.527444094], [-99.255228208, 19.527234650999997], [-99.255001117, 19.527142341999998], [-99.254837015, 19.526979905000005], [-99.254730632, 19.526912276999997], [-99.254614691, 19.526887588], [-99.254430172, 19.526955626], [-99.25429427700001, 19.527093633000003], [-99.254235313, 19.527299309999997], [-99.254225259, 19.527391954000002], [-99.254166961, 19.527414629], [-99.254055573, 19.527437378], [-99.251676897, 19.527635003000004], [-99.251449249, 19.527612727], [-99.2513477, 19.527588015999996], [-99.251265373, 19.527542945], [-99.251222086, 19.527472967999998], [-99.251203347, 19.527312585000004], [-99.251276864, 19.527084296], [-99.251335616, 19.526923805999996], [-99.251331767, 19.526715957999997], [-99.251230304, 19.526623468999997], [-99.251080613, 19.526531047], [-99.250930492, 19.526531255], [-99.250692976, 19.526599363], [-99.249864262, 19.5267564], [-99.24930680800001, 19.526847541], [-99.249146938, 19.526892947], [-99.248981957, 19.526960951999996], [-99.24892842400001, 19.526983618999996], [-99.248894743, 19.526961072000002], [-99.24883681400001, 19.526913706999988], [-99.248803099, 19.526868568], [-99.248968906, 19.526592708], [-99.249095273, 19.526454717999993], [-99.249187746, 19.526341626999997], [-99.24926065, 19.526271489000003], [-99.24917854100002, 19.526181231], [-99.24901405, 19.526134012999997], [-99.248873709, 19.526109354999996], [-99.248694243, 19.526179638999995], [-99.248216905, 19.526864855], [-99.248100102, 19.527025424], [-99.248007811, 19.527070735999995], [-99.247940232, 19.527070829], [-99.247891968, 19.527048302], [-99.247867964, 19.526933112000005], [-99.247980831, 19.526566954999996], [-99.248137781, 19.526108107], [-99.248221081, 19.525854953999996], [-99.248187583, 19.525764629], [-99.248187979, 19.525649405], [-99.248120328, 19.525602053], [-99.247965477, 19.525624858], [-99.247848855, 19.525715388999995], [-99.247761368, 19.525785547], [-99.247668894, 19.525898637000004], [-99.247245873, 19.526265219], [-99.247115662, 19.526195359000003], [-99.246960707, 19.526150385], [-99.246810835, 19.526125737999994], [-99.246718726, 19.526103271], [-99.246660005, 19.526286352], [-99.246509052, 19.526492151999996], [-99.246295554, 19.526560221], [-99.246082369, 19.526583105000004], [-99.245854753, 19.526581155], [-99.24567088, 19.526511366999998], [-99.245472893, 19.526373820000003], [-99.245371781, 19.526258734999992], [-99.245182868, 19.526258991], [-99.244993395, 19.526394804], [-99.244725176, 19.526898986], [-99.244671183, 19.527059467999994], [-99.244607407, 19.527242555], [-99.244335713, 19.527403331], [-99.243941943, 19.527769865], [-99.243596339, 19.528158927], [-99.243154983, 19.528385449000005], [-99.24221476, 19.528497415000004], [-99.241773553, 19.528633562], [-99.24117283900001, 19.528677290999994], [-99.240693333, 19.528698263], [-99.24026689300001, 19.528766609], [-99.23997599, 19.528832513999998], [-99.239709088, 19.52901587], [-99.23941769, 19.529199256999995], [-99.239005762, 19.529220136], [-99.238628517, 19.529103152], [-99.238367222, 19.529080904], [-99.238154028, 19.529101517999997], [-99.237979039, 19.529239564999997], [-99.237968598, 19.529399987], [-99.237987577, 19.529537778], [-99.237463669, 19.529766652999996], [-99.237153413, 19.52983258], [-99.236799534, 19.529855635999994], [-99.236449708, 19.530174652], [-99.236245769, 19.530267549], [-99.236027403, 19.530403391], [-99.23578884, 19.530677074999993], [-99.23554128, 19.530860399000005], [-99.235365723, 19.531136259], [-99.235368454, 19.531640074], [-99.235593734, 19.532261081], [-99.235770307, 19.532882150999995], [-99.235903544, 19.533525871], [-99.236084074, 19.534375122], [-99.236283518, 19.535316978999994], [-99.236364284, 19.535730321000003], [-99.236337486, 19.536573064999992], [-99.236143183, 19.536939321], [-99.23608474, 19.537260214999993], [-99.236127654, 19.537535789999996], [-99.236248446, 19.537811264], [-99.236267188, 19.538179501000002], [-99.23630060300002, 19.538477681], [-99.23638691, 19.53902883099999], [-99.236444198, 19.539487387999998], [-99.236583792, 19.540038467999995], [-99.236709046, 19.540496936999997], [-99.236805479, 19.540865072], [-99.23695959300001, 19.541370947], [-99.237060723, 19.541691631000003], [-99.237224498, 19.542220085999993], [-99.237330381, 19.542726024], [-99.237450526, 19.543207090999996], [-99.237624223, 19.54380331], [-99.237710741, 19.54410368], [-99.237903443, 19.544722467000003], [-99.238077226, 19.545180870000003], [-99.23818778, 19.545619022999997], [-99.23828418200002, 19.545962304999996], [-99.238563422, 19.547019275000004], [-99.238650226, 19.547317384], [-99.238814035, 19.547730613999995], [-99.238973359, 19.54807607199999], [-99.239127948, 19.548441869000005], [-99.239214352, 19.548855202], [-99.239276907, 19.549062971999998], [-99.239536543, 19.550393338], [-99.237700586, 19.550644282999997], [-99.236949968, 19.550713046999995], [-99.236150856, 19.550802206], [-99.234790007, 19.550984721], [-99.234934118, 19.551558388999997], [-99.235069319, 19.551903881], [-99.235286294, 19.552432267999997], [-99.235440661, 19.552845513], [-99.235561062, 19.553303987999996], [-99.235609127, 19.553579555999992], [-99.23568978200001, 19.554566751999996], [-99.235747242, 19.555140530999996], [-99.235857674, 19.555691648999996], [-99.23590457700001, 19.556608850999996], [-99.23537693700001, 19.556562095000004], [-99.234970249, 19.556562624], [-99.234539119, 19.556538332999995], [-99.234161411, 19.556538823], [-99.233774039, 19.556514473], [-99.233396263, 19.556467516999998], [-99.232781335, 19.556445717999992], [-99.231982568, 19.556397042], [-99.231541655, 19.556397608000005], [-99.231120346, 19.556373296000004], [-99.230786328, 19.556326279000004], [-99.230500838, 19.556281457999997], [-99.230108764, 19.556234513], [-99.229794068, 19.556164876999997], [-99.229223131, 19.556104602], [-99.228762704, 19.555989962999995], [-99.228632229, 19.556014979999997], [-99.22822170300002, 19.556200759999996], [-99.227956142, 19.556361504], [-99.227782322, 19.556476945999997], [-99.227421209, 19.556823068999996], [-99.226731294, 19.557307420999997], [-99.225934986, 19.557794162], [-99.225447484, 19.558092994999996], [-99.225186655, 19.558233394999995], [-99.224881971, 19.558303811999995], [-99.22468316700001, 19.55821143], [-99.224435301, 19.558006144], [-99.223973667, 19.557640715999998], [-99.223497389, 19.557300156], [-99.222991813, 19.556867000999993], [-99.222548713, 19.556386322999998], [-99.222349916, 19.556296197], [-99.222195001, 19.556296388], [-99.221958005, 19.556366717], [-99.221697141, 19.55648226], [-99.221407392, 19.556597838999995], [-99.220962948, 19.556806235999996], [-99.220489839, 19.55703726], [-99.219832326, 19.55724817399999], [-99.220096003, 19.557659039999994], [-99.220290857, 19.557934433000003], [-99.220475512, 19.558069764000003], [-99.220723277, 19.558275054999996], [-99.221223232, 19.558502629999996], [-99.221630367, 19.558615093999997], [-99.221838607, 19.558637430999998], [-99.222095849, 19.558729745], [-99.222164676, 19.558935252999998], [-99.222166291, 19.559278659999993], [-99.222148206, 19.55950912799999], [-99.22208573, 19.559624428000003], [-99.221926488, 19.559739847], [-99.221366201, 19.560016165], [-99.221182778, 19.560086427], [-99.220618167, 19.560480231000003], [-99.220347035, 19.560480562], [-99.220186906, 19.560365534999995], [-99.219769221, 19.560137858], [-99.219502386, 19.560002625999996], [-99.219113494, 19.559704875], [-99.218244356, 19.559159183999995], [-99.217685497, 19.558726078999996], [-99.217117103, 19.558360760999996], [-99.216320653, 19.557837566999993], [-99.214746151, 19.559588121999997], [-99.214520066, 19.559841429], [-99.214332431, 19.560117283], [-99.214313486, 19.560209935000003], [-99.214411506, 19.560438005], [-99.214528879, 19.560666052], [-99.21515295300001, 19.561535128999992], [-99.215406462, 19.561903086999997], [-99.215645196, 19.562198767], [-99.216069252, 19.562772113999994], [-99.216312438, 19.563045195], [-99.21650258800001, 19.563295745999998], [-99.216717648, 19.563708934], [-99.216913356, 19.564122145000002], [-99.217124404, 19.564670893999995], [-99.217315378, 19.565106703], [-99.217442669, 19.565402514], [-99.21747743, 19.565587732], [-99.217444277, 19.56574818], [-99.217392116, 19.56595383699999], [-99.217239304, 19.566392318999995], [-99.217162327, 19.566505375], [-99.217061045, 19.566552941], [-99.21691088700001, 19.566553121999995], [-99.214702451, 19.566402132], [-99.21362234, 19.566315301999996], [-99.212755907, 19.566318585], [-99.213141346, 19.566959763], [-99.213415747, 19.567623664], [-99.213601947, 19.568059482], [-99.213773561, 19.568495317999997], [-99.213981593, 19.569434927000003], [-99.214129458, 19.570006346999996], [-99.214243707, 19.57053488], [-99.21446912000002, 19.571131058999995], [-99.21473397, 19.571772375999995], [-99.215234119, 19.573055044], [-99.212372736, 19.574029919999997], [-99.212446731, 19.574328055999995], [-99.212496168, 19.574510998], [-99.212619102, 19.574901707], [-99.212756305, 19.575267545999996], [-99.212893982, 19.575703422], [-99.212982883, 19.576024133], [-99.213105878, 19.576460027000003], [-99.213175455, 19.576803352999992], [-99.21316726600001, 19.577101586], [-99.213163689, 19.577354627999995], [-99.21319424, 19.577675407999998], [-99.213258675, 19.577950962], [-99.213380827, 19.578179004], [-99.213483248, 19.578339289999995], [-99.213667858, 19.578499480000005], [-99.213876909, 19.578612195], [-99.214153683, 19.57881746], [-99.214241304, 19.578887392999995], [-99.214329109, 19.579025104], [-99.214471027, 19.579345750999995], [-99.214681333, 19.579756687000003], [-99.214779368, 19.579987015999997], [-99.215130937, 19.580580783999995], [-99.215306485, 19.580878797], [-99.215555916, 19.581382316000003], [-99.21568328600002, 19.581657794], [-99.215917721, 19.5820687], [-99.216205927, 19.582617356], [-99.216455458, 19.58312087199999], [-99.216733757, 19.583601761999997], [-99.21695443400002, 19.584130163999998], [-99.21719437, 19.584656284], [-99.217328117, 19.585275161], [-99.21744633300001, 19.585688463999997], [-99.21751080900002, 19.585986609], [-99.21753133, 19.58621477], [-99.217527539, 19.586445219999995], [-99.217465868, 19.586673479999998], [-99.217379664, 19.586881435999995], [-99.217259641, 19.587112025], [-99.2171399, 19.587340354999995], [-99.216995627, 19.587548381000005], [-99.216837141, 19.587824202], [-99.216509595, 19.58817026299999], [-99.21529364, 19.590010759], [-99.214895983, 19.590844901999994], [-99.214677443, 19.591211163000004], [-99.214497906, 19.591509598999995], [-99.214104594, 19.59217429], [-99.213706353, 19.592791540999997], [-99.213375918, 19.593273155], [-99.213288593, 19.593433666], [-99.213264403, 19.593456288], [-99.212977769, 19.593892664], [-99.212040669, 19.595312585999995], [-99.211797932, 19.595633686], [-99.211757262, 19.596089032999995], [-99.211439216, 19.595423996000005], [-99.21119187, 19.594990507], [-99.21099729, 19.594509512000002], [-99.210817303, 19.594030758999995], [-99.210713701, 19.59348188], [-99.210647641, 19.592838067], [-99.210552695, 19.592198805999995], [-99.210454586, 19.591692846000004], [-99.210410099, 19.591211675], [-99.210237342, 19.590789393999998], [-99.210216801, 19.590538640000002], [-99.21007438, 19.59012536], [-99.20996559800001, 19.589621671000003], [-99.209827224, 19.589093165], [-99.20973867, 19.588819896999997], [-99.209142919, 19.588752811]]]]}}, {"type": "Feature", "properties": {"nombre": "Ecatepec de Morelos", "cob_baseline": 45.46, "cob_mb": 45.86, "delta_mb": 0.4, "categoria_baseline": "media", "categoria_mb": "media", "area_total_km2": 156.26, "km2_ganados": 0.63}, "geometry": {"type": "Polygon", "coordinates": [[[-98.97589934200002, 19.643875741999995], [-98.975982978, 19.642688286999995], [-98.976544267, 19.641039099999997], [-98.977257297, 19.638721187], [-98.97804898, 19.635809095], [-98.978224947, 19.635167485], [-98.978420577, 19.634410655], [-98.978577776, 19.63358378299999], [-98.978943593, 19.632551342], [-98.978911859, 19.631611484000004], [-98.978842601, 19.630258176000005], [-98.978826368, 19.62895006], [-98.979412613, 19.626952936999995], [-98.980086115, 19.624912895], [-98.980296026, 19.624178656], [-98.980453209, 19.623331448], [-98.980551013, 19.622940605], [-98.980946374, 19.621770347], [-98.981546872, 19.619775476], [-98.981860521, 19.618306984000004], [-98.982135453, 19.616748116], [-98.982542223, 19.614775814000005], [-98.98284632800001, 19.613192094999995], [-98.983110812, 19.611976633], [-98.983267367, 19.611402793], [-98.984322569, 19.605691451000002], [-98.987243669, 19.601338064], [-98.987656815, 19.600719052], [-98.992584844, 19.593455755999997], [-98.992866731, 19.593064912999996], [-98.99356162300002, 19.592012116999992], [-98.994290549, 19.590934467], [-98.997290556, 19.586472433999997], [-98.997290735, 19.586472467], [-98.998668192, 19.584423318999995], [-98.998489126, 19.584400724999995], [-98.99828565, 19.584353278], [-98.997990067, 19.584262904000003], [-98.99746240400002, 19.584100229], [-98.997089303, 19.58398726], [-98.99682289800002, 19.583894624999992], [-98.996449894, 19.583779395000004], [-98.996004425, 19.583618976999993], [-98.995626559, 19.583481151999997], [-98.995161738, 19.583273287000004], [-98.994672509, 19.583067678999996], [-98.994004221, 19.582699396000002], [-98.99379112200002, 19.582561572], [-98.993491162, 19.582378559999995], [-98.993287598, 19.582263329999996], [-98.992919659, 19.582010276999995], [-98.992357694, 19.581619399], [-98.992202759, 19.581504169], [-98.992018933, 19.581391197000002], [-98.991742721, 19.581183331], [-98.991500839, 19.580885095], [-98.991370028, 19.580769865999997], [-98.990915051, 19.580378988], [-98.990721412, 19.58017338399999], [-98.990406401, 19.579897735999996], [-98.990188639, 19.579714722000002], [-98.990053064, 19.579576898999996], [-98.989902904, 19.57939163], [-98.989743211, 19.579186025999988], [-98.989433357, 19.578840339000003], [-98.989307607, 19.57865733], [-98.989128564, 19.57840428], [-98.988886408, 19.578060855], [-98.988712133, 19.577807804999996], [-98.988615274, 19.577624797], [-98.988421939, 19.577256522999996], [-98.988204103, 19.576865653], [-98.988068636, 19.576614864], [-98.987850798, 19.576269180000004], [-98.98772, 19.576063576999996], [-98.987618476, 19.575833124], [-98.98751209, 19.575580076999998], [-98.987381304, 19.575236657000005], [-98.987318487, 19.575053651], [-98.987236223, 19.574823198999997], [-98.987149289, 19.574570154], [-98.98705720300002, 19.574364552999995], [-98.986984856, 19.574134100999995], [-98.986844539, 19.573765827999996], [-98.986781721, 19.573605415], [-98.986723582, 19.57335463], [-98.986646184, 19.573101584999993], [-98.986602628, 19.57291858], [-98.986539829, 19.572527719999997], [-98.986491607, 19.572274676999996], [-98.986438236, 19.572021634], [-98.986414425, 19.571723407], [-98.986375732, 19.571540403], [-98.986337044, 19.571287359999996], [-98.98632276, 19.571081765], [-98.986312958, 19.57087391], [-98.986293912, 19.570598276], [-98.98626505500002, 19.570232270999995], [-98.986245732, 19.569864006999996], [-98.986240998, 19.569473150999997], [-98.986246059, 19.56938278], [-98.986270199, 19.569152334999995], [-98.986275274, 19.568899295999994], [-98.986294655, 19.56857848], [-98.986348361, 19.568235073], [-98.986382319, 19.568027221999994], [-98.986416285, 19.567728999], [-98.986484297, 19.567315555999997], [-98.98654267, 19.567017334999996], [-98.98662497800001, 19.566651337999996], [-98.986663987, 19.566466079], [-98.986775478, 19.565984860999997], [-98.986862734, 19.565731826999993], [-98.987008156, 19.565343241000004], [-98.987090742, 19.565067615000004], [-98.987207267, 19.564791991], [-98.987328566, 19.564423736000002], [-98.987469214, 19.564102928], [-98.987565998, 19.563897339999997], [-98.98770664200002, 19.563621717], [-98.987886091, 19.563298652], [-98.9880848, 19.562955255000002], [-98.988278451, 19.562657041999998], [-98.988394966, 19.562474047999995], [-98.988453034, 19.562358827999997], [-98.988583851, 19.562153241999997], [-98.988700365, 19.561967988], [-98.98879724, 19.561784992], [-98.989005476, 19.561464186999995], [-98.989121988, 19.561303784], [-98.98924803500002, 19.561118531000005], [-98.989369028, 19.560935536], [-98.989446733, 19.560845169], [-98.989679178, 19.560592142999994], [-98.989824574, 19.560454334999992], [-98.989989327, 19.560246489999994], [-98.99019278500002, 19.560040907], [-98.990376984, 19.559857915], [-98.990628969, 19.559627480999993], [-98.990783896, 19.559489672999998], [-98.990992501, 19.55928408799999], [-98.99116201600002, 19.559101094999995], [-98.991399508, 19.558870659], [-98.991510865, 19.558755440999995], [-98.991825768, 19.558504675], [-98.992068021, 19.558342017999998], [-98.99238769, 19.558068658], [-98.992610587, 19.557953444], [-98.99277532900001, 19.557860819999995], [-98.992969244, 19.557745604], [-98.993254967, 19.557585205999995], [-98.993501981, 19.557472251], [-98.99378293600002, 19.557334443999995], [-98.99409783, 19.557149194], [-98.994369251, 19.556988792999995], [-98.994645343, 19.556828391999996], [-98.994863183, 19.556715434999994], [-98.995115249, 19.556577625], [-98.99540087300001, 19.556392370999998], [-98.995652938, 19.556279412999995], [-98.99597736, 19.556141605000004], [-98.99630693, 19.556003795], [-98.996563378, 19.555888576999997], [-98.996800855, 19.555795951], [-98.997115741, 19.55572817699999], [-98.997362749, 19.555660402999997], [-98.99772616000001, 19.555567777], [-98.998069931, 19.55547515], [-98.998321706, 19.555384781], [-98.998622005, 19.555292153], [-98.999077505, 19.555201784999994], [-98.999316408, 19.555136267000005], [-98.999587534, 19.555113674999998], [-98.999839593, 19.555091082], [-99.000183363, 19.555091082000004], [-99.000473841, 19.555093341], [-99.000866229, 19.555025561], [-99.001021431, 19.555025559999997], [-99.00141849, 19.555002965000007], [-99.001704201, 19.554957776999995], [-99.001859116, 19.554935182], [-99.002203266, 19.554935177999997], [-99.00241623900001, 19.554912582999997], [-99.002769541, 19.55493743], [-99.003389488, 19.554937418999998], [-99.003660614, 19.554939672999996], [-99.004048235, 19.554939665000003], [-99.004280561, 19.554964511999998], [-99.004566274, 19.555009689999995], [-99.004958377, 19.555034532000004], [-99.00511806, 19.555057121000004], [-99.005500536, 19.555127146999997], [-99.00592658, 19.555197170999993], [-99.006226594, 19.555242346999997], [-99.006545962, 19.555334965999993], [-99.00692844, 19.555427583], [-99.007368786, 19.555520195999996], [-99.007600831, 19.555612817], [-99.007799317, 19.555682845999993], [-99.008094471, 19.555752870999992], [-99.008955823, 19.556098500999997], [-99.009236491, 19.55621371], [-99.009502477, 19.55632892], [-99.00975397300002, 19.55644413], [-99.010102234, 19.55658418699999], [-99.010779692, 19.55685978], [-99.01092451, 19.556952401999997], [-99.01103596100002, 19.557045025999994], [-99.011229306, 19.557160236999998], [-99.011427418, 19.557275448], [-99.011635347, 19.557368065999995], [-99.011823928, 19.557505869999996], [-99.012017274, 19.557621081000004], [-99.012472222, 19.557804051999998], [-99.012500691, 19.556107327999996], [-99.01261210900002, 19.552090311999994], [-99.012717785, 19.546627350999998], [-99.012753029, 19.54022227], [-99.012906126, 19.536711323999995], [-99.013448161, 19.514091256], [-99.013648671, 19.503651034999997], [-99.013593996, 19.490653506000005], [-99.013792167, 19.489797003000003], [-99.013890164, 19.489085316], [-99.014061649, 19.488579218999995], [-99.014253641, 19.488303569], [-99.014532346, 19.487980466999996], [-99.014811339, 19.48770481], [-99.015491793, 19.487356821], [-99.015839313, 19.48721671399999], [-99.016268974, 19.487076598999998], [-99.018763213, 19.486676461000002], [-99.019977039, 19.486601774999997], [-99.021360198, 19.486524800999998], [-99.022332173, 19.486474978999997], [-99.023473281, 19.486355090999997], [-99.02464871, 19.486348157000002], [-99.02538835700001, 19.486275757999998], [-99.026118276, 19.486158170000003], [-99.026630448, 19.486018018999996], [-99.027151764, 19.485855272], [-99.027697271, 19.485622481], [-99.028073348, 19.485391973999995], [-99.028333648, 19.485184078000003], [-99.028694754, 19.484906127000002], [-99.028887401, 19.484723093], [-99.02896895, 19.484607855999993], [-99.057630065, 19.495913317], [-99.063941058, 19.49860011], [-99.065602285, 19.49919788], [-99.067569833, 19.50000964], [-99.070091165, 19.501044085999997], [-99.072665122, 19.502104872999997], [-99.073421876, 19.502418400999996], [-99.074100568, 19.502591193999997], [-99.076943775, 19.503842465999995], [-99.079440531, 19.504982385], [-99.081646466, 19.50593761], [-99.084517631, 19.507194615], [-99.086804066, 19.508179072], [-99.08948348, 19.509353960999995], [-99.090451882, 19.509714257], [-99.087667872, 19.514743780999996], [-99.09065632000001, 19.521996893000004], [-99.08970728, 19.522501188], [-99.088738872, 19.523328566000004], [-99.088128577, 19.523855278999996], [-99.086095038, 19.524911347], [-99.079740767, 19.528594411000004], [-99.08369523, 19.53255113], [-99.084077662, 19.53294181], [-99.084440365, 19.533332497], [-99.086110084, 19.534777653999996], [-99.087537367, 19.536638621], [-99.08811901, 19.537675351000004], [-99.08846881600002, 19.538850008999994], [-99.08872964600002, 19.539771669999997], [-99.088748117, 19.540255147999996], [-99.088821895, 19.540598523], [-99.089130691, 19.541545011999997], [-99.089353634, 19.542374059], [-99.089464192, 19.542857491999996], [-99.089471468, 19.543087935000003], [-99.08954432200001, 19.543478755], [-99.089593153, 19.543869586999996], [-99.089704983, 19.544237794999997], [-99.089832956, 19.544490772], [-99.090281063, 19.545138963], [-99.090417929, 19.54543938], [-99.09067138, 19.545739736999998], [-99.090871722, 19.546017529], [-99.091096183, 19.546295307999998], [-99.091296526, 19.546573098], [-99.091928712, 19.547200859], [-99.091972142, 19.547636879], [-99.091944519, 19.548348567], [-99.091915036, 19.548807217], [-99.091878958, 19.549403685999998], [-99.091791966, 19.549817178999994], [-99.091699018, 19.550321046], [-99.091615603, 19.550824908999992], [-99.091495123, 19.551193233], [-99.091353923, 19.551672272999998], [-99.091375995, 19.552270971000002], [-99.098922877, 19.569344895], [-99.100216026, 19.572342242999998], [-99.113389609, 19.574221993], [-99.11532418, 19.580089294999997], [-99.11724745100001, 19.582039711999997], [-99.118689895, 19.584985654], [-99.11804461, 19.590922627999998], [-99.114802501, 19.592149646000003], [-99.113814927, 19.592028271000004], [-99.113282451, 19.592001495999998], [-99.112865307, 19.592044683000005], [-99.11252084, 19.592112676999996], [-99.112161861, 19.592155827], [-99.11167649, 19.592266832], [-99.111299489, 19.592172176000002], [-99.110820285, 19.59210017499999], [-99.11042391300002, 19.591982935999997], [-99.109964067, 19.591910919999997], [-99.109127478, 19.591699056999996], [-99.108446128, 19.591487096000005], [-99.107812502, 19.591345142], [-99.10745378, 19.591343096999992], [-99.10714555300001, 19.591133167999995], [-99.106791775, 19.591108525999996], [-99.106370487, 19.591083923], [-99.106119168, 19.590989182000005], [-99.105931071, 19.590896662], [-99.105544994, 19.590618998], [-99.105273786, 19.590436156000003], [-99.104852497, 19.590113325000004], [-99.104542496, 19.58995309699999], [-99.104072647, 19.589585106999998], [-99.103496416, 19.589264622000005], [-99.103021833, 19.588944076999997], [-99.102702016, 19.588783850999995], [-99.102396844, 19.588713987], [-99.10209198900002, 19.588691566999998], [-99.101491227, 19.588621868999997], [-99.100992668, 19.588529518999998], [-99.100435784, 19.588484643999998], [-99.100208083, 19.588484770999997], [-99.099975724, 19.588507492999998], [-99.099718888, 19.588575413], [-99.099442696, 19.588645602999996], [-99.098653539, 19.588921668000005], [-99.09837259, 19.589012192], [-99.097815734, 19.589172904], [-99.097442785, 19.58928832799999], [-99.097002119, 19.589378937], [-99.096512921, 19.589471830000004], [-99.096159216, 19.589562390000005], [-99.095670248, 19.58956265], [-99.095413735, 19.589540192999998], [-99.095064745, 19.58954037699999], [-99.094658052, 19.589517997999994], [-99.094294785, 19.589563374], [-99.093941434, 19.589608744000003], [-99.093490933, 19.589679015999998], [-99.093117939, 19.589724394], [-99.092803314, 19.589792335], [-99.092527104, 19.589839921], [-99.092289892, 19.589885228], [-99.092038147, 19.589862764], [-99.09160720800001, 19.589792945999996], [-99.091573262, 19.589792963999994], [-99.091171242, 19.589770574999992], [-99.090909567, 19.589723262], [-99.09034309500001, 19.589585730999996], [-99.090037941, 19.589540698], [-99.08956351, 19.589448304], [-99.088260594, 19.589241094], [-99.087762156, 19.590944829], [-99.08650234100001, 19.597185549], [-99.092204456, 19.600436073], [-99.091321919, 19.602822312], [-99.091080598, 19.603396288], [-99.090916684, 19.603925039999996], [-99.08968423, 19.608902828], [-99.08946741, 19.609662051000004], [-99.089375865, 19.610188505999997], [-99.088422641, 19.610442014000004], [-99.088142929, 19.611131227999998], [-99.087635569, 19.61198096], [-99.087113984, 19.612991105999996], [-99.086554046, 19.614161676999995], [-99.086192114, 19.615031668000004], [-99.085902887, 19.615973921], [-99.085695454, 19.616500429], [-99.085110372, 19.61705196699999], [-99.084602535, 19.617603468], [-99.084259373, 19.617924444999996], [-99.084099737, 19.618132371999998], [-99.084318157, 19.618543455999994], [-99.083974969, 19.618819247], [-99.083752388, 19.619027203], [-99.083476911, 19.619302962], [-99.083341675, 19.619486025], [-99.08351140900001, 19.619806761999996], [-99.082955634, 19.620450909999995], [-99.082844239, 19.620633962], [-99.082728504, 19.620909644999998], [-99.082124886, 19.622010184], [-99.081738465, 19.622814659], [-99.081308396, 19.623503928999998], [-99.080916579, 19.623641921], [-99.080601905, 19.623755024999994], [-99.080272971, 19.623963024999995], [-99.07985194, 19.624238841999997], [-99.079407683, 19.624995893], [-99.079301403, 19.625316755], [-99.079171442, 19.625775443], [-99.079186137, 19.625983289], [-99.079820853, 19.626371602], [-99.078018891, 19.629424658999998], [-99.076990032, 19.631352253999996], [-99.076014083, 19.633074227], [-99.075057527, 19.63470355799999], [-99.074332917, 19.636127194], [-99.074121023, 19.63683894899999], [-99.073949086, 19.638788763], [-99.073802058, 19.641197195999997], [-99.07363044, 19.643445230999998], [-99.073588937, 19.645096767999995], [-99.072593128, 19.657220356], [-99.062689978, 19.659121456], [-99.061830465, 19.659301219], [-99.059907938, 19.655512513], [-99.058771663, 19.653240073], [-99.057617747, 19.650893077000003], [-99.056665318, 19.649076934000004], [-99.055579784, 19.646799939000005], [-99.054803903, 19.645094434999994], [-99.04401006, 19.622976944999994], [-99.043726184, 19.622450605], [-99.043323646, 19.621488254], [-99.042770499, 19.620437827], [-99.04257519000001, 19.620117058], [-99.042434202, 19.620001867999996], [-99.042148067, 19.619913823999998], [-99.0418797, 19.619570478], [-99.041708523, 19.619249700999994], [-99.04155204, 19.618953773], [-99.04139427, 19.618472584999996], [-99.041065636, 19.617763250000003], [-99.040579216, 19.616480096], [-99.040250584, 19.615748166000003], [-99.039990256, 19.615086259], [-99.039745127, 19.614559903], [-99.037970372, 19.610647231], [-99.032572716, 19.612143924999998], [-99.03188202, 19.612351901], [-99.031219825, 19.612494351], [-99.023101811, 19.614806807999997], [-99.02106562700001, 19.619287188], [-99.020530748, 19.619702955000005], [-99.01575748, 19.622938707], [-99.015203119, 19.62335446], [-99.014349968, 19.623955495000004], [-99.013751144, 19.624233431999997], [-99.013168262, 19.624716958], [-99.01231500200001, 19.625340575999992], [-99.011822989, 19.625618499], [-99.011282913, 19.626011646], [-99.010873397, 19.626334746], [-99.010266082, 19.626795672], [-99.012194076, 19.630500747999996], [-99.01358258900001, 19.63294743299999], [-99.014379116, 19.634273558999997], [-99.014692491, 19.634867721], [-99.017396056, 19.639600638000005], [-99.013540693, 19.645170051999997], [-99.013299864, 19.64541407], [-99.013051874, 19.645574495000005], [-99.01268265, 19.645755262999995], [-99.012022124, 19.646049012], [-99.011123141, 19.646503182], [-99.010219387, 19.64700253199999], [-99.009276234, 19.647547065000005], [-99.0084503, 19.647956032000003], [-99.005236857, 19.646812968], [-99.004337401, 19.651878255], [-99.000387413, 19.651270566], [-98.998155595, 19.650988148], [-98.99717786, 19.650800616999994], [-98.995972339, 19.650613075000003], [-98.99406486, 19.650330614999998], [-98.991929984, 19.649978086999997], [-98.990390717, 19.649697863], [-98.989446375, 19.649670699], [-98.987232118, 19.649779], [-98.986364361, 19.64988964], [-98.985540482, 19.650000279], [-98.984785107, 19.64993017999999], [-98.984185032, 19.649790054], [-98.983139403, 19.649625032999996], [-98.981982849, 19.649369625], [-98.98073386, 19.649179716999992], [-98.979838774, 19.648901730000002], [-98.979259051, 19.648555997000003], [-98.978790753, 19.648140238999993], [-98.978589358, 19.647658991999997], [-98.978474269, 19.647335904], [-98.978199208, 19.647082833999995], [-98.977967936, 19.646784583], [-98.977596847, 19.646346239999993], [-98.977110472, 19.645679696999995], [-98.976563327, 19.645098996000005], [-98.976095181, 19.644409860000003], [-98.97589934200002, 19.643875741999995]]]}}, {"type": "Feature", "properties": {"nombre": "Texcoco", "cob_baseline": 0.0, "cob_mb": 0.13, "delta_mb": 0.13, "categoria_baseline": "baja", "categoria_mb": "baja", "area_total_km2": 422.49, "km2_ganados": 0.55}, "geometry": {"type": "Polygon", "coordinates": [[[-98.924380799, 19.427801072999998], [-98.925516489, 19.442549177000007], [-98.940153316, 19.463672354999993], [-98.94320130900002, 19.463067841], [-98.979839022, 19.457373124999997], [-98.97262019, 19.437569317], [-98.98370722600002, 19.430367956999998], [-98.985510977, 19.432385677999996], [-98.989048762, 19.428235562999998], [-98.99006446, 19.427359007], [-98.990676241, 19.42672869], [-98.99832216, 19.428168106], [-99.027592463, 19.434433357], [-99.028883757, 19.482443457999995], [-99.02896895, 19.484607855999993], [-99.028887401, 19.484723093], [-99.028694754, 19.484906127000002], [-99.028333648, 19.485184078000003], [-99.028073348, 19.485391973999995], [-99.027697271, 19.485622481], [-99.027151764, 19.485855272], [-99.026630448, 19.486018018999996], [-99.026118276, 19.486158170000003], [-99.02538835700001, 19.486275757999998], [-99.02464871, 19.486348157000002], [-99.023473281, 19.486355090999997], [-99.022332173, 19.486474978999997], [-99.021360198, 19.486524800999998], [-99.019977039, 19.486601774999997], [-99.018763213, 19.486676461000002], [-99.016268974, 19.487076598999998], [-99.015839313, 19.48721671399999], [-99.015491793, 19.487356821], [-99.014811339, 19.48770481], [-99.014532346, 19.487980466999996], [-99.014253641, 19.488303569], [-99.014061649, 19.488579218999995], [-99.013890164, 19.489085316], [-99.013792167, 19.489797003000003], [-99.013593996, 19.490653506000005], [-98.953585192, 19.512620323], [-98.930251429, 19.518369508999996], [-98.924255683, 19.519849193], [-98.915242483, 19.522669306999997], [-98.914947693, 19.530472754999998], [-98.914609254, 19.53965434], [-98.912987067, 19.542807528999997], [-98.912396694, 19.541614340999995], [-98.910311468, 19.5373026], [-98.895094416, 19.537092164], [-98.892877292, 19.536976806000002], [-98.889278678, 19.536650755], [-98.889123797, 19.536625808], [-98.888949565, 19.536603108000005], [-98.888678787, 19.536557756000004], [-98.888421993, 19.536555338], [-98.888175427, 19.536509999999996], [-98.887918933, 19.536487248], [-98.887696184, 19.536462258000004], [-98.887521952, 19.536439557], [-98.887246107, 19.536416792], [-98.887033161, 19.5364144], [-98.886611936, 19.536414136], [-98.886408822, 19.536391414999997], [-98.886287875, 19.536368746], [-98.886016798, 19.536343722999995], [-98.883956341, 19.536007219999995], [-98.882698972, 19.536045634], [-98.882663367, 19.536642062000002], [-98.882298473, 19.541908216999996], [-98.881320926, 19.541767502], [-98.87965656, 19.541508842999992], [-98.879100143, 19.541393248], [-98.878698386, 19.541345533999998], [-98.878301553, 19.541343007999995], [-98.87776379500002, 19.54138783], [-98.877337886, 19.541387541999995], [-98.876965204, 19.541339843], [-98.87652505000001, 19.541269505], [-98.876123554, 19.541131414000002], [-98.875968654, 19.541129049], [-98.875658494, 19.541221465999996], [-98.875236527, 19.54142677], [-98.874872628, 19.541609519999998], [-98.874329336, 19.541905109], [-98.874086784, 19.542087942999995], [-98.873741823, 19.542431113], [-98.873620141, 19.542614029999996], [-98.873507992, 19.542796953], [-98.873386648, 19.542912091999998], [-98.873216786, 19.543024937], [-98.87261656, 19.542977069999996], [-98.872297239, 19.542954251000005], [-98.872021028, 19.543021834], [-98.871468301, 19.543181850999996], [-98.871153406, 19.543226812000004], [-98.87079024, 19.543316923999996], [-98.870276232, 19.543452113], [-98.869980613, 19.543589717], [-98.869679923, 19.543749908999995], [-98.86932554700002, 19.543930395999997], [-98.868976278, 19.544160589999997], [-98.868626915, 19.544388523], [-98.868481165, 19.544501381999996], [-98.868219611, 19.544593820999996], [-98.867827269, 19.544568682999994], [-98.867551377, 19.544591073999996], [-98.867245973, 19.544681220999994], [-98.86697923300001, 19.544818840999998], [-98.86661066500001, 19.544978978], [-98.866368385, 19.545046577], [-98.866285795, 19.545091702], [-98.866169193, 19.545229431999996], [-98.865974081, 19.545665329], [-98.865817615, 19.546053809], [-98.865510702, 19.546579992999995], [-98.865422943, 19.546765188999995], [-98.865427348, 19.546855564], [-98.865485363, 19.546903051999998], [-98.865581397, 19.547086125], [-98.865571502, 19.547178748], [-98.865628889, 19.547294014000002], [-98.865769137, 19.54738449], [-98.866059219, 19.547499927999997], [-98.866610462, 19.547663004999997], [-98.866205135, 19.548695195999994], [-98.866136043, 19.549015963], [-98.866106359, 19.54917635], [-98.866086644, 19.549268965999996], [-98.865693129, 19.549612083999993], [-98.865508955, 19.549724910999995], [-98.865339059, 19.549862601], [-98.865232025, 19.549952892000004], [-98.865080661, 19.550273597], [-98.86496842, 19.550549145999998], [-98.864924225, 19.550732114], [-98.864913661, 19.55093996], [-98.86491312800001, 19.551122961000004], [-98.864926645, 19.551376011], [-98.864945214, 19.551629064], [-98.864944147, 19.551879843999995], [-98.86491917, 19.552110271999993], [-98.864869521, 19.552431052], [-98.86480582, 19.552684044], [-98.864761166, 19.552959642999998], [-98.864711881, 19.553187793], [-98.864643108, 19.553463373999996], [-98.864573992, 19.553806731999998], [-98.864539233, 19.554104930999998], [-98.864458542, 19.554723912999997], [-98.864316492, 19.554867057], [-98.863877643, 19.554809937], [-98.863500405, 19.554748432], [-98.86308964, 19.554738226], [-98.862086581, 19.554557252], [-98.861965892, 19.554562814999997], [-98.86092258100001, 19.554532192999996], [-98.860341615, 19.554516915999997], [-98.860160283, 19.554520238999995], [-98.859974472, 19.554479473999997], [-98.859331984, 19.554448250000004], [-98.859083341, 19.554421886999997], [-98.858869914, 19.554336077000002], [-98.85866903000002, 19.554269308999995], [-98.858734735, 19.554106919], [-98.858413438, 19.554007759999998], [-98.856642706, 19.553366368999995], [-98.855245324, 19.552865824000005], [-98.853156935, 19.552092841999993], [-98.851288553, 19.551422319999997], [-98.849591426, 19.550730412], [-98.849074961, 19.550546965], [-98.848298801, 19.550205540999997], [-98.848060579, 19.550103171000003], [-98.847669036, 19.549962943000004], [-98.84725525700001, 19.549776694999995], [-98.847126835, 19.549729267], [-98.84705083, 19.549686647999998], [-98.846867394, 19.553294101], [-98.846794664, 19.553421869999998], [-98.84650294, 19.554778595999995], [-98.845629068, 19.554578598], [-98.84563714, 19.555212623999992], [-98.845548586, 19.555603403], [-98.845479781, 19.555876716999997], [-98.844802172, 19.555760912999997], [-98.844704499, 19.556013868], [-98.844606498, 19.556312008], [-98.844532528, 19.55670054], [-98.844467717, 19.557181711000002], [-98.844379159, 19.557572488999995], [-98.844300179, 19.557915830999995], [-98.844250679, 19.558236605999998], [-98.844024772, 19.558993268999995], [-98.844020292, 19.558993265], [-98.843052584, 19.558761979999996], [-98.840377216, 19.558179], [-98.839588465, 19.558038225999997], [-98.839287251, 19.558381368], [-98.839039087, 19.558679372], [-98.838858869, 19.558907398000002], [-98.83849928500001, 19.559273079999997], [-98.83817361000001, 19.559571012], [-98.837848007, 19.559891536999995], [-98.837444805, 19.560302363], [-98.83689981800002, 19.560920913], [-98.836305717, 19.561835381999998], [-98.836120441, 19.562156031], [-98.835989166, 19.562341172], [-98.83548527, 19.562383639999993], [-98.834860129, 19.562496032999995], [-98.833959462, 19.562517799999995], [-98.833553259, 19.562399943], [-98.833084108, 19.562306879999994], [-98.832368061, 19.562098363], [-98.831951608, 19.562120569000005], [-98.83171365, 19.562303347999997], [-98.831567809, 19.562463621], [-98.83144211000001, 19.562416059], [-98.831229581, 19.56225545099999], [-98.831094039, 19.562230472999996], [-98.830871904, 19.562139894000005], [-98.830490182, 19.561861645], [-98.830081243, 19.561264811999997], [-98.829875014, 19.560735947], [-98.82968304, 19.560252280999997], [-98.829472047, 19.559723412], [-98.829365412, 19.559770756000002], [-98.829244123, 19.559793233999994], [-98.829093923, 19.559838276999994], [-98.828838671, 19.559786072], [-98.828465771, 19.559647902], [-98.82823361, 19.559487273], [-98.828185349, 19.55941719], [-98.82803091700002, 19.558958409999995], [-98.827929582, 19.558773053000003], [-98.827745972, 19.558589875999992], [-98.827615368, 19.558406749999996], [-98.827441244, 19.558268768], [-98.827199075, 19.558198499000003], [-98.826918126, 19.558198230000002], [-98.826332231, 19.558082443999997], [-98.826201629, 19.557899316999997], [-98.826139, 19.557716254999995], [-98.826110238, 19.557601005], [-98.825979639, 19.557415618000004], [-98.825800552, 19.55746289], [-98.825587098, 19.557553055000003], [-98.825354312, 19.557713239], [-98.825179966, 19.557783108], [-98.824971687, 19.557760313], [-98.824840965, 19.557690148999995], [-98.824715588, 19.557436988], [-98.824643022, 19.557276508999998], [-98.824551152, 19.557070826], [-98.82440146, 19.557000642999995], [-98.824096037, 19.556977752999998], [-98.82387832, 19.556954948], [-98.823582937, 19.556816843999997], [-98.823389517, 19.556631393999997], [-98.82325930600001, 19.556355634999996], [-98.823196657, 19.556195164999995], [-98.823090228, 19.555966874], [-98.823037349, 19.555851598999997], [-98.822693811, 19.555553038], [-98.822514641, 19.555415046], [-98.822432591, 19.555299742000003], [-98.822350547, 19.555091808], [-98.82232709, 19.554748374999996], [-98.822337235, 19.554450160999995], [-98.822376414, 19.554104529999996], [-98.822362416, 19.553828883999998], [-98.82233366000001, 19.553623262], [-98.822295156, 19.553440223], [-98.82224238, 19.553232316999996], [-98.822194367, 19.553026675999998], [-98.82216046, 19.552911419], [-98.82203499, 19.552750887], [-98.821850811, 19.552750705999994], [-98.82174905, 19.55270316], [-98.821730034, 19.552657956], [-98.821710759, 19.5525879], [-98.821691463, 19.552450065], [-98.82167216, 19.55240486], [-98.821575425, 19.552382172], [-98.821425279, 19.552382023], [-98.821168509, 19.552336583999992], [-98.820815005, 19.552266195999998], [-98.82063595700001, 19.552195979999993], [-98.820360058, 19.552035297999996], [-98.820113185, 19.551919828999992], [-98.819827505, 19.551896950999996], [-98.819106104, 19.551758414], [-98.81605036, 19.551364472999996], [-98.814549152, 19.551155084], [-98.813590443, 19.550968836999996], [-98.813144751, 19.550990968999994], [-98.81277643800001, 19.551038032], [-98.812175392, 19.551195556999993], [-98.811860411, 19.55128786], [-98.811084964, 19.551562681999997], [-98.810808687, 19.551652764], [-98.810149661, 19.551905110999996], [-98.809689246, 19.552042442], [-98.809374261, 19.552134740999996], [-98.809020289, 19.552224738], [-98.807668711, 19.55245149], [-98.807116283, 19.552520938], [-98.806094015, 19.55263280699999], [-98.805328674, 19.552654577], [-98.8046795, 19.552631282999997], [-98.804204972, 19.552608176], [-98.803221695, 19.552559663000004], [-98.802829342, 19.552536642], [-98.801793023, 19.552442877999997], [-98.801081086, 19.552372057], [-98.800398099, 19.552326118], [-98.799715334, 19.552255325], [-98.799197138, 19.552162119], [-98.79826743900001, 19.552115898], [-98.797865297, 19.552070262999997], [-98.79730356500002, 19.551954410000004], [-98.796897041, 19.551906508], [-98.796480286, 19.551883446999998], [-98.795807058, 19.551812649], [-98.795700911, 19.551697305999998], [-98.795556166, 19.551421511], [-98.7954743, 19.551100600999998], [-98.79543577, 19.550962741999996], [-98.795233259, 19.550458694], [-98.795243223, 19.550343483], [-98.795282072, 19.550228304000004], [-98.795345392, 19.550135745], [-98.795462164, 19.549837652999997], [-98.795462483, 19.549584615], [-98.795380828, 19.549173334], [-98.795235943, 19.549010502], [-98.79502792, 19.548872450999998], [-98.79481983100001, 19.548711806], [-98.794699072, 19.548619037999995], [-98.79451039200002, 19.548413229999994], [-98.794375099, 19.548205222999997], [-98.794225688, 19.547929420999996], [-98.794182295, 19.547793815], [-98.793984211, 19.547563142999998], [-98.793771109, 19.547447676999994], [-98.79355817, 19.547354803999994], [-98.793238713, 19.547216622], [-98.793045161, 19.547171214999995], [-98.792929047, 19.547101045], [-98.792861604, 19.546988003999996], [-98.79284237, 19.546895350999993], [-98.792871373, 19.546802753999994], [-98.792915243, 19.546712433999996], [-98.792968649, 19.546619865], [-98.793036735, 19.54652731199999], [-98.793080319, 19.546436990999997], [-98.793066167, 19.546321752], [-98.793013027, 19.546206468], [-98.792935644, 19.546113748999996], [-98.792858325, 19.546045882000005], [-98.792824418, 19.546023251], [-98.792771439, 19.545930559999995], [-98.79273288400002, 19.545815291999997], [-98.792699063, 19.545724882], [-98.792645741, 19.545677375999997], [-98.79257821200001, 19.545632112999996], [-98.792447395, 19.545654556], [-98.792089064, 19.545654143999993], [-98.79192913500002, 19.545631366999995], [-98.791812993, 19.545583788], [-98.791750289, 19.545493344999997], [-98.791692346, 19.545332869999996], [-98.791668437, 19.545170174], [-98.791663905, 19.544987168], [-98.791688428, 19.544894566], [-98.791688778, 19.544621193999998], [-98.791577557, 19.544528435], [-98.79128251, 19.544390279000005], [-98.790991857, 19.544319904999995], [-98.790817631, 19.544297110999995], [-98.79068213600002, 19.544251768999995], [-98.790682166, 19.544229176], [-98.790711425, 19.544159172], [-98.79074551, 19.54404398899999], [-98.790886409, 19.543815965], [-98.790993255, 19.543678273], [-98.791036784, 19.54363087799999], [-98.79102277900002, 19.543402674999992], [-98.791081282, 19.543127111], [-98.79115401, 19.543057158], [-98.79127535, 19.542989519999992], [-98.791396317, 19.54298966], [-98.791638815, 19.542922161], [-98.791740521, 19.54285224099999], [-98.791808607, 19.542759689], [-98.79181866, 19.542576699], [-98.791814099, 19.542416284999998], [-98.791824329, 19.542095479999993], [-98.791853617, 19.542002883], [-98.791916522, 19.541935177999992], [-98.792003871, 19.541910426], [-98.792072158, 19.54165972499999], [-98.791965895, 19.541566973], [-98.791912667, 19.541521726000003], [-98.791453173, 19.541175527], [-98.791404645, 19.541107692], [-98.791289123, 19.540877112999993], [-98.791115011, 19.540693910000005], [-98.790960288, 19.540555915000002], [-98.790882976, 19.540485788], [-98.790819893, 19.540395343999993], [-98.790791158, 19.540280088000003], [-98.790786453, 19.540232637999996], [-98.79071937000002, 19.539843965000003], [-98.790671285, 19.539728686], [-98.790603559, 19.539543347000002], [-98.790440063, 19.539039338000002], [-98.790415751, 19.538969273], [-98.790391841, 19.538808836], [-98.790469773, 19.538693704], [-98.790566703, 19.538555999999993], [-98.790673543, 19.538420567], [-98.79079509, 19.538190261999997], [-98.790853289, 19.538075106000004], [-98.790867993, 19.537982493], [-98.790747853, 19.537638943], [-98.790738241, 19.537478523999994], [-98.790792019, 19.537318177], [-98.790840429, 19.53718041699999], [-98.790806987, 19.53701997], [-98.790705708, 19.536834591999995], [-98.790617854, 19.536588229], [-98.79036371, 19.536380080999997], [-98.790114996, 19.536101901], [-98.789890809, 19.535801156999998], [-98.78976747600001, 19.535570567], [-98.78956400000001, 19.535177216], [-98.789431796, 19.534878837], [-98.78942090100001, 19.534533155], [-98.789458902, 19.534189788999992], [-98.789388884, 19.533936668999996], [-98.789322281, 19.533843960999995], [-98.789125972, 19.533658471], [-98.789040049, 19.533543147000003], [-98.788999295, 19.533290060999995], [-98.788933696, 19.533084390000003], [-98.788809678, 19.53294417], [-98.788529754, 19.532848953000002], [-98.788225779, 19.532778559], [-98.787903369, 19.532590661], [-98.78767344600001, 19.532382538000004], [-98.787343242, 19.532034221], [-98.787066732, 19.531663374], [-98.78691382800001, 19.531455339999997], [-98.786626175, 19.531224554], [-98.786379844, 19.531174558999997], [-98.786012361, 19.53112668], [-98.785762021, 19.531008901], [-98.785324471, 19.53075082399999], [-98.784700824, 19.529803445], [-98.784527225, 19.529319751999996], [-98.784437203, 19.529136643], [-98.784165787, 19.528743204999998], [-98.783945626, 19.528512496], [-98.783762525, 19.528439979999998], [-98.783380784, 19.528367226], [-98.783092068, 19.528226804], [-98.782904861, 19.528088763999992], [-98.782671197, 19.527765406], [-98.782362071, 19.527279288999996], [-98.782167739, 19.526910793], [-98.781962929, 19.526610062], [-98.78162735000001, 19.526306914000003], [-98.781512871, 19.526168958999996], [-98.781462946, 19.525870673999997], [-98.781479586, 19.525687692999995], [-98.781549856, 19.525457330999995], [-98.781752286, 19.525116424], [-98.781797459, 19.524978663], [-98.781784807, 19.52481823899999], [-98.781797031, 19.524587807000003], [-98.781827621, 19.524450027999997], [-98.781969218, 19.524337235], [-98.78224644400001, 19.524226864], [-98.782315384, 19.524134317], [-98.782384671, 19.523996583999995], [-98.782381896, 19.523790986], [-98.782383922, 19.52363058], [-98.782411074, 19.523354981], [-98.782500753, 19.523149494], [-98.782541822, 19.522943949], [-98.782324808, 19.52243535], [-98.782145065, 19.522066870999993], [-98.782127773, 19.521883847999998], [-98.78204177800002, 19.521332479999995], [-98.782004379, 19.521217212], [-98.781856608, 19.521031772999997], [-98.781718399, 19.520823752], [-98.782457109, 19.520578381], [-98.783083765, 19.520378058000002], [-98.783453274, 19.520245202999998], [-98.78396851200002, 19.520042483999998], [-98.784314571, 19.519839561999998], [-98.784743199, 19.519614144000002], [-98.784845462, 19.519546487999996], [-98.784678687, 19.519315843], [-98.78448230600002, 19.519130348], [-98.784450399, 19.518969900999995], [-98.784099172, 19.518759369000005], [-98.783586005, 19.518340788], [-98.783279285, 19.518062529], [-98.782919575, 19.517784207000002], [-98.782775528, 19.517666551], [-98.78245928, 19.517388278999995], [-98.782309833, 19.517318062], [-98.781972624, 19.517177579999995], [-98.781621058, 19.51701222899999], [-98.781429195, 19.516874181], [-98.780336453, 19.515899107], [-98.774855502, 19.521556381999996], [-98.77168657, 19.524805769999997], [-98.771486497, 19.52501563], [-98.771379361, 19.525153309999997], [-98.771282041, 19.525291003000003], [-98.771238098, 19.525428763], [-98.771228058, 19.525519122], [-98.771242193, 19.525634362999995], [-98.771271073, 19.525702178], [-98.771338521, 19.525794892999993], [-98.771420619, 19.525840182999996], [-98.771502809, 19.525887731], [-98.771644894, 19.525908244999993], [-98.771818777, 19.525955908999997], [-98.772001429, 19.526071362000003], [-98.772197803, 19.526256871], [-98.772331271, 19.526442299999996], [-98.772511345, 19.526765602999998], [-98.772717091, 19.526998567], [-98.772937903, 19.527159254], [-98.773241189, 19.527301969000003], [-98.773306796, 19.527485051999996], [-98.773314897, 19.527622878], [-98.773350954, 19.527875962999996], [-98.773491572, 19.528266993999996], [-98.773613445, 19.528635409], [-98.773581574, 19.528865814999996], [-98.773828184, 19.529327015999996], [-98.77390796, 19.529534969999997], [-98.774027265, 19.529695528], [-98.774195336, 19.52981322], [-98.774345142, 19.529835999999992], [-98.774548228, 19.529861105], [-98.77440487, 19.530136558], [-98.774165752, 19.530730448999993], [-98.773944677, 19.531439585999998], [-98.773698754, 19.532193876999994], [-98.77348748800001, 19.533316472000003], [-98.771649577, 19.534446056999997], [-98.771352773, 19.534904314], [-98.771075092, 19.535387447999998], [-98.770817016, 19.535890938999994], [-98.770352778, 19.535775126999997], [-98.769781558, 19.535681769999997], [-98.769458081, 19.535518689], [-98.768771118, 19.535309957999996], [-98.768268633, 19.535078869000003], [-98.767853109, 19.534895334000005], [-98.767442389, 19.534619175], [-98.76726876, 19.534388505], [-98.766974172, 19.534157680000003], [-98.76642826, 19.533903936], [-98.766045972, 19.533810810999995], [-98.765756153, 19.53357999], [-98.765591792, 19.533534591000002], [-98.765320705, 19.533534239999998], [-98.765190246, 19.533511476999994], [-98.764770231, 19.533142669], [-98.763852652, 19.532382356999996], [-98.76321912, 19.532151081999995], [-98.762576759, 19.531897199999996], [-98.76209339, 19.531643526], [-98.761523134, 19.531297105], [-98.760918913, 19.530973231], [-98.760440179, 19.530812188999995], [-98.759947118, 19.530671458999993], [-98.759338059, 19.530465055999997], [-98.758593048, 19.530278802], [-98.758152984, 19.530140398], [-98.757577865, 19.529931774], [-98.757155935, 19.531627923], [-98.75676788, 19.531765217], [-98.756142358, 19.532175561999992], [-98.75566636, 19.532540921999995], [-98.755239119, 19.532998976], [-98.754947239, 19.533387176], [-98.754766756, 19.533732599999997], [-98.754620943, 19.534030625999996], [-98.754528398, 19.534213501], [-98.754431025, 19.534373777999996], [-98.754246895, 19.534418712999997], [-98.754058077, 19.534348417999997], [-98.753855835, 19.534142548999995], [-98.753663546, 19.533658803000005], [-98.753524851, 19.533222573999993], [-98.753348524, 19.532397698000004], [-98.753340603, 19.531776386999997], [-98.75339088300001, 19.531180008], [-98.753484616, 19.530653725000008], [-98.753670715, 19.530125307999995], [-98.753904398, 19.529644401], [-98.754225683, 19.529095833999996], [-98.754454287, 19.528820513999992], [-98.754633925, 19.528590311], [-98.754761404, 19.528247075], [-98.754795821, 19.527926303999998], [-98.754749359, 19.527512794000003], [-98.754624122, 19.527191807000005], [-98.754509156, 19.526823388999997], [-98.754433491, 19.526434690999995], [-98.754351617, 19.526181540999996], [-98.754207172, 19.526020936000002], [-98.753993895, 19.525995793999996], [-98.753834137, 19.526065614000004], [-98.753727237, 19.526225877], [-98.753571364, 19.526499037], [-98.75332864, 19.526659113999997], [-98.753047251, 19.526796546], [-98.752587078, 19.526978918], [-98.752203788, 19.527183987000008], [-98.751951495, 19.527366643], [-98.751733203, 19.527504158999996], [-98.751356242, 19.527433603], [-98.750752053, 19.527111954], [-98.750447222, 19.526996310999994], [-98.750157428, 19.526833243000002], [-98.749888097, 19.526442015999997], [-98.74969564800001, 19.526075746999993], [-98.749507862, 19.525777261999995], [-98.749271243, 19.525499044], [-98.748783075, 19.525292772], [-98.748522392, 19.525107149000004], [-98.748348727, 19.524923906], [-98.74792415100002, 19.524462422999996], [-98.747664418, 19.524096057999998], [-98.747462379, 19.5237727], [-98.747270012, 19.523358983], [-98.747082233, 19.523060496999992], [-98.746705475, 19.522806930000005], [-98.746275138, 19.522623326000005], [-98.745854958, 19.522344845000003], [-98.745521435, 19.52229919], [-98.745066358, 19.522273697], [-98.74487285, 19.522228239], [-98.744335408, 19.522272664999996], [-98.744117357, 19.522317542000003], [-98.743560999, 19.52226931], [-98.743396621, 19.522246483999997], [-98.743158971, 19.522268739], [-98.742815108, 19.522313435999997], [-98.742630914, 19.522405804], [-98.74233996, 19.522563539], [-98.742228393, 19.522656010000002], [-98.742082858, 19.522771026], [-98.741937435, 19.522816003999996], [-98.741806308, 19.522861002000003], [-98.741612581, 19.522953355], [-98.74146705, 19.523066111], [-98.741350827, 19.523088538000003], [-98.741176274, 19.523110881000004], [-98.74094396, 19.523133141000002], [-98.740706786, 19.523155393000003], [-98.740382003, 19.523247558], [-98.740178819, 19.523292451], [-98.739951139, 19.523337309999995], [-98.7396169, 19.523382013999996], [-98.73943281400001, 19.523404342], [-98.73901162600002, 19.523403733999995], [-98.738765069, 19.523333341], [-98.738629988, 19.52328796], [-98.73838354, 19.523149787999998], [-98.738204442, 19.523034306], [-98.73800692700001, 19.522873610999994], [-98.737605823, 19.522595139], [-98.737442445, 19.522366714999993], [-98.73732183, 19.522158687], [-98.736901813, 19.521789814000005], [-98.736660801, 19.521651647999995], [-98.736370173, 19.521606038999998], [-98.736114111, 19.521580812999996], [-98.73590084, 19.521557908999995], [-98.735411684, 19.521624972], [-98.735218032, 19.521669874000004], [-98.73493736, 19.521714648], [-98.734632325, 19.521736793], [-98.73440472, 19.521736458999996], [-98.7340367, 19.521690733], [-98.733819371, 19.521642968], [-98.733441724, 19.521597225999997], [-98.732987334, 19.521503926], [-98.732827727, 19.521478838000004], [-98.732537138, 19.52141063], [-98.732150743, 19.521294835999996], [-98.731788293, 19.521109038], [-98.731498392, 19.520970792], [-98.731150277, 19.520762422], [-98.730884815, 19.520601618], [-98.730580126, 19.520415903999996], [-98.730367674, 19.520302624000003], [-98.730237118, 19.520347615], [-98.730081516, 19.520437753], [-98.72991695, 19.520530138], [-98.729539214, 19.520597351999992], [-98.729263384, 19.520596938999997], [-98.728900079, 19.520526357], [-98.728557189, 19.520388027], [-98.728359156, 19.520202468999994], [-98.728239179, 19.520019287999997], [-98.728090173, 19.519698247], [-98.727772184, 19.519261729000004], [-98.72745397, 19.518960766999996], [-98.727236874, 19.518777437999997], [-98.727048451, 19.518546707999995], [-98.726942603, 19.518408732], [-98.726754673, 19.518225447000003], [-98.72643097, 19.518017105], [-98.726266674, 19.517949077999994], [-98.726029719, 19.517901274999993], [-98.725840911, 19.517900989], [-98.725642438, 19.51792328], [-98.725366707, 19.517922861999995], [-98.725187453, 19.517852551999994], [-98.72494592400001, 19.517691777], [-98.724705048, 19.517483557000002], [-98.72428999, 19.517024292], [-98.72376887500002, 19.516610049999997], [-98.723503642, 19.516379199000003], [-98.723165765, 19.516103050999998], [-98.722943821, 19.515917449999996], [-98.722692843, 19.515711471999996], [-98.722427556, 19.515458026], [-98.72242298700002, 19.515342795999995], [-98.722457286, 19.515182441000004], [-98.722584807, 19.514791782], [-98.722721322, 19.514380802999998], [-98.72281491300001, 19.513990092], [-98.722646016, 19.513829425], [-98.72243827, 19.513759068999992], [-98.722134211, 19.513553007999995], [-98.72184449, 19.513322116999994], [-98.721419745, 19.513020979999997], [-98.721057463, 19.512699605], [-98.720831011, 19.512423624], [-98.720517782, 19.512009693], [-98.719905405, 19.511364853], [-98.719398577, 19.510973213], [-98.719109475, 19.510719726], [-98.718796428, 19.510260607000003], [-98.718419865, 19.509936945], [-98.717889296, 19.509500079000002], [-98.71773943, 19.509362028999995], [-98.717223122, 19.508947776], [-98.716919177, 19.508739447000004], [-98.716629472, 19.508508548], [-98.715640567, 19.507542285999993], [-98.714510619, 19.506526093], [-98.70292444, 19.495922742999998], [-98.702586069, 19.495646556], [-98.702204775, 19.495392890000005], [-98.701900944, 19.495094165999998], [-98.701582332, 19.494750231000005], [-98.701278144, 19.494336282], [-98.700545358, 19.493485583999995], [-98.699864518, 19.492840563], [-98.69883555000001, 19.492104589999997], [-98.69820807500001, 19.49162006], [-98.697652821, 19.491092722], [-98.696267504, 19.489780024], [-98.695794765, 19.489365783000004], [-98.69547592, 19.489159653], [-98.695127873, 19.488976066], [-98.69473157, 19.488812731000003], [-98.69422858, 19.488628881], [-98.693528214, 19.488306879999993], [-98.692136011, 19.487843626], [-98.691517052, 19.487612126999995], [-98.690990384, 19.48740563499999], [-98.690395865, 19.487151580000003], [-98.689695075, 19.486759526], [-98.689303669, 19.486483224], [-98.68870095, 19.485885740000004], [-98.688290883, 19.485403808999997], [-98.687711999, 19.484804103999995], [-98.687008, 19.483908214999996], [-98.685917996, 19.482121501000005], [-98.685041694, 19.48100163699999], [-98.684474957, 19.479950087999995], [-98.683968005, 19.479126827999995], [-98.682348224, 19.476290862], [-98.681741142, 19.475813088999995], [-98.68080357900001, 19.475013914999995], [-98.679740869, 19.474239367], [-98.678751126, 19.473625351000003], [-98.67804812, 19.473192582], [-98.67739236600002, 19.472622078], [-98.676582653, 19.472236558000002], [-98.675701208, 19.471941275999995], [-98.675038024, 19.471854236000002], [-98.67430748, 19.471764812999997], [-98.67352343, 19.471654956], [-98.672556444, 19.471589952], [-98.671656591, 19.471592842999996], [-98.670999566, 19.471666207], [-98.670612668, 19.471597726], [-98.670267773, 19.471348578], [-98.669855569, 19.471119641], [-98.669608249, 19.470915855999994], [-98.669306039, 19.470434078999993], [-98.66909, 19.469794309], [-98.668876566, 19.468763688999996], [-98.668770959, 19.467984045999998], [-98.66886978700002, 19.467410369999996], [-98.664655998, 19.46307159], [-98.664524395, 19.461925892999997], [-98.664407991, 19.460895446999995], [-98.664223229, 19.459794836999997], [-98.66406824, 19.458719134], [-98.664029637, 19.457801795], [-98.663915009, 19.457114762000007], [-98.663877266, 19.456335241000005], [-98.66376688000001, 19.455578177999996], [-98.663695796, 19.454843781], [-98.663636421, 19.453605586], [-98.663564713, 19.452850854], [-98.663517446, 19.452071313999998], [-98.663447975, 19.450833100000004], [-98.663442146, 19.449640189999993], [-98.663334996, 19.448471942999998], [-98.663230797, 19.447028069000005], [-98.663222645, 19.446361565999993], [-98.663194768, 19.445697285999998], [-98.663124024, 19.445078111], [-98.663087288, 19.444413815], [-98.662909604, 19.443681476999995], [-98.66277489, 19.442901774999992], [-98.662761496, 19.442144891], [-98.662746432, 19.441089777999995], [-98.662655253, 19.440264970000005], [-98.662520302, 19.439324858], [-98.66247247100002, 19.438545317000003], [-98.662366574, 19.437652702999994], [-98.662280926, 19.437010907], [-98.662215378, 19.43646177899999], [-98.662173744, 19.435865251], [-98.662069526, 19.435313792], [-98.661969587, 19.434674229000002], [-98.661874084, 19.433962375999997], [-98.661774105, 19.433343145999995], [-98.661704322, 19.432816603], [-98.661657735, 19.432312696000004], [-98.661616673, 19.431763613], [-98.661574089, 19.431029266999996], [-98.66155594, 19.43031755799999], [-98.661539122, 19.429791114], [-98.66149663400002, 19.429056766999995], [-98.66154187800001, 19.428460399999995], [-98.661593744, 19.428162271], [-98.661488205, 19.427929368], [-98.661167949, 19.425908969], [-98.661085121, 19.425106768], [-98.660905087, 19.424051346], [-98.660788401, 19.42290341], [-98.660618039, 19.421504594], [-98.660423773, 19.420196103999995], [-98.660118349, 19.418751848], [-98.659928898, 19.417696406000005], [-98.659826748, 19.416708905999997], [-98.659646634, 19.415425294], [-98.659515482, 19.414369959], [-98.659190836, 19.413336856000004], [-98.659122502, 19.412396863999998], [-98.658981256, 19.411617143999997], [-98.658758149, 19.410722047000007], [-98.65863719000001, 19.410217998], [-98.65860314700001, 19.409689260999997], [-98.65867516, 19.409138129000002], [-98.658732554, 19.408426560999995], [-98.658736659, 19.407326294999997], [-98.658600756, 19.406270951000003], [-98.658560392, 19.404481517], [-98.658559881, 19.403311204000005], [-98.658539991, 19.40202563], [-98.65856791400002, 19.400602328999994], [-98.65862044700002, 19.399662562], [-98.658668171, 19.398790565000002], [-98.658711132, 19.397873372999996], [-98.658727143, 19.397319877], [-98.659724411, 19.397493451999992], [-98.660422733, 19.397754577], [-98.661470485, 19.398249057], [-98.665085981, 19.400291375999995], [-98.667004274, 19.401578177999998], [-98.669405278, 19.402915544000003], [-98.673970137, 19.404211585999995], [-98.685230121, 19.404579368], [-98.690144165, 19.405807831999997], [-98.692732041, 19.406621054000002], [-98.695003829, 19.407176148999998], [-98.696742799, 19.407748402], [-98.697578281, 19.408217468999997], [-98.69862827900002, 19.408573923], [-98.700851069, 19.409542315], [-98.70290304300002, 19.410232508000004], [-98.704571377, 19.410711939999995], [-98.706262871, 19.410870572999997], [-98.712952734, 19.411586166], [-98.714670884, 19.40946964999999], [-98.71529049, 19.408851573999993], [-98.716117571, 19.408048558000004], [-98.717157258, 19.407175829999993], [-98.71812455200002, 19.406465653999998], [-98.719445286, 19.405202488999997], [-98.721123234, 19.403896936000002], [-98.722801811, 19.402541663999997], [-98.72444586, 19.401143397000002], [-98.725626563, 19.400295685], [-98.726642026, 19.400294954999996], [-98.727453997, 19.400271322], [-98.728247486, 19.400249916999996], [-98.72921429800002, 19.400181320999994], [-98.72983824100001, 19.400112210999996], [-98.730326466, 19.400042897999995], [-98.731274783, 19.400042042999992], [-98.731777215, 19.400020192], [-98.732183781, 19.399973345999996], [-98.732652805, 19.399996628999997], [-98.733421837, 19.400020352000002], [-98.734262894, 19.400089362000003], [-98.735452556, 19.400204062999997], [-98.736124635, 19.400227632999993], [-98.736767974, 19.400296344], [-98.737391694, 19.400365026], [-98.738078501, 19.400411203], [-98.738561777, 19.400457083999996], [-98.739089186, 19.400480434999995], [-98.73961635700002, 19.400594155999997], [-98.74052516, 19.400708421], [-98.741129871, 19.400754469], [-98.7416571, 19.400893037000003], [-98.742783436, 19.401190602999996], [-98.743596191, 19.401397348000003], [-98.744094174, 19.401603647], [-98.744645515, 19.401857464], [-98.745249841, 19.402154280999998], [-98.745631799, 19.402315226999995], [-98.746192694, 19.402614239], [-98.746637634, 19.402820455999997], [-98.746870029, 19.403003784], [-98.746985599, 19.402177039], [-98.747029585, 19.401878872000005], [-98.747150096, 19.401305176], [-98.747208413, 19.400916656999996], [-98.747305077, 19.400365521], [-98.74743559800001, 19.399907062999997], [-98.74760496400002, 19.399333434000003], [-98.747774446, 19.39862198799999], [-98.747841743, 19.397842621], [-98.747967889, 19.397131113999997], [-98.748131994, 19.396073986], [-98.748117557, 19.395800589999993], [-98.748166102, 19.395570207999995], [-98.748223886, 19.395525102], [-98.748350042, 19.39554787], [-98.748528614, 19.395548117], [-98.748765605, 19.395523591999993], [-98.749070472, 19.395456233999997], [-98.749336043, 19.395363968], [-98.749529683, 19.395226418], [-98.749689383, 19.395111413], [-98.749843749, 19.394996400999997], [-98.74996471, 19.394928787999998], [-98.75016776900002, 19.394859028], [-98.750279137, 19.394836587999997], [-98.750515924, 19.394882099], [-98.750748011, 19.394950196999996], [-98.750985466, 19.394995707999996], [-98.751270407, 19.395066137], [-98.751691196, 19.395111897999996], [-98.752111882, 19.395225437999997], [-98.752672905, 19.395431799], [-98.75308863, 19.395615368], [-98.753702609, 19.395821797], [-98.754051295, 19.395937493999995], [-98.754529527, 19.39616633], [-98.755071508, 19.396372657999997], [-98.755501454, 19.396603686000002], [-98.755927375, 19.396787263], [-98.756275359, 19.396993326], [-98.75657029500002, 19.397199319], [-98.756788006, 19.397267388999996], [-98.757058834, 19.397290343999998], [-98.757609884, 19.397358859], [-98.758330481, 19.397542821999995], [-98.758843532, 19.397611283], [-98.75931241800001, 19.397727128999996], [-98.759781275, 19.397863307], [-98.760139332, 19.398024191], [-98.760434373, 19.39816239799999], [-98.761024393, 19.398483996], [-98.76125642, 19.398599526], [-98.76168162100001, 19.398828274], [-98.762064126, 19.399011779], [-98.762634601, 19.399285900999995], [-98.763147264, 19.399562204999995], [-98.763447109, 19.399675561000002], [-98.763746984, 19.399768582], [-98.764211085, 19.399907003000003], [-98.76471382, 19.400135843999998], [-98.764989857, 19.400249166999995], [-98.765434847, 19.400432745], [-98.76568593, 19.400480514999995], [-98.765903846, 19.400478536], [-98.766314494, 19.400501658000003], [-98.766638786, 19.400572113], [-98.766909524, 19.400662832000002], [-98.767272516, 19.400778521999996], [-98.76748973, 19.400801392999995], [-98.767949078, 19.400937539], [-98.768316738, 19.401053232], [-98.768795704, 19.401259439], [-98.769085397, 19.40135018], [-98.769390422, 19.401443199000003], [-98.769695132, 19.401488771], [-98.770105974, 19.401579664], [-98.770371951, 19.401672631000004], [-98.770739681, 19.401740874999998], [-98.770971818, 19.401786353999995], [-98.771227953, 19.401901901], [-98.771619651, 19.402062804], [-98.771855837, 19.402142177], [-98.772312689, 19.402366421], [-98.772570608, 19.40250230299999], [-98.772940251, 19.402703842999998], [-98.77322252100001, 19.402862347], [-98.773446186, 19.402975590999997], [-98.77373738, 19.403086659999996], [-98.774005589, 19.403290331999994], [-98.77423478, 19.403471360999998], [-98.774401204, 19.403654571999997], [-98.774552804, 19.403812912], [-98.774719231, 19.403993863], [-98.774900482, 19.404199684], [-98.775082052, 19.404450691999998], [-98.775235179, 19.40474685099999], [-98.775353889, 19.404997781000002], [-98.775458059, 19.405226099999997], [-98.775557942, 19.405524451999998], [-98.775681956, 19.405797980999996], [-98.775736883, 19.405958460000004], [-98.775905699, 19.40634501], [-98.776220463, 19.406846964], [-98.776353749, 19.407097911000008], [-98.776486271, 19.407281078000004], [-98.776653816, 19.40755465999999], [-98.77692695800002, 19.407780927], [-98.777141106, 19.407894154999997], [-98.777287441, 19.4080073], [-98.77749178, 19.408120515], [-98.77773530200001, 19.408276706000002], [-98.777992344, 19.408367392], [-98.778307519, 19.408433297], [-98.778578912, 19.408476553999996], [-98.778859228, 19.408472377], [-98.779250695, 19.408468335], [-98.77955523, 19.408443852], [-98.779550468, 19.408443846], [-98.77969483000001, 19.408396576], [-98.779858621, 19.408349328999993], [-98.780070641, 19.408277288], [-98.780326093, 19.408205299000006], [-98.780533857, 19.40818069699999], [-98.780789404, 19.408108708000004], [-98.78106946, 19.408084192999997], [-98.781481058, 19.408125355999992], [-98.781781056, 19.40814605], [-98.782139126, 19.408187147999996], [-98.782425348, 19.40825301], [-98.78266308700002, 19.408321074], [-98.78302662000002, 19.408409621999997], [-98.783414348, 19.408495937999998], [-98.783830963, 19.408561954], [-98.78410734700002, 19.408650394999995], [-98.78437458700002, 19.408738825999997], [-98.784709232, 19.408849928999995], [-98.785092709, 19.408983681999995], [-98.785315621, 19.409029131], [-98.785460845, 19.409049637], [-98.785703126, 19.409070256000003], [-98.785935215, 19.409090864000003], [-98.786123645, 19.409066232999997], [-98.786379447, 19.409016829], [-98.7866635, 19.408922272000005], [-98.78697705, 19.408850341999997], [-98.787227734, 19.408780596999996], [-98.787536521, 19.40870866099999], [-98.787840678, 19.408681904000005], [-98.788178837, 19.408655187], [-98.788435148, 19.408653226], [-98.788783374, 19.408649113000003], [-98.789068801, 19.408669778000007], [-98.789295614, 19.408645189], [-98.789532365, 19.408595757999993], [-98.789671962, 19.408548475], [-98.789883718, 19.408456088000005], [-98.789998706, 19.40836133], [-98.790108739, 19.408268825], [-98.79029154, 19.408176405], [-98.790392561, 19.408129075999998], [-98.790623045, 19.407989263999998], [-98.79082023, 19.407894600000002], [-98.790993572, 19.407824761], [-98.791201592, 19.407822741], [-98.791380466, 19.407820686999997], [-98.791569474, 19.407863830999997], [-98.791792292, 19.407909272999994], [-98.792044962, 19.407997675], [-98.79219971100001, 19.408018185999996], [-98.792403194, 19.408063603999995], [-98.792713518, 19.408129479], [-98.7930085, 19.408125296], [-98.793332085, 19.408098552999995], [-98.79363636, 19.408051452999995], [-98.793834313, 19.408026824999993], [-98.794109093, 19.407954839000002], [-98.794706942, 19.407810920000003], [-98.794822535, 19.407763605], [-98.795164967, 19.4076691], [-98.79549721, 19.407572324000004], [-98.795724049, 19.407525132999993], [-98.796012981, 19.407407973999998], [-98.796281616, 19.407220751999994], [-98.796468242, 19.407035697999998], [-98.796717281, 19.40682812], [-98.796962171, 19.406663465], [-98.797129592, 19.406525833999996], [-98.79748521400002, 19.406313855], [-98.797836138, 19.406126723000003], [-98.798013884, 19.406034289], [-98.798148035, 19.405919213], [-98.79829242, 19.405847074999993], [-98.79846022100001, 19.405709444000003], [-98.798575458, 19.405639532999995], [-98.79875294700001, 19.405522244999997], [-98.798974222, 19.405427599000003], [-98.799151995, 19.405389387], [-98.79919639, 19.405380399], [-98.799409141, 19.405400967999995], [-98.799776695, 19.405396855000003], [-98.799999093, 19.40539484], [-98.800052335, 19.405394899], [-98.800347027, 19.40539070399999], [-98.80071483600001, 19.405411442], [-98.801063123, 19.405429898000005], [-98.801450525, 19.405473247999993], [-98.801760048, 19.405491661000003], [-98.802109135, 19.405557561], [-98.80241441, 19.405623412999997], [-98.802797377, 19.405711942], [-98.803093713, 19.405845563], [-98.803418868, 19.405934028], [-98.803651823, 19.406024651999992], [-98.803787781, 19.406067726000003], [-98.804006682, 19.406203521], [-98.804250321, 19.406361935000003], [-98.804488587, 19.406472898], [-98.804736892, 19.406631316999995], [-98.804902321, 19.406721866999998], [-98.805282925, 19.407038578999998], [-98.805497352, 19.407174366999993], [-98.80580289, 19.407262806999995], [-98.806093883, 19.407328637], [-98.806336134, 19.407374082], [-98.806665514, 19.407437692999995], [-98.807083268, 19.407594029999995], [-98.807470746, 19.407659960999997], [-98.80788284, 19.407771103], [-98.808087203, 19.407882024999996], [-98.808496443, 19.408153574], [-98.808710355, 19.408244172000003], [-98.808894251, 19.408264698999993], [-98.809077889, 19.408262633], [-98.809247239, 19.408260551999998], [-98.809401757, 19.408235861000005], [-98.809633329, 19.408211252], [-98.809754197, 19.408211378], [-98.80996309, 19.408277116999994], [-98.810215391, 19.408365493999998], [-98.81047351500001, 19.408523915], [-98.810789714, 19.408704989], [-98.810926193, 19.408795503999997], [-98.811184128, 19.408953924], [-98.811262086, 19.408996931999997], [-98.811442257, 19.409110084], [-98.811689278, 19.409153267], [-98.811907696, 19.409221273], [-98.812208739, 19.409332291], [-98.812398271, 19.409422859], [-98.812621715, 19.409511202], [-98.812787315, 19.409624338999993], [-98.812996469, 19.409714926000003], [-98.813161905, 19.409805469], [-98.813326729, 19.40984856499999], [-98.813471955, 19.409871307999996], [-98.813612422, 19.409891785999996], [-98.813723508, 19.409867046999995], [-98.813790778, 19.409844522999997], [-98.813867601, 19.409797155999993], [-98.813934897, 19.409752039], [-98.81404119500002, 19.409749887999997], [-98.814162066, 19.409747753], [-98.814268622, 19.409770454999997], [-98.814370606, 19.409793152], [-98.81452147, 19.409883678999996], [-98.814682052, 19.409971956000003], [-98.814842207, 19.410017304999997], [-98.81511887, 19.410128293], [-98.815341698, 19.410173705999995], [-98.815584479, 19.410262064999998], [-98.815758949, 19.410282576000004], [-98.816198806, 19.410278503], [-98.816416189, 19.410253869999995], [-98.816561444, 19.410251758000005], [-98.816676911, 19.410227022], [-98.816793278, 19.410249731999997], [-98.816885547, 19.410272418999998], [-98.816997387, 19.410340311], [-98.817075344, 19.410385575], [-98.817119298, 19.410430806], [-98.817197516, 19.410498664], [-98.817265663, 19.410543919], [-98.817314665, 19.410589154000004], [-98.817392597, 19.410657011999998], [-98.817534104, 19.410770118999995], [-98.817651088, 19.410838015999996], [-98.81784643, 19.411018957], [-98.81804656, 19.411177308999996], [-98.818207403, 19.411290436], [-98.818421917, 19.411448801999995], [-98.81866548100001, 19.411607197], [-98.818874616, 19.411720371000005], [-98.819063802, 19.411786079999995], [-98.819389306, 19.411921962999998], [-98.819539585, 19.411942446], [-98.819704767, 19.412010388999995], [-98.819966271, 19.412053574999998], [-98.820135982, 19.412074077], [-98.820358816, 19.412117224000003], [-98.820557645, 19.412162606999996], [-98.820780218, 19.412183161], [-98.820973741, 19.412203684999998], [-98.821162431, 19.412201611999997], [-98.821351357, 19.412244724999994], [-98.82153049700001, 19.412265234], [-98.821728546, 19.412240575999995], [-98.821931809, 19.412238516], [-98.822110427, 19.412213839], [-98.822293546, 19.412166572999997], [-98.822394986, 19.412166671999998], [-98.822515597, 19.412141937], [-98.822718574, 19.412139875999998], [-98.82288792800001, 19.412137781999995], [-98.823081737, 19.412158305], [-98.823348621, 19.412248936999998], [-98.823493853, 19.412269411999997], [-98.823688966, 19.41240515999999], [-98.823834719, 19.412473079999998], [-98.824053645, 19.412608850999998], [-98.824233927, 19.412719731999996], [-98.824389753, 19.412810255], [-98.82452129, 19.412900755000006], [-98.824599773, 19.412991203], [-98.824673467, 19.413106499], [-98.82474214, 19.413196937999995], [-98.824883393, 19.413287446], [-98.825005049, 19.413355342999992], [-98.825155592, 19.413398415], [-98.825209167, 19.413445911999997], [-98.82533637, 19.413581592999996], [-98.825440092, 19.413764696999998], [-98.825552984, 19.413922957], [-98.825641637, 19.414036008], [-98.825774124, 19.414219139], [-98.8258964, 19.414332222], [-98.825989172, 19.414422683], [-98.826101019, 19.41449057], [-98.826344333, 19.414626360999996], [-98.82644241600002, 19.414739419999997], [-98.826546663, 19.41496771], [-98.82662088400001, 19.415128192], [-98.826671101, 19.415288651], [-98.826745845, 19.41549432], [-98.82683552, 19.415722596000002], [-98.82695431800002, 19.415973493], [-98.827091693, 19.416131774999997], [-98.82716539, 19.416247069999994], [-98.827239114, 19.416337512999995], [-98.827322006, 19.416405371000003], [-98.827423806, 19.416428061], [-98.827535395, 19.41647109399999], [-98.82766157800002, 19.416493806], [-98.827826413, 19.41653689], [-98.827918663, 19.416582163], [-98.828074232, 19.416650089999997], [-98.828181676, 19.416740564], [-98.828313385, 19.416853653999993], [-98.82842552, 19.416921538999997], [-98.828527844, 19.416989414999996], [-98.828643955, 19.416989524999998], [-98.828726064, 19.416987343], [-98.828851701, 19.416987460999998], [-98.828931821, 19.416973981000005], [-98.829376595, 19.417204849], [-98.829642442, 19.417388103], [-98.829932696, 19.417641416999995], [-98.830218024, 19.417777243], [-98.830653207, 19.418075878], [-98.83096258400002, 19.418261430000005], [-98.831252844, 19.418512483], [-98.831450922, 19.418650484999997], [-98.831576845, 19.418650601999992], [-98.831741202, 19.418605568], [-98.831983426, 19.418422788], [-98.832443254, 19.418192762999997], [-98.832660905, 19.418100332], [-98.832989902, 19.418010261999996], [-98.83336260000002, 19.418033197999996], [-98.833923565, 19.418101491], [-98.834320245, 19.418239670999995], [-98.834508729, 19.4184477], [-98.834769848, 19.418698721], [-98.834987669, 19.418814144], [-98.835263073, 19.418974805000005], [-98.835490488, 19.419022456], [-98.835635796, 19.418975142], [-98.83590207, 19.418837565], [-98.836105429, 19.418747375999992], [-98.836458597, 19.418585024], [-98.837160419, 19.418104421999992], [-98.837799681, 19.417598908], [-98.838002774, 19.417486123], [-98.838569209, 19.416935356], [-98.838937205, 19.416797863999996], [-98.839391993, 19.416545224], [-98.83959542, 19.416477624], [-98.839822696, 19.416568196999997], [-98.84009824, 19.416683665], [-98.840374139, 19.416729093999994], [-98.840606378, 19.416614072999998], [-98.84103207800001, 19.416591853000003], [-98.841462915, 19.416477004000004], [-98.841719051, 19.416569859999992], [-98.84196591000001, 19.416800523999992], [-98.84212047300001, 19.417028849000005], [-98.842265663, 19.417099014], [-98.842449332, 19.417074320999998], [-98.842739696, 19.416936754999995], [-98.84292355900001, 19.417006952], [-98.843233016, 19.417122445], [-98.843450996, 19.417075186999995], [-98.843717194, 19.417007636999998], [-98.843842778, 19.416962558999998], [-98.844002815, 19.416847471], [-98.844196316, 19.416800191999993], [-98.844428486, 19.416755204], [-98.844583379, 19.416640111999993], [-98.844849642, 19.416502521999995], [-98.8451206, 19.416434973], [-98.845382014, 19.416387751], [-98.845652898, 19.416297608], [-98.845861151, 19.416159967], [-98.846073878, 19.416227926999998], [-98.846218742, 19.416343275000003], [-98.846412353, 19.416481255999997], [-98.846567028, 19.416596612], [-98.846789661, 19.416664578999992], [-98.847147669, 19.416710066999997], [-98.847568584, 19.416710421], [-98.8478974, 19.416803328000004], [-98.84833741700001, 19.417056739000003], [-98.848734065, 19.417240074], [-98.849227247, 19.417583900000004], [-98.849503044, 19.417744539999997], [-98.849768976, 19.417859985], [-98.850001159, 19.417905362999992], [-98.850228461, 19.417975589000005], [-98.850455776, 19.418136188], [-98.850707371, 19.418412031], [-98.850992571, 19.418710493999995], [-98.851282564, 19.418871143], [-98.851573084, 19.418871380999995], [-98.851863359, 19.418826431], [-98.852269729, 19.41880191], [-98.852724517, 19.418849725], [-98.85326617700001, 19.418895349000003], [-98.853571068, 19.418802964], [-98.853842293, 19.418757995999997], [-98.854050379, 19.418803348999997], [-98.854379223, 19.418873652], [-98.85473734, 19.418803899999993], [-98.855109777, 19.418804198], [-98.855545278, 19.41868932], [-98.855922702, 19.418759657999995], [-98.85637751300001, 19.418782610999997], [-98.85683714600002, 19.418737788000005], [-98.857335433, 19.418713327], [-98.857616061, 19.418806179999997], [-98.857833359, 19.419104579000003], [-98.858234771, 19.419633572], [-98.85836033200002, 19.419724041999995], [-98.858573294, 19.419862025999997], [-98.85868920800002, 19.420092566999998], [-98.858805144, 19.420298253999995], [-98.858862996, 19.420481303], [-98.858954851, 19.420666637999997], [-98.859307989, 19.420849916999998], [-98.859457837, 19.421055629999998], [-98.859511041, 19.421216082], [-98.859573654, 19.421401394000004], [-98.85971868000001, 19.421677142999997], [-98.859873578, 19.421882859999997], [-98.860178333, 19.421950873999997], [-98.860487831, 19.422043744], [-98.860845851, 19.422204429999994], [-98.861232503, 19.422525547999996], [-98.861464824, 19.422756175], [-98.861812862, 19.423009482999994], [-98.862165911, 19.423307980999997], [-98.86244173, 19.423468600999996], [-98.86263031500002, 19.423606562000003], [-98.862697812, 19.423767023999996], [-98.862910572, 19.424155786], [-98.863089422, 19.424203366999997], [-98.863288031, 19.424203516], [-98.863568482, 19.424181134000005], [-98.863849011, 19.424294310000004], [-98.864061812, 19.424409694999998], [-98.864328014, 19.42468553], [-98.865174384, 19.424891758], [-98.865387186, 19.425007139999995], [-98.865798295, 19.425260488], [-98.866093458, 19.425421116999996], [-98.866432209, 19.425513999], [-98.866669151, 19.425466727], [-98.866877264, 19.425376507999996], [-98.867094907, 19.425399259999995], [-98.867322247, 19.425444612999996], [-98.867452845, 19.425559932999995], [-98.867627167, 19.425675285000004], [-98.867839974, 19.425788406000002], [-98.868144666, 19.425949038000002], [-98.868488032, 19.426109697999994], [-98.868812117, 19.426202565], [-98.869058781, 19.426385747], [-98.86940708800002, 19.426684226999996], [-98.86974059, 19.426914915999998], [-98.869997032, 19.427143289999997], [-98.870238971, 19.427281282000003], [-98.87057756, 19.427466786999997], [-98.870848364, 19.427604797999997], [-98.871109547, 19.427742801], [-98.871375644, 19.427810769], [-98.871612681, 19.427765751], [-98.871849892, 19.427741066], [-98.872120786, 19.427766108999997], [-98.872430374, 19.427766327], [-98.8726822, 19.427811689999995], [-98.872981941, 19.427857085999996], [-98.873185222, 19.427857228], [-98.873470727, 19.427834834], [-98.873712777, 19.42783500299999], [-98.873765778, 19.428155862], [-98.8738011, 19.429043796], [-98.87386881000002, 19.429685487999997], [-98.873940976, 19.430602817999997], [-98.873969924, 19.431727975000005], [-98.874027568, 19.43257751599999], [-98.874472344, 19.434184194], [-98.877461517, 19.434873067], [-98.880223561, 19.435629519999996], [-98.880963521, 19.435813010999997], [-98.881606729, 19.435951250000002], [-98.881805207, 19.436019157999997], [-98.881974282, 19.436041860999996], [-98.882162981, 19.436064577], [-98.882317799, 19.436042084000004], [-98.882434024, 19.435904341999997], [-98.882598451, 19.43576663], [-98.882743505, 19.435676351999994], [-98.883029089, 19.435561311000004], [-98.883648246, 19.435629488], [-98.88447509, 19.435813021000005], [-98.885012051, 19.435996365999998], [-98.88543287200001, 19.436066670000002], [-98.88554897, 19.435698476], [-98.885790863, 19.434986946000002], [-98.886047359, 19.434368056], [-98.887536945, 19.43093935], [-98.893198734, 19.431774196], [-98.896522572, 19.428201658], [-98.896749285, 19.427900267999995], [-98.897150315, 19.427495718000003], [-98.897686495, 19.426926025999997], [-98.898214671, 19.42636694], [-98.898820546, 19.425784894000003], [-98.899256354, 19.425483617], [-98.899497378, 19.425276143999998], [-98.899584555, 19.425197712999996], [-98.899755517, 19.425219148999997], [-98.899863341, 19.42521439], [-98.89999403, 19.425202072000005], [-98.900113627, 19.425151565999997], [-98.900404214, 19.425061352999997], [-98.900689397, 19.425086361999995], [-98.901438573, 19.425111623], [-98.902354596, 19.425137356], [-98.903822528, 19.425311612999998], [-98.903935885, 19.42515059], [-98.904475979, 19.425274787], [-98.905438572, 19.425494201], [-98.906170126, 19.425486651999996], [-98.906960015, 19.425564398], [-98.907402173, 19.425613470999995], [-98.90787868, 19.425654419], [-98.908325133, 19.425707564], [-98.908788763, 19.425748502], [-98.909239513, 19.425797575999994], [-98.909808239, 19.425912006], [-98.910164532, 19.42596103], [-98.91040066, 19.425957075], [-98.910555246, 19.425883883], [-98.910637874, 19.425787398999997], [-98.910768914, 19.425674497999992], [-98.91085587100001, 19.425697134], [-98.91091862000002, 19.425742351], [-98.911034427, 19.425789852999998], [-98.91128735400001, 19.425401374999993], [-98.911612948, 19.425035525], [-98.912297522, 19.424238925999997], [-98.912503556, 19.424300080999995], [-98.912834079, 19.424377584000002], [-98.913525185, 19.42455973], [-98.91385725, 19.424660092], [-98.914050366, 19.424786370999996], [-98.914183367, 19.424949254999998], [-98.914337816, 19.425148784], [-98.914532382, 19.425366781999998], [-98.914719703, 19.425642507], [-98.91485696, 19.425759613], [-98.91517459200001, 19.425869668999994], [-98.91539351, 19.425926756], [-98.915948214, 19.426066589], [-98.91645904, 19.426180798999994], [-98.917012791, 19.42629503199999], [-98.91764227500002, 19.426418724999998], [-98.918427828, 19.426594113999993], [-98.919269191, 19.426777662], [-98.920864256, 19.427179362999997], [-98.921723416, 19.427320402], [-98.92232366, 19.427460148], [-98.92282609, 19.427575587999996], [-98.923308886, 19.42771587], [-98.92384696, 19.427754043], [-98.924380799, 19.427801072999998]]]}}, {"type": "Feature", "properties": {"nombre": "Iztapalapa", "cob_baseline": 91.9, "cob_mb": 91.93, "delta_mb": 0.03, "categoria_baseline": "alta", "categoria_mb": "alta", "area_total_km2": 113.07, "km2_ganados": 0.03}, "geometry": {"type": "Polygon", "coordinates": [[[-99.01691918000002, 19.38187412], [-99.01652166, 19.381666], [-99.01641977, 19.381612649999997], [-99.01603612, 19.38141265], [-99.01579185, 19.381285289999997], [-99.01560557, 19.38118818], [-99.01513226, 19.380941429999996], [-99.01512222, 19.380936139999996], [-99.01466148, 19.380693489999995], [-99.01462003, 19.380671679999995], [-99.01419063, 19.380445519999995], [-99.01407438, 19.380384310000004], [-99.0137382, 19.38020725], [-99.01330977, 19.37998162], [-99.01328448, 19.37996829], [-99.0128094, 19.379718089999997], [-99.01251774, 19.379564479999992], [-99.01236312, 19.379483050000005], [-99.01189034, 19.379234049999997], [-99.01176689, 19.37916903], [-99.01147308, 19.37901428], [-99.01098271, 19.37875602], [-99.01096909, 19.37874885], [-99.0105334, 19.37851938], [-99.010164711, 19.378325196000002], [-99.00985334, 19.37813905], [-99.00962094, 19.378000118999996], [-99.009575404, 19.37797289], [-99.00945468, 19.377900719999996], [-99.00944688, 19.37789606], [-99.00932438, 19.377823089999993], [-99.00927509000002, 19.37779374], [-99.009271233, 19.377791443999993], [-99.00922692, 19.377765049999997], [-99.009224545, 19.377763639999998], [-99.00922217, 19.377762230000002], [-99.00913266, 19.377708909999996], [-99.00897465, 19.377614799999996], [-99.008974496, 19.377614707999996], [-99.00877074000002, 19.37749335], [-99.00865829, 19.37742636999999], [-99.00855948, 19.377367520000004], [-99.008551365, 19.377362687], [-99.008442479, 19.377297830999996], [-99.00844191300001, 19.377297492999997], [-99.008046584, 19.377062046], [-99.00801709, 19.37704448], [-99.00774302, 19.376881230000002], [-99.007719038, 19.376866946], [-99.00768335, 19.376845689999996], [-99.007460449, 19.37671293], [-99.00731065, 19.37662371], [-99.00691732, 19.37638945], [-99.00651786, 19.37615152], [-99.00616017, 19.37593846], [-99.00578569, 19.375715419999995], [-99.0056906, 19.37565878], [-99.00540872, 19.375490889999995], [-99.00504062, 19.37527163], [-99.00479152, 19.375123259999995], [-99.00462328, 19.37502305], [-99.00423386, 19.374791089999995], [-99.00422305, 19.37478485], [-99.00379055, 19.37453523], [-99.00332846, 19.374268519999998], [-99.00294725, 19.374048489999996], [-99.00291462, 19.37402966], [-99.00264845000001, 19.373876030000005], [-99.00223806, 19.37363917], [-99.00182806, 19.373402539999994], [-99.00141446, 19.373163799999997], [-99.00101451, 19.37293295], [-99.00061423, 19.372701909999996], [-99.00019657, 19.37246083], [-99.00015740000002, 19.37243823], [-99.00008071, 19.37239397], [-98.9997978, 19.37222735], [-98.99945043, 19.372022749999996], [-98.99939648, 19.37199098], [-98.99901232, 19.371764739999996], [-98.99862368, 19.371535829999996], [-98.99834614, 19.37137238], [-98.99821194, 19.37129334], [-98.99805235, 19.37119934], [-98.99788378, 19.371100059999996], [-98.997776851, 19.371037084000005], [-98.99762617, 19.37094834], [-98.997626039, 19.370948262999995], [-98.997625909, 19.370948186000003], [-98.99754715, 19.370901794999998], [-98.99749348000002, 19.37087018], [-98.99722822, 19.37071395], [-98.997168889, 19.37067902], [-98.99680975, 19.370467489999996], [-98.996809184, 19.370467157], [-98.996808619, 19.370466824], [-98.996806598, 19.37046563], [-98.996804516, 19.370464407000004], [-98.996803982, 19.370464092999995], [-98.99680345, 19.370463780000005], [-98.996470539, 19.37026769], [-98.996377378, 19.37021283], [-98.996161059, 19.370085429999992], [-98.996049088, 19.370019479999993], [-98.995824919, 19.369887450000004], [-98.995605861, 19.369758417999996], [-98.995604214, 19.369757445999998], [-98.995603801, 19.369757202999995], [-98.995602579, 19.369756481999996], [-98.995379108, 19.369624855], [-98.995330509, 19.369596229999996], [-98.995132458, 19.36947958], [-98.994882849, 19.36933257], [-98.994716778, 19.369234749999997], [-98.994599979, 19.369165949999996], [-98.994283518, 19.368979569999997], [-98.994281361, 19.368978294000005], [-98.994280955, 19.368978054000003], [-98.994280576, 19.368977830999995], [-98.994280139, 19.368977572999995], [-98.994276739, 19.368975570999996], [-98.994167785, 19.36891139700001], [-98.994073347, 19.368855772], [-98.99395356900001, 19.368785219999992], [-98.993872508, 19.368737480000004], [-98.993611779, 19.368583909999998], [-98.993440688, 19.368483119999997], [-98.993246739, 19.368368889999996], [-98.99304864800001, 19.3682522], [-98.992945419, 19.368191399999997], [-98.992617598, 19.367998313], [-98.99261754, 19.36799828], [-98.992614945, 19.367996745], [-98.992612538, 19.36799532], [-98.992607614, 19.367992435], [-98.99260752, 19.367992380000004], [-98.992317924, 19.367821798999998], [-98.992317864, 19.367821764], [-98.99227348, 19.36779562], [-98.992194028, 19.36774882], [-98.991939178, 19.367598709999996], [-98.991893938, 19.367553979999997], [-98.991799978, 19.367461080000005], [-98.991755379, 19.367003769999997], [-98.991806969, 19.36686498], [-98.991870138, 19.366695000000007], [-98.991883649, 19.366639829999993], [-98.99191782, 19.366500149999993], [-98.99194772, 19.366377850000003], [-98.99195798, 19.36633591], [-98.99198652, 19.36621928], [-98.99203703, 19.366012779999995], [-98.99205474, 19.36594042], [-98.99218458000001, 19.365409619999998], [-98.9922514, 19.36513651], [-98.99228669, 19.364992229999995], [-98.99233914, 19.36477782], [-98.99241835, 19.36445395], [-98.99246668, 19.364256430000005], [-98.99249734, 19.364131119999996], [-98.99257631, 19.36380828], [-98.99259575, 19.36372875], [-98.99262545, 19.363607419999994], [-98.99264394800001, 19.363531781], [-98.99267748, 19.36339468], [-98.99273917, 19.363142510000003], [-98.99277322, 19.36300332], [-98.9927768, 19.362988689999998], [-98.99285865, 19.362654079999995], [-98.99286777, 19.362620050000004], [-98.99290822, 19.36246923], [-98.99292726, 19.36239826], [-98.99297355, 19.36222568], [-98.99302005, 19.36205232], [-98.99311008, 19.36171665], [-98.99314532, 19.361585279999996], [-98.99338522, 19.36069088], [-98.9934676, 19.36038372], [-98.99351557, 19.360293179999992], [-98.99359366, 19.360145799999998], [-98.99406228, 19.359261419999996], [-98.99417526, 19.359048149999996], [-98.99444778, 19.35884611], [-98.99454728, 19.358566450000005], [-98.99455666, 19.358141319999998], [-98.994272048, 19.35785185], [-98.99375185, 19.357379889999997], [-98.99250323000001, 19.356332819999995], [-98.99247243, 19.356307], [-98.99160622, 19.355580589999995], [-98.99146742, 19.355464199999997], [-98.99136194, 19.35536357], [-98.99099235, 19.355011029999996], [-98.990886084, 19.35490966], [-98.990730859, 19.35476158], [-98.9905936, 19.354630650000004], [-98.99010645, 19.354165939999994], [-98.98962505, 19.353706719999998], [-98.989175749, 19.353278139999997], [-98.988777, 19.35289774], [-98.98809331, 19.35224554], [-98.98761354, 19.351781770999995], [-98.987583629, 19.351752861], [-98.987174719, 19.351357601000004], [-98.98603867800001, 19.350259454999996], [-98.985868349, 19.35009481], [-98.98545729, 19.349697454999998], [-98.98521018, 19.349458581000004], [-98.984817349, 19.349078849999998], [-98.984704379, 19.348969651000004], [-98.98448503000002, 19.348757600000003], [-98.983861619, 19.348163921], [-98.982560349, 19.346924740000002], [-98.982387939, 19.346760541], [-98.982229969, 19.34661011], [-98.981499219, 19.345914199999996], [-98.981273188, 19.345694940999998], [-98.98066022, 19.345100319999997], [-98.980584871, 19.345027226999992], [-98.979869879, 19.344333630999998], [-98.97963098, 19.344101890999998], [-98.979500949, 19.343975749999995], [-98.97919409, 19.343678060000002], [-98.97902224900001, 19.34351135], [-98.97899574900002, 19.343485661], [-98.97879332, 19.34328928], [-98.97854251, 19.342992546], [-98.97807752, 19.342442419999998], [-98.978077143, 19.342441974999993], [-98.97807676700002, 19.34244153], [-98.978063379, 19.342425681000005], [-98.977821996, 19.342140081999993], [-98.977808429, 19.342124029999994], [-98.97752732, 19.341649711], [-98.977277531, 19.341228180999998], [-98.97716208, 19.341033400999997], [-98.976456344, 19.339843050000002], [-98.97611251, 19.33931029], [-98.97582463, 19.338864249999997], [-98.97582292, 19.3388616], [-98.97547968, 19.338329770000005], [-98.97521552, 19.338031599999994], [-98.97495972, 19.33774286], [-98.974637, 19.33737857], [-98.974325149, 19.33702657], [-98.974324584, 19.337026093], [-98.974324546, 19.337026061], [-98.974324302, 19.337025855999997], [-98.974322691, 19.337024497000005], [-98.974321535, 19.337023524], [-98.974321195, 19.337023237999997], [-98.974313327, 19.337016607], [-98.974298241, 19.337003894], [-98.974293876, 19.337000215000003], [-98.974283421, 19.336991403], [-98.974208347, 19.336928136999997], [-98.974141523, 19.336871821999996], [-98.97411815600002, 19.336852130000004], [-98.974040933, 19.336787051], [-98.974021222, 19.336770438999995], [-98.973941709, 19.336703430999997], [-98.973872535, 19.33664513500001], [-98.973872319, 19.336644952999997], [-98.973856208, 19.336631374999996], [-98.973318243, 19.336178008999994], [-98.972868944, 19.335799360999992], [-98.97278818, 19.335731309999993], [-98.97275669500002, 19.33570616], [-98.972557538, 19.335547079999998], [-98.971865723, 19.334994541000004], [-98.971633479, 19.334809049999993], [-98.971201088, 19.334438647000002], [-98.97055562, 19.33388571], [-98.970222849, 19.333602259], [-98.969901458, 19.333328500999997], [-98.969764199, 19.333211583000004], [-98.9683786, 19.332031316], [-98.968290206, 19.331956015], [-98.968108546, 19.331801259999995], [-98.968043651, 19.331745988], [-98.9680292, 19.33173368], [-98.96768883600001, 19.331443739999997], [-98.96767388, 19.331431000000002], [-98.96727538, 19.33109155], [-98.96720277, 19.331029709999996], [-98.96691688, 19.330786150000005], [-98.9667784, 19.330671179999996], [-98.96651934, 19.330456060000003], [-98.966063319, 19.330077420000002], [-98.965693372, 19.329770226], [-98.96544812, 19.329566576000005], [-98.965373171, 19.32950434], [-98.965334071, 19.329471868999992], [-98.96528686, 19.32943266], [-98.96399668, 19.328361319999996], [-98.963776242, 19.328175630999997], [-98.962994628, 19.327517221999997], [-98.962531403, 19.327127009999998], [-98.96154396, 19.326295195999997], [-98.961345714, 19.326128193], [-98.96119773500001, 19.326003534999998], [-98.961184394, 19.325992295999995], [-98.961119764, 19.325937851999996], [-98.96088077, 19.32573652], [-98.960825163, 19.325689661000002], [-98.96044999, 19.325373508], [-98.960448386, 19.325372157], [-98.960874975, 19.325393999999996], [-98.96090516500001, 19.325395545999996], [-98.960931162, 19.325396877], [-98.96096814, 19.325398768], [-98.960975377, 19.325399137000005], [-98.961028587, 19.325401835], [-98.961193636, 19.325410206999994], [-98.961284882, 19.325414834999997], [-98.961308137, 19.325416014999995], [-98.961339258, 19.325417592999997], [-98.961754529, 19.325438654000003], [-98.96177928300001, 19.325439909999997], [-98.96181031, 19.325441483], [-98.962215412, 19.325462028], [-98.962273218, 19.325464958999998], [-98.962346727, 19.325468686999997], [-98.96237210100001, 19.325469973999994], [-98.962841975, 19.325493801], [-98.962878355, 19.325495645999997], [-98.962917985, 19.325497655999996], [-98.963371942, 19.325520674000003], [-98.96339421600001, 19.325521804], [-98.963434246, 19.325523832999995], [-98.963988514, 19.325551936999997], [-98.964044128, 19.325554755999995], [-98.964083275, 19.325556740999996], [-98.96460321, 19.325583101], [-98.964628029, 19.325584359], [-98.964665767, 19.325586272999995], [-98.965693481, 19.32563837], [-98.965817204, 19.325644642], [-98.965910357, 19.325649364], [-98.965949108, 19.325651328], [-98.966147791, 19.325661397999998], [-98.96618572, 19.325663319000007], [-98.966259141, 19.32566704], [-98.96635192, 19.32567174], [-98.96827468, 19.325722503000005], [-98.96827531, 19.325722519999996], [-98.96831469, 19.325666169999998], [-98.96861777000001, 19.32523252], [-98.96896021, 19.324742567000005], [-98.968960242, 19.324742521], [-98.96904583, 19.324750719999994], [-98.96930711, 19.324775779999996], [-98.96986462, 19.32485375], [-98.97039265, 19.324927599999995], [-98.97079228, 19.325182339999998], [-98.97118338, 19.32543163], [-98.97470915, 19.32566723], [-98.97532368, 19.325643489999997], [-98.975956399, 19.32494675099999], [-98.97616893, 19.32494146999999], [-98.97620284, 19.324940626999997], [-98.97629245, 19.324938399999997], [-98.97622817900002, 19.324296199999996], [-98.97651651, 19.32425569], [-98.976590509, 19.324947571], [-98.97694182, 19.325068171], [-98.97739272900002, 19.325223775], [-98.97739679, 19.325225175999996], [-98.97739738, 19.325225379999996], [-98.977409909, 19.32516606], [-98.97749386, 19.324768581000004], [-98.978045619, 19.324992351000002], [-98.977926599, 19.325285180999995], [-98.97820309, 19.32533108000001], [-98.978248589, 19.325084420000003], [-98.978248604, 19.325084338999996], [-98.978250737, 19.325072777], [-98.97833028, 19.324641549999996], [-98.97848705, 19.324610119999996], [-98.978497444, 19.324509726999995], [-98.97852496, 19.324243942], [-98.978545445, 19.324046071999998], [-98.978560306, 19.323902524999998], [-98.97856031, 19.32390249], [-98.978805194, 19.323921183000003], [-98.97892778, 19.323930539999996], [-98.97933937, 19.32396195], [-98.979708, 19.32402991], [-98.98019445, 19.324146800000005], [-98.98026437, 19.324190090000002], [-98.98060734, 19.324656650000005], [-98.98029222, 19.324999186999996], [-98.980087387, 19.325221841999994], [-98.97956743, 19.325787029999994], [-98.97986823, 19.326139580000003], [-98.9808926, 19.326187489999995], [-98.98653471, 19.326448249999995], [-98.98939318, 19.326580569999994], [-98.99294031, 19.326744659999996], [-98.99797145, 19.326977290999995], [-99.001353725, 19.327133602999996], [-99.001354309, 19.32713363], [-99.00755103, 19.325170890999992], [-99.00944903, 19.3245698], [-99.01873975, 19.321627109999994], [-99.02596114, 19.319338169999998], [-99.02597628, 19.31933389], [-99.0349164, 19.31680388], [-99.03873289, 19.315725831000005], [-99.038792855, 19.315685940000005], [-99.03885282000002, 19.315646050000005], [-99.038976412, 19.315488435], [-99.03903398, 19.315415020000003], [-99.039109396, 19.315299374], [-99.03915598, 19.315227940000003], [-99.039226145, 19.315120357000005], [-99.03924246, 19.315095340000003], [-99.03929525000001, 19.315014419999997], [-99.03931803, 19.314979480000005], [-99.03935592, 19.3149344], [-99.03937998, 19.314905779999997], [-99.03951288, 19.314747679999996], [-99.03958523, 19.314687289999995], [-99.03975494, 19.31483130999999], [-99.039870174, 19.314929095], [-99.040052331, 19.315083668999996], [-99.04010303, 19.315126689999996], [-99.04044249, 19.315414739999998], [-99.0407456, 19.315157379999995], [-99.04170937, 19.31433911], [-99.0417796, 19.314416401], [-99.04195288, 19.314215461000003], [-99.041985659, 19.3141758], [-99.04218435, 19.313935450000002], [-99.042231019, 19.313879000000004], [-99.04239466, 19.31368103], [-99.04252412, 19.313524419999997], [-99.042606849, 19.313424340999997], [-99.042641909, 19.313381939999996], [-99.0427818, 19.31321269], [-99.042806599, 19.31318271], [-99.0430282, 19.312914629999998], [-99.04326951, 19.31262271], [-99.043504849, 19.312338000999997], [-99.043612519, 19.312207741000005], [-99.044592249, 19.31291052], [-99.04467645, 19.312971081], [-99.044836319, 19.31277946], [-99.04483817, 19.31277726], [-99.04493451900001, 19.312861320999996], [-99.04526929, 19.313376879999993], [-99.04542843, 19.31355911], [-99.04561352, 19.31377685], [-99.045651119, 19.313821081], [-99.045704139, 19.313891480999995], [-99.045810279, 19.31403245], [-99.045933999, 19.314171651], [-99.046136109, 19.314335319999998], [-99.04631445000001, 19.314524579999997], [-99.046617739, 19.314876489999996], [-99.046688599, 19.314669050999992], [-99.047099411, 19.314136127], [-99.047511246, 19.313601868999996], [-99.04768425, 19.313377436], [-99.04812845900001, 19.312801171], [-99.048417431, 19.312442638], [-99.048861089, 19.311892181], [-99.048867659, 19.31188402], [-99.04938643, 19.312266541], [-99.049615223, 19.312419257], [-99.050309569, 19.312882720999994], [-99.050314349, 19.312885689999998], [-99.050429569, 19.312957169999997], [-99.050669681, 19.312692279999997], [-99.05088694, 19.312452600999993], [-99.050932507, 19.312397011999998], [-99.052050049, 19.311033660999996], [-99.052070762, 19.311007132999997], [-99.05226332, 19.310760520000006], [-99.0537826, 19.311859849999994], [-99.05398054, 19.311621511], [-99.05399543, 19.311604029999998], [-99.05418528, 19.311381260000005], [-99.05420808000001, 19.31135449], [-99.05444765, 19.31108009], [-99.0546558, 19.31084317], [-99.0548994, 19.310538719999993], [-99.05513534, 19.310257229999998], [-99.05518855, 19.31019375], [-99.0553488, 19.30999451], [-99.05547997, 19.30983143], [-99.05577065, 19.309479689999996], [-99.05609749, 19.30907983], [-99.05620243, 19.30895084999999], [-99.05693009, 19.30805651], [-99.05840228, 19.30625557], [-99.05987129, 19.30444065], [-99.06048654, 19.304690199999992], [-99.06088555, 19.304858219999996], [-99.06266389, 19.305440779999998], [-99.06339963, 19.30568498], [-99.063425249, 19.30561158], [-99.063435057, 19.305583478999996], [-99.0637168, 19.304776249999996], [-99.06383115, 19.304452029999997], [-99.06403265000002, 19.30387895], [-99.06417317, 19.303480019999995], [-99.06434805, 19.30296317], [-99.06449011, 19.302549819999996], [-99.06450045, 19.30252043], [-99.06477743, 19.30164308], [-99.064587, 19.30108665], [-99.06442212, 19.30060488], [-99.06438429000002, 19.30051238], [-99.06394543, 19.299480649999996], [-99.06360302, 19.29867306], [-99.06339926, 19.298401550000005], [-99.06296735, 19.29782602], [-99.06280238, 19.297606179999995], [-99.06264217, 19.297304], [-99.06262042, 19.296991519999995], [-99.06260949, 19.29683465], [-99.06259449, 19.296714539999996], [-99.06251211, 19.29632442], [-99.06245517, 19.296100259999996], [-99.06240491, 19.29590243], [-99.06235248, 19.2956958], [-99.06234111, 19.29565478], [-99.06212738, 19.294822149999998], [-99.0619776, 19.294424950000003], [-99.06171915, 19.294219569999996], [-99.06156205000002, 19.294092250000002], [-99.06160131, 19.29355602], [-99.06161785, 19.293069569999997], [-99.06163166, 19.292663109999992], [-99.061648925, 19.292630323], [-99.06168391, 19.29256388], [-99.06172362, 19.292519620000004], [-99.06209614, 19.292104399999996], [-99.06250632, 19.29164714], [-99.06282371, 19.29129471], [-99.06306765, 19.291042249999997], [-99.06338643, 19.29071237], [-99.06343305, 19.29066412], [-99.06353726, 19.29055763], [-99.06373675, 19.29035377], [-99.06416457, 19.28991945], [-99.06427266, 19.28980969], [-99.06439383, 19.289687459999996], [-99.06473062, 19.289347659999994], [-99.06494842, 19.28912794], [-99.06501483, 19.28906094], [-99.06535518, 19.28871754], [-99.06552131, 19.288552], [-99.0656972, 19.288376850000002], [-99.06575837, 19.28831594], [-99.06596305, 19.288112110000004], [-99.06603026, 19.28804563], [-99.06619380000001, 19.28788388], [-99.06636588, 19.28771366], [-99.06671075, 19.28737252], [-99.06702022, 19.287066419999995], [-99.06705771, 19.28702934], [-99.06720185, 19.286881379999993], [-99.06737629, 19.28670232], [-99.06757151, 19.286501920000003], [-99.06777478, 19.28629103], [-99.06793405, 19.286125739999996], [-99.06808915, 19.285964769999993], [-99.06811895, 19.285934029999996], [-99.06829823, 19.28572612], [-99.06847717, 19.28551857], [-99.06856075000002, 19.285421649999993], [-99.06864202, 19.2853284], [-99.06882062, 19.28512351], [-99.06896675, 19.28495585], [-99.06915292, 19.285085740000003], [-99.06987992, 19.285734739999995], [-99.0713758, 19.287070089999993], [-99.0721852, 19.287818259999995], [-99.07235648, 19.287948170000004], [-99.07407406, 19.28909898], [-99.07448726, 19.289371830999997], [-99.074941109, 19.289698140999995], [-99.07524588, 19.290079279999997], [-99.075909979, 19.290986171000004], [-99.077225709, 19.292848689999996], [-99.07731528, 19.292962909999996], [-99.07771972, 19.293227970000004], [-99.07802295, 19.29347402], [-99.07865931, 19.294213139999993], [-99.07897065, 19.29458851], [-99.07920638, 19.294868140000002], [-99.079694, 19.295453849999998], [-99.07997129, 19.295767799999997], [-99.08037112, 19.296237179999995], [-99.08231808, 19.298583200000003], [-99.08316822, 19.299652319999996], [-99.08337205, 19.30007888], [-99.08359065, 19.30040955], [-99.08384431, 19.30072386], [-99.08411274, 19.301039969999998], [-99.08435817, 19.301367000000003], [-99.084471675, 19.30151495499999], [-99.08458518, 19.30166291], [-99.08485678000001, 19.30198097], [-99.08513335, 19.30226975], [-99.08538377, 19.302591320000005], [-99.08562477, 19.302888740000004], [-99.08587528, 19.303190850000004], [-99.08615792, 19.303504429999997], [-99.08629183, 19.30360423], [-99.08671831, 19.303795379999997], [-99.08718538, 19.30414966], [-99.087198369, 19.30416565], [-99.08746558, 19.304483689999998], [-99.08765888, 19.304681859999995], [-99.087658897, 19.304681898999995], [-99.08793554, 19.305324860000002], [-99.087949879, 19.305341866], [-99.08814477000001, 19.305572999999995], [-99.088348597, 19.305848342000004], [-99.08839045, 19.30590488], [-99.088403848, 19.305917576999995], [-99.08844343, 19.30595509], [-99.088541881, 19.306068453999995], [-99.0886152, 19.306152879999996], [-99.088653202, 19.306191352999996], [-99.088841045, 19.306381524000003], [-99.088961602, 19.306503575], [-99.08902095, 19.30656366], [-99.089043259, 19.306594646999997], [-99.08923255, 19.30685758], [-99.089306265, 19.306939724], [-99.08937409800001, 19.307015314000004], [-99.08948686, 19.30714097], [-99.089559071, 19.30730353], [-99.08960131, 19.307398619999994], [-99.089668985, 19.307489647], [-99.08977171, 19.30762782], [-99.08987708, 19.307727659999998], [-99.090025192, 19.307870950999998], [-99.09029243, 19.30812949], [-99.09036485, 19.30822658], [-99.090378764, 19.308244361], [-99.09053497000001, 19.30844397], [-99.090572872, 19.308488287000003], [-99.09079876, 19.308752416999994], [-99.09081431, 19.3087706], [-99.090840492, 19.308805072], [-99.09141931, 19.30956715], [-99.09173563, 19.30998657], [-99.09179383, 19.31005212], [-99.09192695, 19.31021148], [-99.09224988, 19.31058463], [-99.09234897000002, 19.31067982], [-99.09261903, 19.31098848], [-99.092679169, 19.311062659999997], [-99.09272791000001, 19.311122779999998], [-99.09283431, 19.31126285], [-99.09318291, 19.31170222], [-99.09322362, 19.311757199999995], [-99.09357298, 19.31220446], [-99.09393523, 19.312668219999996], [-99.09408895, 19.31286825], [-99.09426540000001, 19.31277152], [-99.09496497, 19.31369132], [-99.09585052, 19.314815019999998], [-99.09675686, 19.31598845], [-99.09744042, 19.31682643], [-99.09771011000001, 19.31717297], [-99.09823803, 19.317959739999996], [-99.09844262, 19.318272659999998], [-99.09864655, 19.3185902], [-99.09868548, 19.31867442], [-99.09870974, 19.318794919999995], [-99.09864534, 19.318957550000004], [-99.09848874, 19.319038080000002], [-99.09869649, 19.319641419999996], [-99.09880066, 19.32044814999999], [-99.09905918, 19.320441909999992], [-99.09907626, 19.32044149], [-99.09907685000002, 19.320444109999997], [-99.099076881, 19.320444251], [-99.09912455, 19.32065715], [-99.09920703000002, 19.32091702], [-99.09924208, 19.320987289999998], [-99.09929842, 19.321100259999994], [-99.099412521, 19.32124398], [-99.099526547, 19.321387606], [-99.09953614000001, 19.321399690000003], [-99.099595323, 19.321473351999998], [-99.09995388, 19.321919629999996], [-99.10040642, 19.322404370000005], [-99.10068443, 19.322682740000005], [-99.10084271, 19.32283934], [-99.10104751, 19.322988519999996], [-99.10116957, 19.32307745], [-99.10141791, 19.323239249999997], [-99.10170205, 19.32342438], [-99.101967106, 19.323581891000003], [-99.10206649, 19.32364095], [-99.10239971, 19.32383897], [-99.10278154, 19.324055119999997], [-99.10334532100002, 19.324355982], [-99.10345822000001, 19.32441623], [-99.10382066, 19.324586920000005], [-99.103839791, 19.324596855999996], [-99.10398714, 19.32467338], [-99.10418618, 19.324810509999995], [-99.10433628, 19.324937950000002], [-99.104891259, 19.325480721], [-99.104924288, 19.325513023000003], [-99.10510152, 19.325686369999996], [-99.10518921, 19.325772128], [-99.10520637, 19.32578891], [-99.105217085, 19.325799389], [-99.10542843, 19.32600606], [-99.10554583, 19.32612089], [-99.105693851, 19.326265653000004], [-99.10572932, 19.326300339999996], [-99.105756658, 19.326334127000003], [-99.10577015, 19.326350800000004], [-99.10604632, 19.3266922], [-99.10607628, 19.326723024000003], [-99.106092603, 19.326739817999997], [-99.106433734, 19.327090785000003], [-99.10654434, 19.32720458], [-99.106818376, 19.327486528], [-99.10707015, 19.327745569999998], [-99.10758854, 19.328286779999996], [-99.10792922, 19.328726339999996], [-99.10801192, 19.3288546], [-99.10833594, 19.329357059999996], [-99.108352397, 19.329382582], [-99.10862126, 19.329799539999996], [-99.10894497, 19.330301519999992], [-99.10913969000002, 19.33060812], [-99.10930506, 19.330868479999992], [-99.10962974, 19.33131397], [-99.10972111, 19.33146666], [-99.10981803, 19.331731779999995], [-99.109838872, 19.331803712000003], [-99.1099816, 19.332296289999995], [-99.109996739, 19.332335261], [-99.11009231, 19.332581459999993], [-99.11016755, 19.33269646], [-99.11032337, 19.332879659999993], [-99.11043038, 19.332963279999998], [-99.11053825, 19.333047550000003], [-99.11058965, 19.33307654], [-99.110719999, 19.333143351], [-99.11126928, 19.333424879999995], [-99.11161825, 19.33366702], [-99.11193055000001, 19.33396334], [-99.11215849, 19.334218259999993], [-99.11243926, 19.3346344], [-99.11293458, 19.33536849], [-99.11296358, 19.33542932], [-99.11302234, 19.335558579999994], [-99.11321532, 19.335977259999993], [-99.11359669, 19.336648000000004], [-99.11376392, 19.33692402], [-99.11390745, 19.33733617], [-99.11395678, 19.33763714], [-99.1140204, 19.337959740000002], [-99.1140386, 19.33813626], [-99.11406845000002, 19.338249709999996], [-99.11413566, 19.33863749], [-99.11417763, 19.33896955], [-99.11418257, 19.339014539999997], [-99.11421591000001, 19.33922978], [-99.11431182, 19.33983092], [-99.11434483, 19.340071549999998], [-99.11439675000001, 19.34042052], [-99.11443222, 19.340585259999997], [-99.11444706, 19.34067862], [-99.11447549, 19.340790489999996], [-99.11454875, 19.34097055], [-99.11495277, 19.34187225], [-99.11511508, 19.34223448], [-99.11516334, 19.342333079999996], [-99.115242901, 19.342517294], [-99.1153072, 19.342666169999998], [-99.115415651, 19.342911494], [-99.11557154, 19.34326412], [-99.1156582, 19.343432769999996], [-99.115731413, 19.343532449999998], [-99.11587469, 19.343705519999997], [-99.11608208, 19.343963799999997], [-99.11621891, 19.34411602], [-99.11640454, 19.344394050000002], [-99.11705171, 19.345555879999996], [-99.11706686, 19.345583709999996], [-99.11726057, 19.345944549999995], [-99.11739218, 19.346189350000003], [-99.117764037, 19.346835284000004], [-99.11806118, 19.34735143], [-99.118136237, 19.347464604999995], [-99.1182316, 19.347608399999995], [-99.11890422, 19.34862262], [-99.11945725, 19.349456489999998], [-99.11954678, 19.349591480000004], [-99.11956006, 19.349614860000003], [-99.11982414, 19.349992539999995], [-99.12014642, 19.350427849999996], [-99.12024206, 19.35056126], [-99.120360381, 19.350844226], [-99.12036091, 19.35084549], [-99.120488086, 19.351149623], [-99.12048908, 19.351151999999995], [-99.12077737, 19.351841479999997], [-99.12093143, 19.35231506], [-99.12126186, 19.35334015], [-99.12145358, 19.35392006], [-99.12158857, 19.354636369999998], [-99.12189042, 19.35697649], [-99.121976093, 19.357633917999998], [-99.121977161, 19.357642108999993], [-99.121979724, 19.357661776], [-99.121979727, 19.357661806999996], [-99.121987106, 19.357662652999995], [-99.12199738, 19.35766382999999], [-99.121999415, 19.357664051000004], [-99.12200108900001, 19.357664231999998], [-99.122374807, 19.357704831999996], [-99.122386251, 19.357706073999996], [-99.12247734, 19.357715969999997], [-99.122553341, 19.35772422599999], [-99.122697688, 19.357739906000003], [-99.12362098, 19.357840200000002], [-99.12378569, 19.357858090000004], [-99.12462405, 19.357949149999992], [-99.12511462, 19.358002429999996], [-99.12561378, 19.358056650000005], [-99.12586594, 19.35808403], [-99.1261134, 19.358110909999994], [-99.12628765, 19.35812957], [-99.12658297, 19.358161849999995], [-99.12673385, 19.358178279999997], [-99.12708872, 19.358216829999996], [-99.12717063, 19.35822572], [-99.12770849, 19.358284119999997], [-99.12776735, 19.358290519999997], [-99.12827709, 19.358345879999998], [-99.12839762, 19.35835957], [-99.12869505, 19.35839126], [-99.12893025, 19.358417149999998], [-99.12909774, 19.35843498], [-99.12938605, 19.358466290000003], [-99.12952634, 19.358481519999994], [-99.12985812000001, 19.35851755], [-99.1301424, 19.358548419999998], [-99.13032808, 19.358568580000004], [-99.13086978, 19.3586274], [-99.13117791, 19.35866086], [-99.13136097, 19.35837569], [-99.13142411, 19.358260120000004], [-99.13176297, 19.35771671], [-99.13191325, 19.357520019999992], [-99.13212703000002, 19.35730109], [-99.13228743, 19.35717677], [-99.13236926, 19.35711982999999], [-99.13250225, 19.357033919999996], [-99.13269108, 19.356917689999992], [-99.13291486, 19.35680103], [-99.13307431, 19.35673608], [-99.13348817, 19.35658809], [-99.13367423, 19.356551939999996], [-99.13397046, 19.356533710000004], [-99.134270509, 19.35654069], [-99.13439652, 19.356546550000004], [-99.13455978, 19.35656363], [-99.13474722, 19.356569229999998], [-99.13503142, 19.356589089999996], [-99.13552422, 19.356623120000002], [-99.13591522, 19.356646369999996], [-99.13625383, 19.35667478], [-99.13657431, 19.356694620000003], [-99.13693711, 19.35671728], [-99.13727874, 19.35674283], [-99.13772165000002, 19.35676845], [-99.13923188, 19.35686529], [-99.139836, 19.3569176], [-99.13988874, 19.35714002], [-99.13989383, 19.3573696], [-99.13965634, 19.3583536], [-99.13939998, 19.35953678], [-99.13918800000002, 19.360485850000003], [-99.13904026, 19.361125949999998], [-99.13890378, 19.3618078], [-99.13876698, 19.362460721], [-99.13863765, 19.363080629999995], [-99.13851929, 19.36363092], [-99.13838248, 19.36428751], [-99.13822548, 19.364911280000005], [-99.13807891, 19.36550301999999], [-99.13795029000002, 19.366091349999998], [-99.13782963, 19.366704200999997], [-99.13773857, 19.36721143], [-99.13755736800002, 19.36801274], [-99.137417819, 19.368619999999996], [-99.13717746, 19.36961649], [-99.136930918, 19.37079038], [-99.13672634, 19.3716266], [-99.13645351, 19.372871740999994], [-99.13622903, 19.37384666], [-99.13600017, 19.374871631], [-99.13593905, 19.37522952], [-99.13579845, 19.37587129], [-99.13573048, 19.376191579999997], [-99.13548772000001, 19.377186979999998], [-99.13542468900002, 19.377306249999993], [-99.13503095, 19.37740052], [-99.134151399, 19.377480459999997], [-99.133850459, 19.377448339999997], [-99.133331429, 19.377396780000005], [-99.13287917, 19.377349719999998], [-99.13244846, 19.37730295], [-99.13200722, 19.377256199999998], [-99.131549849, 19.377215249999995], [-99.131402479, 19.377202769999997], [-99.13106998, 19.37716949], [-99.130841399, 19.377139749999998], [-99.13056878, 19.37711468], [-99.130198429, 19.37707796999999], [-99.130081739, 19.37706750999999], [-99.12969986, 19.377029139999998], [-99.129580509, 19.37699811], [-99.129538309, 19.37699314], [-99.12947758000001, 19.376975660000003], [-99.12910507900001, 19.376905629999996], [-99.12841352, 19.37678494], [-99.128363, 19.37677422], [-99.12827865, 19.37675857], [-99.12782466, 19.37667378], [-99.12761598, 19.37663435], [-99.127448139, 19.37659837], [-99.12732372, 19.376579569999997], [-99.127240969, 19.376567660000003], [-99.12680137, 19.376498029999997], [-99.12666145, 19.37647215], [-99.126625865, 19.376464019], [-99.126444709, 19.37642262], [-99.12639002, 19.376411369999992], [-99.12616889, 19.37637997], [-99.125995996, 19.376346247], [-99.125973509, 19.37634186], [-99.12589265900002, 19.376328400000002], [-99.125598287, 19.376284896], [-99.12543463, 19.376260709999997], [-99.125266689, 19.376231940000004], [-99.12501751, 19.37619089], [-99.12457971, 19.37609631], [-99.124456498, 19.376066802999997], [-99.12440779900001, 19.376055139999995], [-99.12409434, 19.375999879999995], [-99.123981219, 19.37597671], [-99.12355424900001, 19.375900319999992], [-99.12316971, 19.375836779999997], [-99.122663687, 19.375737971], [-99.122533918, 19.375699509999997], [-99.122537365, 19.375916650999997], [-99.122561409, 19.377432229999993], [-99.122563807, 19.377583326999996], [-99.12256598, 19.377720260000007], [-99.122569166, 19.377883419], [-99.122570432, 19.377948256], [-99.122572974, 19.378078413], [-99.122589149, 19.378906709999995], [-99.122578114, 19.379952709999998], [-99.122577144, 19.380044675], [-99.12257648, 19.38010767999999], [-99.122592999, 19.380274659999994], [-99.12259278, 19.380282120999997], [-99.122562629, 19.381312], [-99.1225572, 19.38149794], [-99.122483366, 19.382360579999997], [-99.12247651, 19.38244069], [-99.121126599, 19.382348150000002], [-99.12085166, 19.38232969], [-99.12055388, 19.38231568], [-99.12038791, 19.382309509999995], [-99.12011415, 19.382294599999994], [-99.119786029, 19.38227835], [-99.11936626, 19.382253109999997], [-99.11908258, 19.382239950000002], [-99.11880345, 19.382225779999995], [-99.118430799, 19.38219925], [-99.118173949, 19.382182080000003], [-99.11808891, 19.38217617], [-99.11793029, 19.382168430000004], [-99.11782442, 19.382163620000004], [-99.11778305, 19.382161049999997], [-99.117714549, 19.38216069], [-99.117663019, 19.382157600000003], [-99.11756589, 19.38215263], [-99.11736889, 19.382146369999997], [-99.117196249, 19.382137749999988], [-99.117028739, 19.382128339999998], [-99.11692115, 19.38212234], [-99.11676894, 19.382105719999995], [-99.116670949, 19.382092690000004], [-99.11647522, 19.382080819999995], [-99.11631985, 19.382064740000004], [-99.11614186, 19.382052249999997], [-99.11601835, 19.38203672], [-99.11583538000001, 19.38201703], [-99.115729689, 19.381999519999994], [-99.11558911, 19.38197529], [-99.11541102000001, 19.38196239999999], [-99.11530691, 19.38195314], [-99.115127169, 19.38193288], [-99.11504108, 19.38191866], [-99.114805149, 19.381893449999996], [-99.11473952000001, 19.381884250000002], [-99.11446477, 19.3818362], [-99.11440466, 19.381827719999997], [-99.114096799, 19.381782539999996], [-99.113915169, 19.381754939999993], [-99.11376024900001, 19.381731149999997], [-99.11356606, 19.381709489999995], [-99.11337948, 19.38169405], [-99.11311447900002, 19.381679519999995], [-99.11305775000001, 19.381678419999993], [-99.112832599, 19.381671769999997], [-99.11272052, 19.381658690000002], [-99.112598709, 19.381641740999996], [-99.112380779, 19.381609579999992], [-99.11220982, 19.38157915], [-99.11204634, 19.38155538], [-99.11195965, 19.381543539999996], [-99.111730259, 19.381509519999994], [-99.11156038, 19.38148258], [-99.111334019, 19.381441679999995], [-99.11112318, 19.381400519999996], [-99.11093602, 19.381355919999997], [-99.110688688, 19.381326925], [-99.11058278, 19.38131451], [-99.110556449, 19.38131154], [-99.11052609, 19.381309029999997], [-99.11045894, 19.381301999999998], [-99.11041538, 19.381295459999997], [-99.110386859, 19.381292800000004], [-99.109435749, 19.38117902], [-99.109413725, 19.381175582000004], [-99.109398079, 19.381173140000005], [-99.10918378, 19.381148819999996], [-99.108929199, 19.381119939999998], [-99.10875375, 19.381096119999995], [-99.108569349, 19.38107046], [-99.108522399, 19.38106718], [-99.10800568, 19.38100163], [-99.107671399, 19.380962149999995], [-99.107433719, 19.380940880000004], [-99.107362368, 19.38092632], [-99.10731474, 19.380921280000003], [-99.107200709, 19.380909709999997], [-99.10703846, 19.380893230000005], [-99.10692871, 19.380882459999995], [-99.10685358, 19.38087526], [-99.10674528, 19.380864279999994], [-99.10655865, 19.38085604999999], [-99.10630031, 19.380862369999996], [-99.10608935, 19.380848289999996], [-99.10593774, 19.380831219999997], [-99.10572452, 19.38080974], [-99.10566672, 19.380809769999995], [-99.10540278, 19.3807756], [-99.105107059, 19.380737919999998], [-99.104754049, 19.380690079999994], [-99.104265249, 19.380627430000004], [-99.10375534, 19.380557179999997], [-99.10336952, 19.38051014], [-99.10301785, 19.38044738], [-99.10125043000001, 19.380239580000005], [-99.10114425, 19.380242079999995], [-99.101091539, 19.380243320000005], [-99.100793719, 19.380232020000005], [-99.09951323000001, 19.38008794], [-99.099135819, 19.380045230000004], [-99.09872002, 19.379998680000003], [-99.098314089, 19.379953599999997], [-99.09796746, 19.379909719999997], [-99.09761423, 19.379868599999995], [-99.09728786, 19.37983512], [-99.09702051000001, 19.37981012], [-99.096663519, 19.379780650000004], [-99.096300569, 19.37975308], [-99.09598618, 19.379740549999998], [-99.095732476, 19.379634379999995], [-99.09564765, 19.37959888], [-99.095547828, 19.379754232], [-99.09526235, 19.38019851], [-99.09507306, 19.380493109999993], [-99.094881999, 19.380790449999996], [-99.09482691, 19.380876180000005], [-99.09471238, 19.381054419999998], [-99.09455674, 19.38129664999999], [-99.09435323, 19.381613349999995], [-99.09391129, 19.382301119999997], [-99.093533979, 19.382888309999995], [-99.09324502, 19.38333803], [-99.093145108, 19.38349349], [-99.09297925, 19.383729], [-99.092950743, 19.383790267999995], [-99.092909889, 19.383878072999998], [-99.09289743, 19.38390485], [-99.092885053, 19.383940533], [-99.09284595, 19.38405328], [-99.09282340400001, 19.384087763999993], [-99.092317089, 19.384862139999992], [-99.09223754, 19.38499981999999], [-99.09189435, 19.385540289999998], [-99.09155718, 19.38607089], [-99.09116643, 19.38670226], [-99.090938339, 19.38705548], [-99.09073809, 19.3873658], [-99.090548199, 19.387652779999993], [-99.09047786, 19.38775908], [-99.09038829, 19.387899119999997], [-99.090216909, 19.38817355], [-99.089866969, 19.38871543], [-99.08967823, 19.388998850000004], [-99.089503429, 19.389266829999997], [-99.08932634, 19.38955458], [-99.08913522, 19.389857880000005], [-99.0889956, 19.390079200000002], [-99.088801369, 19.39038231], [-99.088670164, 19.39035991], [-99.088612044, 19.390349985999997], [-99.08824295, 19.39028697], [-99.087860229, 19.39023702], [-99.08749226, 19.390184429999998], [-99.087126849, 19.39012992], [-99.08686398, 19.390091879999993], [-99.08676749, 19.3900724], [-99.08665794900001, 19.390063119999994], [-99.086570478, 19.390057370999997], [-99.08652653900002, 19.39015209], [-99.08637437, 19.39010283], [-99.08490702000002, 19.389670479999996], [-99.084583739, 19.389475281000003], [-99.0845254, 19.389928339999997], [-99.084384429, 19.39063506], [-99.08432422, 19.390959879999997], [-99.08430523, 19.39107586], [-99.08422929, 19.39146786], [-99.08414314, 19.39190028], [-99.08403214, 19.39249615], [-99.08401798, 19.39257215], [-99.083833128, 19.392523284999992], [-99.083648279, 19.39247442], [-99.083582909, 19.392427749999996], [-99.083208179, 19.392246289999996], [-99.08313963, 19.392215979999992], [-99.08279908, 19.392030279999997], [-99.08243969, 19.39183354], [-99.08237514, 19.391798969999996], [-99.08211277, 19.391657119999998], [-99.081913679, 19.391559419999997], [-99.08177543, 19.391499949999996], [-99.081428709, 19.391318799999997], [-99.081367649, 19.39129134], [-99.08105202000002, 19.39111489], [-99.08091297000001, 19.391048539999996], [-99.0806926, 19.390933650000004], [-99.0804482, 19.390815939999996], [-99.08037231, 19.39077617], [-99.07994086000001, 19.390532401], [-99.079387, 19.390247290000005], [-99.07936172, 19.39023123], [-99.078859779, 19.38997594], [-99.078811429, 19.389948430000004], [-99.078354579, 19.38972669], [-99.077852999, 19.389454859999997], [-99.077262149, 19.389142949999997], [-99.07675815, 19.388899449999997], [-99.07631765, 19.38868363], [-99.075893399, 19.38846975], [-99.074842539, 19.387897349999996], [-99.074514769, 19.387731076], [-99.07451247400002, 19.387729910999994], [-99.07432966, 19.38763717], [-99.074117473, 19.387533044], [-99.074112178, 19.387530446], [-99.073910509, 19.387431479999996], [-99.07348925, 19.38721166], [-99.073014459, 19.38695549], [-99.07252503000001, 19.38672422999999], [-99.072127149, 19.3865136], [-99.07173517, 19.386327219999995], [-99.071377219, 19.386142399999997], [-99.070922049, 19.385882719999998], [-99.07072638, 19.385777679999997], [-99.070444089, 19.3856256], [-99.069949289, 19.38537648999999], [-99.06947802, 19.385131000000005], [-99.06895562, 19.384863060000004], [-99.067605549, 19.384172259999996], [-99.066734599, 19.38371678], [-99.06655008500002, 19.383626945], [-99.06636557, 19.383537109999995], [-99.066159303, 19.383507310000002], [-99.066156996, 19.383506976999993], [-99.06583542900002, 19.38346052], [-99.065549569, 19.383408001999996], [-99.065544863, 19.383407138000003], [-99.065542913, 19.38340678], [-99.064997628, 19.383306600000004], [-99.06412645, 19.38314298], [-99.063659599, 19.383072489999996], [-99.063351319, 19.383015174], [-99.06324851, 19.382996060000004], [-99.062392059, 19.382850459999997], [-99.06152634, 19.38269648], [-99.06103989, 19.382618871], [-99.0608484, 19.382588319999993], [-99.060836622, 19.382968906], [-99.060836295, 19.38297946699999], [-99.060832565, 19.383100013], [-99.06083148000002, 19.383135059999997], [-99.060800108, 19.383316799999992], [-99.060785242, 19.383478737000004], [-99.060782786, 19.383505465], [-99.060782319, 19.383510569999995], [-99.060753148, 19.383685683000003], [-99.060753114, 19.38368588999999], [-99.06075236800001, 19.383690371], [-99.060644349, 19.38433879999999], [-99.060510109, 19.385251149999995], [-99.06042789, 19.38572146], [-99.06037016900001, 19.38606486], [-99.060349509, 19.38615745], [-99.06025151, 19.386735059999996], [-99.06020749, 19.387047059999997], [-99.06016629, 19.38732689], [-99.06004277, 19.38798474], [-99.059990319, 19.38829166], [-99.059935443, 19.388677168], [-99.059927574, 19.388732444], [-99.059925941, 19.388743917999996], [-99.05987007, 19.389136419], [-99.059843436, 19.389323516999998], [-99.05984307, 19.389326081999997], [-99.059796969, 19.38964994], [-99.05971315, 19.390008109999997], [-99.059597909, 19.390696479999992], [-99.05952948900001, 19.391211119999998], [-99.059493479, 19.391388859999996], [-99.05944603, 19.391655109999995], [-99.05941788, 19.3918892], [-99.05935152, 19.39228608], [-99.05923246, 19.393027399999998], [-99.05918803, 19.393252109999995], [-99.05915926, 19.393370150000003], [-99.059086449, 19.39376162], [-99.05897694, 19.394254620000005], [-99.058976029, 19.394536980000005], [-99.05892688, 19.39509242], [-99.058823779, 19.395705509999996], [-99.05877428, 19.396116059999997], [-99.058662569, 19.397141680000004], [-99.058598415, 19.397805646], [-99.058577671, 19.398020342999995], [-99.058564059, 19.398161216], [-99.058557979, 19.39822415], [-99.058558379, 19.398293679999995], [-99.058550517, 19.398347988], [-99.05853100600001, 19.398482784], [-99.058523324, 19.398535864], [-99.058512248, 19.398612370000002], [-99.058373849, 19.39977657], [-99.058353969, 19.399956019999994], [-99.05831798, 19.400281219999997], [-99.058267574, 19.400735799999996], [-99.058267569, 19.400735850000004], [-99.058133379, 19.400719640000002], [-99.05813288, 19.40071958], [-99.05813572, 19.40069215], [-99.05793235, 19.400608709999997], [-99.05761126, 19.400476969999996], [-99.05630072, 19.399939260000004], [-99.05611308, 19.399862280000004], [-99.05557055, 19.399639680000003], [-99.05496078000002, 19.39938949], [-99.05490922, 19.399365948999996], [-99.054909025, 19.39936586], [-99.05490889, 19.399365796999998], [-99.054908659, 19.399365692], [-99.05417794100002, 19.399032151999993], [-99.05392854, 19.39891831], [-99.05379197, 19.39885562999999], [-99.05331962, 19.39863883], [-99.05290603, 19.398449019999997], [-99.05257143, 19.398297400000004], [-99.05245977, 19.39824682], [-99.05186063, 19.39797534], [-99.05139854, 19.39776595], [-99.05131825, 19.397729580000004], [-99.05087012, 19.397526520000003], [-99.05065875, 19.397430749999995], [-99.05050849, 19.397362659999995], [-99.05011097, 19.397180579999997], [-99.04963938, 19.39696458], [-99.04924797, 19.396785289999993], [-99.04915257, 19.3967416], [-99.04884795, 19.39660206], [-99.04845346, 19.39642137], [-99.04815346, 19.396283949999997], [-99.048009, 19.39621778], [-99.047911658, 19.396173190999995], [-99.047895829, 19.396165939999996], [-99.04778495, 19.396115149999993], [-99.04739738, 19.395940489999997], [-99.04703938, 19.39577915], [-99.04686620000001, 19.39570111], [-99.04631435, 19.3954524], [-99.04578774, 19.39521508], [-99.04567509, 19.39516431], [-99.04525034000001, 19.39497288], [-99.04472388, 19.39473562], [-99.04459672, 19.394678309999996], [-99.04447355, 19.3946228], [-99.04432902, 19.394557059999997], [-99.0439054, 19.394364349999996], [-99.04348342, 19.394172399999995], [-99.04325352000001, 19.39406783], [-99.04306768, 19.39398329], [-99.04269868, 19.393815450000005], [-99.04228548000002, 19.39362748], [-99.04228046, 19.393625200000002], [-99.042276542, 19.393623415], [-99.04227610300002, 19.393623215], [-99.042275459, 19.393622923000002], [-99.04183271, 19.39342152699999], [-99.04176415, 19.39339034], [-99.04160712000001, 19.393318909999998], [-99.04120398, 19.393133369999997], [-99.04085268, 19.39297169], [-99.04082491, 19.392958919999998], [-99.04044628, 19.39278466], [-99.04015014, 19.39264837], [-99.04002734, 19.39259186], [-99.03971818, 19.39244957], [-99.03928875, 19.392251939999998], [-99.03888908, 19.392067980000004], [-99.038505481, 19.391891446999992], [-99.03850431, 19.391890907], [-99.038504047, 19.391890785], [-99.038503606, 19.391890583], [-99.0385026, 19.39189012], [-99.038189726, 19.391746124999997], [-99.03810465, 19.39170697], [-99.03771397, 19.391527150000005], [-99.03731663, 19.39134429], [-99.03712966000002, 19.391258229999995], [-99.03694388, 19.391172719999997], [-99.03650017, 19.39096851], [-99.036153, 19.39080878], [-99.03574818, 19.39062254], [-99.03572369, 19.390611279999998], [-99.03532015, 19.39042562], [-99.03491128, 19.39023751], [-99.03462702, 19.390106719999995], [-99.03459005, 19.39008971], [-99.03385266, 19.389750460000002], [-99.0336314, 19.38964866], [-99.03345412, 19.38956709], [-99.03306266, 19.38938698], [-99.03288398, 19.38930478], [-99.03266978, 19.38920623], [-99.03227923, 19.38902654], [-99.0318928, 19.388848739999993], [-99.03148871, 19.38866282], [-99.03141974, 19.388631079999993], [-99.03104074000001, 19.38845671], [-99.03080729, 19.38834929], [-99.03066657, 19.388285940000003], [-99.03028402, 19.388113709999992], [-99.02995418, 19.387965199999996], [-99.02986932, 19.387927], [-99.02948568, 19.38775426], [-99.02907825, 19.38757083], [-99.029077504, 19.387570493999995], [-99.029077103, 19.387570312999998], [-99.029076415, 19.387570002000004], [-99.029074848, 19.387569294999995], [-99.029073785, 19.387568814999998], [-99.02907370900002, 19.387568780999995], [-99.029072013, 19.387568016], [-99.029069179, 19.387566741], [-99.028718895, 19.387409033], [-99.02869028, 19.38739615], [-99.02829654, 19.387218879999995], [-99.02792765, 19.38705278], [-99.02766702, 19.386935430000005], [-99.02747951, 19.386851019999995], [-99.02704328, 19.3866546], [-99.02666749, 19.386485399999994], [-99.02630335, 19.38632145], [-99.02624397, 19.38629471], [-99.02588451, 19.38613286], [-99.02549786, 19.385958769999995], [-99.02522842, 19.385837450000004], [-99.024959, 19.385716139999996], [-99.02488748, 19.38568394], [-99.02480535, 19.385646949999995], [-99.02440712, 19.385467649999992], [-99.02401794, 19.3852924], [-99.02363371, 19.3851194], [-99.02350178, 19.385059979999998], [-99.02317455, 19.38491265], [-99.02276346, 19.384727539999997], [-99.02271442, 19.38470545], [-99.02236468000001, 19.384547970000003], [-99.02235225, 19.384542369999995], [-99.02195765, 19.38436469], [-99.02192763, 19.384351169999995], [-99.02155248, 19.38418225], [-99.02116694, 19.38400863], [-99.02111203, 19.38398391], [-99.0207544, 19.38382288], [-99.02034845, 19.383640079999996], [-99.02033774000002, 19.383634779999998], [-99.02006411000002, 19.383499539999992], [-99.01994948, 19.383442889999994], [-99.01957205, 19.38325635], [-99.01955189, 19.383245849999994], [-99.01914631, 19.38303465], [-99.01877675, 19.382842179999994], [-99.01871805, 19.38281162], [-99.01832866, 19.382608829999995], [-99.01798615, 19.38243045999999], [-99.01794938, 19.38241132], [-99.017901592, 19.382386432], [-99.01752908, 19.38219243], [-99.017241209, 19.382042511999998], [-99.01720428, 19.38202327999999], [-99.01716646, 19.38200358], [-99.01701542, 19.38192451], [-99.01691918000002, 19.38187412]]]}}, {"type": "Feature", "properties": {"nombre": "Naucalpan de Juárez", "cob_baseline": 13.46, "cob_mb": 13.49, "delta_mb": 0.03, "categoria_baseline": "baja", "categoria_mb": "baja", "area_total_km2": 157.04, "km2_ganados": 0.05}, "geometry": {"type": "Polygon", "coordinates": [[[-99.414396405, 19.430654860999997], [-99.414383291, 19.430745768999994], [-99.41436422300002, 19.430892436999994], [-99.414222888, 19.431846019999995], [-99.414026824, 19.433129514999994], [-99.413600968, 19.436849329999998], [-99.413296407, 19.438501548], [-99.413035209, 19.440088147999997], [-99.412804227, 19.441306419000004], [-99.412377195, 19.441698242999998], [-99.412190837, 19.441953962999996], [-99.412009731, 19.442252597999996], [-99.41189531, 19.442438117999995], [-99.411588954, 19.442784481], [-99.411402126, 19.442967905], [-99.411191377, 19.44322368], [-99.410937866, 19.443522477], [-99.410784822, 19.443730676000005], [-99.410589428, 19.444031601], [-99.41043198, 19.444307587999997], [-99.410116896, 19.444746598000002], [-99.409959144, 19.444977399999992], [-99.409687093, 19.445368867000006], [-99.409505979, 19.445667499], [-99.409334682, 19.445968368000003], [-99.40917281, 19.446266957], [-99.409001568, 19.446590417999996], [-99.40877747, 19.446959182999997], [-99.408644501, 19.447235114], [-99.408401652, 19.447649105999993], [-99.408109834, 19.447491613999997], [-99.407774424, 19.447311626999998], [-99.40760418, 19.447196786999996], [-99.407306191, 19.446856306999997], [-99.406950242, 19.446538548999996], [-99.406565542, 19.446266040999998], [-99.406390441, 19.44615121], [-99.406035298, 19.445926078999992], [-99.405869366, 19.445743449], [-99.405581706, 19.445493314], [-99.405206481, 19.445198188], [-99.404846174, 19.444925620999996], [-99.404520338, 19.444723013999994], [-99.404141547, 19.444563449999997], [-99.40391871, 19.444521019999996], [-99.403691714, 19.44456897], [-99.403599974, 19.444569173999998], [-99.403270625, 19.444524721], [-99.402723203, 19.444437825999998], [-99.402436842, 19.444325497999998], [-99.402276479, 19.444235482999996], [-99.402013763, 19.444053064], [-99.401722354, 19.443940746], [-99.401576964, 19.443895883000003], [-99.40119467100001, 19.443898987999997], [-99.401020415, 19.443854188], [-99.400758561, 19.443789247], [-99.400538389, 19.443706139999993], [-99.400262354, 19.443568934000005], [-99.39994752600002, 19.443384368], [-99.39967614900002, 19.44308674299999], [-99.399327537, 19.442604027000005], [-99.399128959, 19.442351425999995], [-99.398804618, 19.442053915000002], [-99.39804437, 19.441569840999996], [-99.397235723, 19.441042944000003], [-99.397037096, 19.440767748], [-99.396668886, 19.440330255000003], [-99.396276715, 19.440145851], [-99.395933032, 19.440078823], [-99.395027247, 19.440031093], [-99.394736865, 19.440101763], [-99.39412199, 19.440399064], [-99.39388950700001, 19.440422160999994], [-99.39370555400001, 19.440422560000002], [-99.393347182, 19.440308114999997], [-99.393071268, 19.440216081999996], [-99.392906553, 19.440056031], [-99.392601507, 19.439733615], [-99.392436648, 19.439275340000002], [-99.391860515, 19.438607839999996], [-99.391410189, 19.438400959], [-99.390906657, 19.438332007], [-99.390272308, 19.438333372000002], [-99.389759031, 19.438332216], [-99.389114869, 19.438333598], [-99.388465952, 19.43837791399999], [-99.387468421, 19.438402640000003], [-99.386979573, 19.438378831000005], [-99.386587188, 19.438379667], [-99.385938384, 19.43831101], [-99.385241102, 19.43828764], [-99.38485382, 19.438311054000003], [-99.384611564, 19.438309308999997], [-99.383977351, 19.438288059], [-99.383691568, 19.438654666], [-99.383197778, 19.439204712], [-99.38271357, 19.439779589999997], [-99.38244723, 19.440193598000004], [-99.382074517, 19.440582978000002], [-99.381725693, 19.440881936999997], [-99.381328664, 19.441180995999996], [-99.380921996, 19.441432629], [-99.380495709, 19.441686561999997], [-99.380142387, 19.441938082], [-99.379764691, 19.442237096999992], [-99.379498486, 19.4424681], [-99.379193322, 19.442742109999994], [-99.378965836, 19.442950437999993], [-99.378694322, 19.443111414], [-99.378399158, 19.443179808000004], [-99.378195629, 19.443202825], [-99.37798757100002, 19.443203258], [-99.377711407, 19.443249019000003], [-99.377595254, 19.443362223999994], [-99.377498498, 19.443500240999995], [-99.377367827, 19.44363832899999], [-99.377164364, 19.443731381999996], [-99.376776981, 19.443799964999993], [-99.376626809, 19.443868055], [-99.376292595, 19.444189566], [-99.376156977, 19.444372847999997], [-99.375977751, 19.444648851], [-99.37581822300001, 19.445040035999998], [-99.375493636, 19.445406709999997], [-99.37524666, 19.445843261000004], [-99.37509181000001, 19.446074027000005], [-99.374897842, 19.446280022], [-99.37454941700001, 19.44634852], [-99.374099047, 19.446372041999997], [-99.373745425, 19.446417955999994], [-99.373445255, 19.446508945], [-99.373033695, 19.446715385999994], [-99.372520379, 19.447084702], [-99.372011974, 19.447519526], [-99.371697127, 19.44781839599999], [-99.371377471, 19.448139866999995], [-99.371217508, 19.448345788], [-99.371115853, 19.448553849999996], [-99.371077332, 19.448874744999998], [-99.371101319, 19.449242958], [-99.371266105, 19.449816476], [-99.37163893, 19.451171276999997], [-99.371968005, 19.45238835], [-99.372219723, 19.453354802], [-99.371924514, 19.453538409], [-99.37161444300001, 19.453722045999996], [-99.371353149, 19.453905582000004], [-99.37105766, 19.454134373], [-99.370776613, 19.454387987], [-99.37043762, 19.454549087999997], [-99.369987261, 19.454755600999995], [-99.369677261, 19.454846603999997], [-99.369386886, 19.454937567], [-99.369120488, 19.455098516999996], [-99.368994564, 19.455236589000002], [-99.368834851, 19.455557730999992], [-99.36873298, 19.455926198999997], [-99.368645736, 19.456317230999996], [-99.368655423, 19.456683213000005], [-99.368558626, 19.457442526], [-99.36849551, 19.457971322999995], [-99.368413105, 19.458269714999997], [-99.368214809, 19.458636119999998], [-99.36814685200001, 19.458751479999997], [-99.368083787, 19.459049831999998], [-99.368083735, 19.459280277999998], [-99.368074309, 19.459578520999997], [-99.367982165, 19.460037339999992], [-99.367831985, 19.460405906], [-99.367604384, 19.460749777], [-99.367275032, 19.461392078], [-99.366853555, 19.462335047000003], [-99.366698652, 19.462723954999998], [-99.366543485, 19.463207752999995], [-99.366451546, 19.463506162999998], [-99.366286801, 19.464010312999996], [-99.366127098, 19.464469268], [-99.365976909, 19.464837831999997], [-99.365918625, 19.465273988999996], [-99.36585575, 19.465617525], [-99.365700611, 19.466031284999996], [-99.365603749, 19.466514964], [-99.365497141, 19.467156812], [-99.3654148, 19.46761561], [-99.365293522, 19.468259746], [-99.365191838, 19.468718582999998], [-99.365041813, 19.469545778], [-99.364872053, 19.470325568], [-99.364576395, 19.472072577999995], [-99.364392443, 19.472899841], [-99.364339247, 19.473313393999995], [-99.36421806900002, 19.473749676], [-99.3640822, 19.474093357999998], [-99.363936909, 19.474484503999996], [-99.363888588, 19.474735379], [-99.363723924, 19.475241786], [-99.363491501, 19.475700883999995], [-99.363389511, 19.47606935], [-99.363292766, 19.476482989999997], [-99.363258782, 19.476711243999997], [-99.363079364, 19.477055011999997], [-99.362793757, 19.477423845], [-99.362285182, 19.477836049999997], [-99.362135077, 19.477951573], [-99.361936473, 19.478067191999997], [-99.361732953, 19.478157968999998], [-99.361534448, 19.478318773999998], [-99.361282502, 19.478572314], [-99.361016157, 19.478778439], [-99.36082727, 19.478894038], [-99.360594491, 19.478939686], [-99.360367093, 19.478962732], [-99.360158657, 19.478985739], [-99.359921309, 19.479076581], [-99.359838945, 19.479146782000004], [-99.359630777, 19.479420567], [-99.35945153, 19.479673960999996], [-99.35921894000002, 19.480065276000005], [-99.358918835, 19.480477057], [-99.358608706, 19.480708117], [-99.358172847, 19.481004942999995], [-99.357635029, 19.481259043999998], [-99.357242706, 19.481465411], [-99.35691332, 19.481694247], [-99.356530676, 19.481970630999996], [-99.356162506, 19.482199542000004], [-99.355783106, 19.482304212999992], [-99.355273407, 19.482653141], [-99.355010353, 19.482976732], [-99.354550015, 19.483415931999996], [-99.354331514, 19.483852397999996], [-99.354145401, 19.484153245000005], [-99.353906446, 19.484474527999996], [-99.35358997500002, 19.484775628999994], [-99.353278268, 19.48507671999999], [-99.353014289, 19.485285087000005], [-99.352885431, 19.485493191000003], [-99.352839287, 19.485746319], [-99.352843235, 19.486204943000004], [-99.35266923600001, 19.48673395], [-99.352610386, 19.487192696], [-99.352566116, 19.487651414], [-99.352428254, 19.488455982000005], [-99.352284371, 19.489120486], [-99.352217535, 19.489764506999997], [-99.352390188, 19.490152764999998], [-99.352493309, 19.490335565], [-99.352566785, 19.490425793], [-99.352658936, 19.490470798999997], [-99.352664808, 19.490586009999998], [-99.352564477, 19.490724021], [-99.352033327, 19.491348611999996], [-99.351270908, 19.492111465999997], [-99.350944841, 19.492435172999997], [-99.350459251, 19.492759189], [-99.35031892400002, 19.493265536], [-99.350144623, 19.493794541999996], [-99.350069982, 19.494092909], [-99.349994192, 19.494300907999992], [-99.349884281, 19.494461528999995], [-99.34966345, 19.494624621999993], [-99.349378572, 19.49469521], [-99.348899335, 19.494653207999995], [-99.348090469, 19.494521468], [-99.347538187, 19.494411824999997], [-99.347043942, 19.494347254], [-99.346811994, 19.494347699], [-99.346345019, 19.494603889999997], [-99.34606086, 19.494744508], [-99.345779594, 19.494677267], [-99.345425237, 19.494519795000002], [-99.345143494, 19.494362183999996], [-99.344972051, 19.494134324000004], [-99.3449365, 19.493951391000003], [-99.344804176, 19.493746049999995], [-99.344599525, 19.493586032000003], [-99.344405075, 19.493473438000002], [-99.344051918, 19.493476368999996], [-99.343700242, 19.493639704], [-99.343435952, 19.493848058], [-99.34316175, 19.494011246000007], [-99.342910843, 19.494059166000003], [-99.342567019, 19.494014630999995], [-99.342236394, 19.493811921999995], [-99.34200654, 19.493538985], [-99.341791648, 19.493311204999998], [-99.341602346, 19.493243784000004], [-99.341335618, 19.493153917], [-99.340992704, 19.493224599999998], [-99.340746947, 19.493319951999997], [-99.340471978, 19.493390507000004], [-99.340266998, 19.493207891], [-99.33986314100001, 19.492935277999997], [-99.339398111, 19.492848039], [-99.33901536800002, 19.492783236999994], [-99.338662117, 19.492786157999998], [-99.338401774, 19.492879273999996], [-99.338267411, 19.492972156], [-99.337811001, 19.493318675999994], [-99.337142801, 19.493783072000003], [-99.336680576, 19.494039229], [-99.336108378, 19.494433405], [-99.335560336, 19.494804941999995], [-99.336572072, 19.495440178], [-99.336994796, 19.495665317999997], [-99.337397749, 19.495822716000003], [-99.337790841, 19.495957539000003], [-99.338530045, 19.496410270999995], [-99.339166574, 19.49675023], [-99.339808583, 19.497157953], [-99.340198441, 19.497475778], [-99.340537883, 19.497563250999992], [-99.34075663600001, 19.497675801999993], [-99.340617985, 19.497861322999995], [-99.340256814, 19.498047262], [-99.339934814, 19.498280572], [-99.339786152, 19.498418665999992], [-99.33971391500002, 19.498463987], [-99.339626528, 19.498418966], [-99.339557869, 19.498306131], [-99.339465046, 19.498213675999995], [-99.339382044, 19.498123459999995], [-99.339127988, 19.498401827], [-99.33897031800001, 19.498607715], [-99.33887188, 19.49897616], [-99.338720122, 19.499322112], [-99.338587278, 19.499597990999998], [-99.338669044, 19.500101654999998], [-99.338930115, 19.500627575000003], [-99.339054194, 19.500993344000005], [-99.339106611, 19.501451877000004], [-99.33924484, 19.501747582000004], [-99.33939775, 19.502090703999997], [-99.339419434, 19.502343701], [-99.339319132, 19.502504297], [-99.33922741, 19.502529321], [-99.339135398, 19.502506901], [-99.339019181, 19.502484526], [-99.338927454, 19.502507289999997], [-99.338772929, 19.502532431999995], [-99.338671481, 19.502555213999997], [-99.338545068, 19.502487673], [-99.33838897, 19.502352408999997], [-99.338237635, 19.502169690999995], [-99.338134995, 19.502077253], [-99.337796353, 19.502057551999997], [-99.337492111, 19.502128157], [-99.337246291, 19.502200911000003], [-99.337067698, 19.502246429], [-99.336903736, 19.502316771999997], [-99.336730245, 19.502387132], [-99.33660068500001, 19.502502595999996], [-99.33653426, 19.502640535], [-99.336477364, 19.502778456], [-99.336425571, 19.502941219], [-99.336252505, 19.503079356], [-99.336098312, 19.503127087], [-99.335928488, 19.503082216999996], [-99.335902377, 19.502851819999997], [-99.335862594, 19.502738931000007], [-99.335827809, 19.502646365], [-99.335715931, 19.502556202], [-99.335526383, 19.502466182999992], [-99.335380911, 19.502398675000002], [-99.335297619, 19.502306198999992], [-99.335267557, 19.502193291], [-99.335280996, 19.502055451], [-99.335294861, 19.501985388], [-99.335279143, 19.501849860999997], [-99.335191751, 19.501802579000003], [-99.33504128, 19.501759931000002], [-99.334911194, 19.501805356999995], [-99.334743324, 19.501968334999997], [-99.334599419, 19.502106415999997], [-99.334393473, 19.502337241999996], [-99.334269008, 19.502475288000003], [-99.334186957, 19.502522884000005], [-99.333989686, 19.502615877999997], [-99.33392245200001, 19.502686039000004], [-99.333924824, 19.502959406], [-99.333891612, 19.503029505], [-99.333829188, 19.503074805], [-99.333458519, 19.5032856], [-99.333333291, 19.503331017], [-99.333231705, 19.503333463], [-99.333062261, 19.503333775], [-99.332956288, 19.503381413999996], [-99.332889099, 19.503426723000004], [-99.332860698, 19.503519406], [-99.332914874, 19.503634529], [-99.332988677, 19.503747356], [-99.333071966, 19.503885018], [-99.33313595400001, 19.503997863999995], [-99.333204379, 19.504090368], [-99.333239063, 19.504180674999997], [-99.333229579, 19.504203285], [-99.333071143, 19.504321057999995], [-99.332931238, 19.504366501], [-99.332777089, 19.504436822], [-99.332651484, 19.504484497], [-99.332531357, 19.504554755], [-99.332334506, 19.504715524999998], [-99.332354708, 19.504808118000003], [-99.332501607, 19.505013440999992], [-99.332560926, 19.505173740000004], [-99.332489732, 19.505311686], [-99.332176712, 19.505474929], [-99.332051528, 19.505542936000005], [-99.331563207, 19.505593535999996], [-99.331164408, 19.505894747999992], [-99.331031975, 19.506240658999992], [-99.33101419400002, 19.506401098999998], [-99.330995939, 19.506516354999995], [-99.330901483, 19.506792158], [-99.330815374, 19.506907537999997], [-99.330636349, 19.506885272999998], [-99.330281883, 19.506727772], [-99.330126307, 19.50666027799999], [-99.330014807, 19.506615295999996], [-99.329884384, 19.506638126], [-99.329711739, 19.506801108], [-99.329554004, 19.507031841], [-99.329439393, 19.507192456999995], [-99.32931534800001, 19.507400536], [-99.329282843, 19.507538409999995], [-99.329245287, 19.507676294], [-99.32915441, 19.507791682], [-99.328995582, 19.507907193000005], [-99.32892, 19.508092589999997], [-99.328940624, 19.508252960999993], [-99.32909776, 19.508526046], [-99.329239943, 19.508708788], [-99.329548084, 19.509096821], [-99.329612499, 19.509279705], [-99.329627836, 19.509370047], [-99.329638976, 19.509553027999996], [-99.329542861, 19.509623240000003], [-99.329345669, 19.509761414000003], [-99.329201807, 19.509879157999997], [-99.329125888, 19.510039704], [-99.329025525, 19.510177702], [-99.328818898, 19.510363336999998], [-99.328718912, 19.510546519], [-99.328710517, 19.51068435], [-99.328755585, 19.510867269], [-99.328752288, 19.511027683], [-99.328646827, 19.511143096999994], [-99.328512017, 19.511213378999997], [-99.328304583, 19.511283792999993], [-99.32818836, 19.511261410999996], [-99.32799480000001, 19.511264020999995], [-99.327811433, 19.511311798000005], [-99.327730747, 19.511472351999995], [-99.3276888, 19.511655428999997], [-99.327631894, 19.511793347], [-99.327478589, 19.511956291999997], [-99.327401105, 19.511956431999995], [-99.327126099, 19.512026966999997], [-99.327025356, 19.512119778999995], [-99.32701190900002, 19.512257618], [-99.327022529, 19.512372822000003], [-99.327063207, 19.512600934], [-99.327122479, 19.512738642], [-99.32721096, 19.512898889999995], [-99.327153962, 19.512991622999994], [-99.326879281, 19.513129934999995], [-99.326812512, 19.513245278000003], [-99.326832331, 19.513290428], [-99.326910809, 19.513405508], [-99.326955545, 19.513565834999998], [-99.326894916, 19.513796389999996], [-99.32679936, 19.513956970999995], [-99.32668432, 19.514049808], [-99.326385147, 19.514142978], [-99.326234998, 19.514122916], [-99.325866832, 19.51407839399999], [-99.325677893, 19.514058400999996], [-99.325451057, 19.514103994], [-99.325277217, 19.514151752], [-99.325137261, 19.514176854999995], [-99.325007257, 19.514222273999998], [-99.324978805, 19.514292362999996], [-99.324959879, 19.514360175], [-99.32498508, 19.514475352], [-99.325102392, 19.514612956], [-99.325200022, 19.514725743999996], [-99.325229327, 19.514748283999992], [-99.325409778, 19.514908366999997], [-99.325511376, 19.514908185], [-99.325657563, 19.515043477], [-99.325653174, 19.515088670999997], [-99.325567011, 19.515181456], [-99.325466597, 19.515296859], [-99.32536618200001, 19.515459706999998], [-99.325294265, 19.515527614], [-99.325241745, 19.515620337999998], [-99.325131137, 19.515690573999997], [-99.32494333, 19.515760948999997], [-99.324813656, 19.515876404999993], [-99.324727206, 19.515969189999996], [-99.32462679, 19.516084593], [-99.324545296, 19.516177368999998], [-99.324488006, 19.516267841999998], [-99.324401841, 19.516360627], [-99.324315301, 19.516408226], [-99.324189258, 19.516385859999996], [-99.324033204, 19.516273175999995], [-99.323846714, 19.515952694000003], [-99.323690661, 19.515792565999995], [-99.32354013, 19.515725056999994], [-99.323379783, 19.515657565999998], [-99.323205896, 19.515682729], [-99.323128786, 19.515728051999993], [-99.32300430600002, 19.515868347999998], [-99.322903979, 19.516028934999994], [-99.32280979, 19.516304733999995], [-99.322757975, 19.516465234], [-99.322361686, 19.51651564499999], [-99.322196428, 19.516423310000004], [-99.322032071, 19.516448454], [-99.321906454, 19.516448677999996], [-99.321717933, 19.51649645799999], [-99.321511295, 19.516636899999998], [-99.321371377, 19.516682333999995], [-99.321192017, 19.516639726], [-99.320881704, 19.516549906], [-99.320702385, 19.516527631999995], [-99.320407975, 19.516575598000003], [-99.320302079, 19.516668415999995], [-99.32015773, 19.51673870799999], [-99.319979164, 19.516809061999997], [-99.31988747700001, 19.516809224], [-99.319795409, 19.516809386999995], [-99.319635727, 19.516789335], [-99.319537809, 19.516674285999997], [-99.319327638, 19.516423878000005], [-99.319073677, 19.516150955], [-99.318868647, 19.515945724], [-99.318650923, 19.515925773999996], [-99.318520865, 19.515993780999995], [-99.318352495, 19.516111558999995], [-99.31816992, 19.516227103], [-99.318082992, 19.516272441], [-99.318031127, 19.516410348], [-99.318080202, 19.516502892000002], [-99.318265035, 19.51661553], [-99.318401313, 19.516705660999996], [-99.318484648, 19.516820735999996], [-99.318495401, 19.516958532999997], [-99.318413855, 19.517026454], [-99.31832226, 19.517074059999995], [-99.318303243, 19.517096686], [-99.318362039, 19.517189212999998], [-99.318391718, 19.517256938999996], [-99.318377889, 19.517349593], [-99.318305968, 19.517417497], [-99.318186153, 19.517557783], [-99.317969594, 19.517695979], [-99.317834824, 19.51774366], [-99.317742426, 19.51772123], [-99.31758713, 19.517653725], [-99.317489499, 19.517538674000004], [-99.317352517, 19.517380765], [-99.317240679, 19.517310923999997], [-99.317052536, 19.517358699000003], [-99.316980993, 19.517474047000004], [-99.316952537, 19.517544134000005], [-99.316987215, 19.517634443999988], [-99.317050493, 19.517679517999998], [-99.31717691, 19.517747074999996], [-99.317216358, 19.517839634999998], [-99.317222206, 19.517954848], [-99.317116776, 19.518092848], [-99.316900502, 19.518231042], [-99.316736516, 19.518301367], [-99.316576169, 19.518233869], [-99.31639643000001, 19.518143812999995], [-99.316173091, 19.518031239999996], [-99.315815531, 19.518101901999998], [-99.315685101, 19.518126982], [-99.31555424800001, 19.51808202499999], [-99.315423484, 19.518082252999996], [-99.315259878, 19.51815257599999], [-99.315134213, 19.518177646999998], [-99.314983727, 19.518132723999997], [-99.314827586, 19.517972587], [-99.314675932, 19.517767258000003], [-99.314631251, 19.517629519999996], [-99.31457638100001, 19.517446614999997], [-99.314467859, 19.517218618000005], [-99.314409399, 19.517150942], [-99.314282559, 19.517060790999995], [-99.314195637, 19.517060942], [-99.314027215, 19.517153864999994], [-99.313993328, 19.517176516], [-99.313993658, 19.517199107999996], [-99.314029228, 19.517406898999997], [-99.313991279, 19.517497336000005], [-99.313847347, 19.517637659999995], [-99.313703462, 19.517753133], [-99.313472646, 19.517913941], [-99.313294454, 19.518031730999997], [-99.313154531, 19.518077159000004], [-99.312613174, 19.518127798999995], [-99.312400587, 19.518153019], [-99.31199751, 19.517948120999996], [-99.311783419, 19.517835526999995], [-99.311477975, 19.517747941999996], [-99.31121636, 19.517703207], [-99.310701917, 19.517523349999998], [-99.310439229, 19.517365652], [-99.310269354, 19.517298166], [-99.310037372, 19.517298562999997], [-99.309936149, 19.517346182], [-99.30982118300001, 19.517484193999998], [-99.309841651, 19.517621974], [-99.309939563, 19.517737028999992], [-99.31004195, 19.517849817], [-99.310081818, 19.517964971000005], [-99.310044615, 19.518148035999996], [-99.309924883, 19.518286056000004], [-99.309640232, 19.518356581], [-99.309388947, 19.518381863000002], [-99.309064985, 19.518429862], [-99.308784398, 19.518432599999997], [-99.308532604, 19.518390104], [-99.308163175, 19.51818514], [-99.30820812300001, 19.518919326], [-99.308181854, 19.519240187], [-99.30818344, 19.519423184999994], [-99.308160074, 19.519515853999994], [-99.308122454, 19.519631141], [-99.307954868, 19.519816686], [-99.307780969, 19.519839575], [-99.307422521, 19.519797259], [-99.307219128, 19.519797604], [-99.306972426, 19.519777690000005], [-99.306851991, 19.519847932], [-99.30680488200001, 19.519985827], [-99.306762538, 19.520123714], [-99.306691357, 19.520284242999992], [-99.306556901, 19.520399692999998], [-99.30633009700001, 19.52047011499999], [-99.305923558, 19.52045047], [-99.305778124, 19.52040553], [-99.305540995, 19.52040819], [-99.30545486, 19.520523558999997], [-99.305417281, 19.520661436999998], [-99.305374893, 19.520776732000005], [-99.305211227, 19.520869638], [-99.30505523, 19.520732086], [-99.304971907, 19.520619263000004], [-99.304664547, 19.520323817], [-99.304422743, 19.520324224], [-99.304365815, 19.520462135], [-99.304357442, 19.520622556999996], [-99.304359314, 19.520807814], [-99.304409451, 19.521013322999995], [-99.304429587, 19.521128512], [-99.304339384, 19.521311664999995], [-99.30414581, 19.521314250000003], [-99.304004725, 19.521199263999996], [-99.303653575, 19.520881296999995], [-99.303423651, 19.520608312], [-99.303259197, 19.520585995], [-99.303323217, 19.520723703], [-99.30348958, 19.52095161], [-99.30354481, 19.521179702999994], [-99.303620091, 19.521477799999996], [-99.303636339, 19.521705959], [-99.30365104, 19.522279788000002], [-99.303604439, 19.522487719000004], [-99.303567514, 19.522670782], [-99.303515308, 19.522786092], [-99.30342440400001, 19.522901466999997], [-99.303308963, 19.522994291], [-99.303168706, 19.523017119000002], [-99.303067572, 19.523064733000002], [-99.303044203, 19.523157402], [-99.302992736, 19.52336308199999], [-99.302908135, 19.523638854], [-99.302793064, 19.523776862], [-99.302614726, 19.523824605000005], [-99.302445634, 19.523872332999993], [-99.302234617, 19.524080538000003], [-99.301990644, 19.524404020999995], [-99.30175102, 19.524657459000004], [-99.301612999, 19.524910727999995], [-99.301464833, 19.525141419999994], [-99.301329624, 19.525164238], [-99.301241864, 19.525074014000005], [-99.301096469, 19.525051662999996], [-99.300995703, 19.525144460999993], [-99.300934046, 19.525304971000004], [-99.300815331, 19.525535614000002], [-99.300710256, 19.525721048999998], [-99.300470956, 19.525997076999996], [-99.300360741, 19.526135075999996], [-99.300139764, 19.526320703000003], [-99.299943228, 19.526528882], [-99.299786223, 19.526827365], [-99.299668704, 19.527243264999992], [-99.299653537, 19.527701922000002], [-99.299573599, 19.527977685000003], [-99.299339474, 19.52832374], [-99.29919598, 19.528506979], [-99.299023597, 19.528737709], [-99.298976574, 19.528875602], [-99.299065778, 19.529128491999998], [-99.299175494, 19.529494312], [-99.299186506, 19.529677293999995], [-99.299121108, 19.52993044], [-99.299021077, 19.530113606999997], [-99.29891632500001, 19.530321632000003], [-99.298850184, 19.530482149999997], [-99.298764039, 19.530597514999997], [-99.298652572, 19.530575106], [-99.298545966, 19.53055269], [-99.298420986, 19.530645526000004], [-99.298460563, 19.530760683], [-99.298558516, 19.530898336999996], [-99.298613701, 19.531103838999993], [-99.298561899, 19.531286925000003], [-99.298242691, 19.531863565], [-99.298007952, 19.532139582000003], [-99.297892419, 19.532187217], [-99.297765671, 19.532097056000005], [-99.297661378, 19.531776412000003], [-99.297625593, 19.531546025], [-99.297411821, 19.531456007000003], [-99.297131538, 19.531481318999997], [-99.296909808, 19.531574313999997], [-99.29670710100001, 19.531644684], [-99.296436308, 19.531647387], [-99.296324145, 19.531557200999995], [-99.296257254, 19.531098678999996], [-99.29619874200002, 19.531053589999996], [-99.295913367, 19.531056316], [-99.295773896, 19.531149175000003], [-99.29571687, 19.531239638000002], [-99.29568992, 19.531515313000003], [-99.295788385, 19.532249413999995], [-99.29578227500001, 19.532662869000003], [-99.295848193, 19.533006169999997], [-99.295740188, 19.53341979299999], [-99.295463744, 19.533881135], [-99.295139054, 19.534387740999996], [-99.294933012, 19.534618522999995], [-99.29475048, 19.534779228], [-99.294494675, 19.534849682999997], [-99.294466901, 19.534987542999996], [-99.294399773, 19.535080282], [-99.294187119, 19.535082887999998], [-99.29403621, 19.534967910999992], [-99.293783042, 19.534810173999997], [-99.293492155, 19.534720276000005], [-99.293176775, 19.534632675999998], [-99.292944481, 19.534633053000004], [-99.292556383, 19.534498125999992], [-99.292520881, 19.534315183000004], [-99.292543483, 19.534109553], [-99.292556167, 19.53390168], [-99.292544549, 19.533696105], [-99.292398277, 19.533560786], [-99.29221417600002, 19.533538491000005], [-99.292056045, 19.533699153999997], [-99.291994706, 19.533884512999997], [-99.292030616, 19.534135233999997], [-99.292095326, 19.534340723], [-99.292166973, 19.53479923799999], [-99.292144385, 19.534959682000007], [-99.292072816, 19.535075020999997], [-99.291956666, 19.535100060000005], [-99.291863809, 19.534984987999998], [-99.291844051, 19.534917241999995], [-99.291740642, 19.534711814999998], [-99.291644495, 19.534782007999993], [-99.291552552, 19.534804749], [-99.291441781, 19.534852371999996], [-99.29141877000002, 19.534990223999994], [-99.29148754800002, 19.535125668999996], [-99.291498607, 19.535286060000004], [-99.291455839, 19.535356165999996], [-99.291383436, 19.535378875], [-99.291271641, 19.535333869999995], [-99.291160597, 19.535336307999998], [-99.291026157, 19.535474339999997], [-99.290901671, 19.535634948000002], [-99.290815803, 19.535750309], [-99.290763257, 19.535843023999995], [-99.290681693, 19.535913192], [-99.290536657, 19.535936017999997], [-99.29040190400002, 19.536006272], [-99.290271862, 19.536099111], [-99.290030732, 19.536169534999996], [-99.289856487, 19.536169814999997], [-99.28960471, 19.536149884999997], [-99.289328487, 19.536105141999997], [-99.28925512, 19.536014889000004], [-99.28929780900002, 19.535899598], [-99.289426737, 19.535716391000005], [-99.289459607, 19.535601115999995], [-99.28942916000001, 19.535418164], [-99.289249457, 19.535350673], [-99.289132896, 19.535305675], [-99.28907874, 19.535190538999995], [-99.289081996, 19.534984939999998], [-99.28901696, 19.534754599000003], [-99.288928874, 19.534641776], [-99.288783758, 19.534619415999998], [-99.288625201, 19.534757484], [-99.288529925, 19.534942895999997], [-99.288406132, 19.535173539000002], [-99.288218367, 19.535289061000004], [-99.28799622, 19.535314266999993], [-99.287706111, 19.535339581], [-99.287570932, 19.535384981999997], [-99.287523436, 19.535477687], [-99.287611565, 19.535615361999998], [-99.287858945, 19.535682747000003], [-99.288120253, 19.535702664], [-99.288271074, 19.535770201], [-99.288310511, 19.535862767999994], [-99.288181255, 19.536023381999996], [-99.288036222, 19.536048464999997], [-99.28766362, 19.536051317999995], [-99.287494832, 19.536119365], [-99.287345359, 19.536167047], [-99.287239447, 19.536214660000002], [-99.287060014, 19.536192351999997], [-99.286957671, 19.536102144000004], [-99.286816584, 19.535987146000004], [-99.286637211, 19.535944503999996], [-99.286507124, 19.536012487999997], [-99.286368013, 19.536152782999995], [-99.28630146, 19.536250036999995], [-99.28625744600001, 19.536317884999995], [-99.286279045, 19.53656637], [-99.28628898200002, 19.536634132999996], [-99.286255172, 19.536704223], [-99.28606634200001, 19.536704522], [-99.285911406, 19.536682175], [-99.285785639, 19.536659781], [-99.285727179, 19.536589835999997], [-99.285729078, 19.53647687], [-99.285656761, 19.536386613999998], [-99.285632808, 19.536316614], [-99.285633272, 19.536201391000002], [-99.28564798300002, 19.536110996999998], [-99.285667742, 19.536018335999998], [-99.285687517, 19.535880488999993], [-99.285673589, 19.535765289], [-99.285606543, 19.53558239399999], [-99.28554385, 19.535489863], [-99.28537971, 19.535327454999997], [-99.285215406, 19.535235084], [-99.28508964, 19.53521269], [-99.284905411, 19.535280758999995], [-99.284779231, 19.535348736000003], [-99.284584718, 19.535532043], [-99.284502004, 19.535599951], [-99.284399943, 19.535670149000005], [-99.284288442, 19.535738102000003], [-99.284147622, 19.535828693999996], [-99.283982702, 19.535874139], [-99.283900497, 19.535851676000004], [-99.283799216, 19.535714019], [-99.283829097, 19.535576156999998], [-99.283916741, 19.535438204000002], [-99.283980269, 19.535300289000002], [-99.284033844, 19.535139796999996], [-99.284063478, 19.535024527000008], [-99.284049268, 19.534911586], [-99.28393395, 19.534703914999994], [-99.28385682600002, 19.534588812999992], [-99.283804283, 19.534358451], [-99.283790782, 19.534105434000004], [-99.283762686, 19.533899885], [-99.283651927, 19.533737391], [-99.283554797, 19.533737543999997], [-99.283419047, 19.533782942], [-99.283321792, 19.533875723999994], [-99.283200294, 19.534058915], [-99.283010586, 19.534264805999996], [-99.282889172, 19.534332774], [-99.28273846500001, 19.534493417999997], [-99.282602546, 19.534606594], [-99.282470985, 19.534814652], [-99.282359181, 19.53492779], [-99.282203945, 19.534950625999997], [-99.282102183, 19.534973377], [-99.282034424, 19.53492603799999], [-99.281942648, 19.534880996000002], [-99.281889269, 19.534881079000005], [-99.281811662, 19.534926385999995], [-99.28175334900001, 19.534994254999997], [-99.281685317, 19.535064398], [-99.281593069, 19.535132320000002], [-99.281525146, 19.535155018], [-99.281413977, 19.535085154], [-99.281385017, 19.535040014], [-99.281385428, 19.534947383], [-99.28143888, 19.534879522], [-99.281536383, 19.534764147], [-99.281594657, 19.534673686], [-99.281628963, 19.534558409999995], [-99.281615133, 19.534443209], [-99.281581532, 19.534305446], [-99.281480459, 19.534120343], [-99.28140364, 19.533960054999998], [-99.281360547, 19.533844899000005], [-99.281278923, 19.533662025], [-99.281211675, 19.533524315000005], [-99.281129428, 19.533476998], [-99.28105197300002, 19.533499711000005], [-99.280998525, 19.533569831], [-99.280978665, 19.533660233], [-99.280992837, 19.533752841], [-99.281055071, 19.533913152], [-99.281107774, 19.534073478], [-99.281112207, 19.534211287], [-99.281062849, 19.534441809], [-99.280999484, 19.534509685999996], [-99.280898008, 19.534532436], [-99.280781527, 19.534532617], [-99.280598125, 19.534417679], [-99.280496393, 19.534347799999995], [-99.280346773, 19.534255401999996], [-99.280201658, 19.534233033999996], [-99.280066111, 19.534230984999997], [-99.279944657, 19.534276359], [-99.279779945, 19.534276614], [-99.279702655, 19.534229289], [-99.27959667, 19.534069044999995], [-99.279471995, 19.533793607000003], [-99.279341757, 19.533608548], [-99.279008864, 19.533308579], [-99.278820165, 19.533216241], [-99.278433051, 19.533146799999997], [-99.278229642, 19.533147112999995], [-99.278089082, 19.533167662999997], [-99.277934023, 19.533237939], [-99.27784128000002, 19.533351045], [-99.277777995, 19.533466365], [-99.277729103, 19.533581662999993], [-99.277646464, 19.533694752999995], [-99.277520039, 19.533787577], [-99.277321129, 19.533855661000004], [-99.277214806, 19.533830972], [-99.277011752, 19.533761246000005], [-99.276953626, 19.53371615], [-99.276886629, 19.533555843999995], [-99.276838693, 19.53339325], [-99.276800787, 19.533187715], [-99.276768114, 19.532864689], [-99.276715625, 19.532659176], [-99.27658042, 19.532521567999996], [-99.27618771, 19.532635131999996], [-99.276007827, 19.532793554999998], [-99.275944332, 19.532954059999994], [-99.275909551, 19.533184559], [-99.275932952, 19.533437560999992], [-99.275941594, 19.533643142], [-99.275979994, 19.533803490999997], [-99.276003486, 19.533941271], [-99.275993369, 19.534101694000004], [-99.275944589, 19.534171806000003], [-99.275789448, 19.534194635000002], [-99.275601412, 19.533987069999995], [-99.275525032, 19.533688962], [-99.275371474, 19.533296083999996], [-99.275280535, 19.533068035999992], [-99.275174722, 19.532837752], [-99.274986651, 19.532607591999994], [-99.274570125, 19.532673744], [-99.274443432, 19.532834345000005], [-99.27424420200002, 19.532995055000004], [-99.274108659, 19.532995261], [-99.273798794, 19.532948285999996], [-99.273596044, 19.532831110999997], [-99.273330481, 19.532601066999998], [-99.273176402, 19.532348261999996], [-99.273090363, 19.532027576], [-99.272927964, 19.531474299999996], [-99.272700572, 19.531382013000005], [-99.272467729, 19.531450141999994], [-99.272240413, 19.531403040000004], [-99.271964278, 19.531403456], [-99.271717138, 19.531471604999997], [-99.271707185, 19.531561990999997], [-99.271759882, 19.531724579], [-99.271740074, 19.531792386999996], [-99.271730236, 19.531837587], [-99.271710718, 19.531907653999994], [-99.271657225, 19.531952920000005], [-99.271564937, 19.531998244], [-99.271453759, 19.531975817999996], [-99.271274883, 19.531883456999996], [-99.271129995, 19.531766192000003], [-99.271004575, 19.531605971999994], [-99.27093758500001, 19.531445664], [-99.270899397, 19.531237868999995], [-99.27075994500001, 19.531007631999998], [-99.270619943, 19.530847433000005], [-99.270605608, 19.530824862], [-99.270465735, 19.530684997], [-99.270282057, 19.530570049000005], [-99.270117978, 19.530432477999998], [-99.269920347, 19.530179735], [-99.269761755, 19.529902081999996], [-99.269660702, 19.529719230999998], [-99.269250226, 19.529349323], [-99.268979242, 19.529349725999996], [-99.268789903, 19.529440379], [-99.268595416, 19.529646260999996], [-99.26848343500001, 19.529829429], [-99.268370998, 19.530082633999996], [-99.268268549, 19.530265787000005], [-99.26818089, 19.530401472999998], [-99.268088432, 19.530516833], [-99.267986156, 19.530632208], [-99.267864776, 19.530722758999996], [-99.267728812, 19.530813331], [-99.267617178, 19.530860941], [-99.267476867, 19.530858889000005], [-99.267341497, 19.530789051999992], [-99.267264693, 19.530628758], [-99.267168674, 19.530375861], [-99.267087966, 19.529985126], [-99.267064619, 19.529756973999998], [-99.267051013, 19.529481363], [-99.267052122, 19.529228323], [-99.267067566, 19.528997855], [-99.267025461, 19.528607062999995], [-99.266939016, 19.528379003999998], [-99.266799609, 19.528171357], [-99.266688567, 19.528056297999996], [-99.266509658, 19.52793908], [-99.266330867, 19.527894158], [-99.266170924, 19.527892133999995], [-99.266059537, 19.527914890999998], [-99.265952496, 19.528030271], [-99.26596189300001, 19.528122887000002], [-99.266014713, 19.528190588], [-99.266072934, 19.528237946999997], [-99.266178828, 19.528353014], [-99.266246309, 19.528468137], [-99.2662509, 19.528535909], [-99.266201789, 19.528696388999997], [-99.26614347500002, 19.528766512999994], [-99.266080069, 19.528811791], [-99.265891244, 19.52880981], [-99.265746099, 19.528764837999997], [-99.265239175, 19.528395062], [-99.265026104, 19.528370522000003], [-99.264784038, 19.528393470000005], [-99.264604442, 19.528438917999992], [-99.264173515, 19.528437289000003], [-99.263950663, 19.528435355], [-99.263655818, 19.528297969999997], [-99.263433659, 19.528135626], [-99.263172766, 19.527950745999995], [-99.262969821, 19.527881003999994], [-99.26274745400002, 19.527766104], [-99.262559269, 19.527628562], [-99.26237581, 19.527466161], [-99.262284122, 19.527351071], [-99.262192955, 19.527145608999998], [-99.262194035, 19.526869975999997], [-99.262146891, 19.526479189999996], [-99.261997887, 19.526226367999996], [-99.26180031, 19.525996207999995], [-99.261641277, 19.525788585], [-99.261274792, 19.525373409], [-99.260975845, 19.525050764999996], [-99.260787202, 19.524980999], [-99.260395582, 19.524818895999996], [-99.260057422, 19.524588937], [-99.259845016, 19.524381388999995], [-99.259536023, 19.524151387], [-99.259338238, 19.523966409999996], [-99.259082546, 19.523688886], [-99.258932948, 19.523596469999998], [-99.258806908, 19.523574058], [-99.259472829, 19.522956321000002], [-99.259415845, 19.522725957], [-99.25938248, 19.522543004000003], [-99.259417108, 19.522382546000003], [-99.259431865, 19.522312487], [-99.259437272, 19.522176923], [-99.25926300200001, 19.522152320999997], [-99.258813037, 19.522035482999996], [-99.258479261, 19.521920736999995], [-99.258189714, 19.521688445999995], [-99.258045629, 19.521345242], [-99.257887495, 19.520977204999998], [-99.257806504, 19.520631652], [-99.257632982, 19.520356268], [-99.25743632800001, 19.519918248], [-99.257165852, 19.519688186999993], [-99.25668762, 19.519410974999996], [-99.256024666, 19.519246988], [-99.255326944, 19.519338345], [-99.254871226, 19.519497137999995], [-99.25433343, 19.519586006], [-99.25379552800001, 19.519607096000005], [-99.25311312, 19.519558348], [-99.252547436, 19.519303840999996], [-99.251386885, 19.518842306], [-99.250473753, 19.518310383000003], [-99.249685311, 19.518101360999996], [-99.249269389, 19.517984451999997], [-99.248872721, 19.517867515999995], [-99.248446061, 19.517958473999997], [-99.247747327, 19.518323176], [-99.24681981, 19.518916374999996], [-99.246334859, 19.519097777999995], [-99.245965696, 19.519396504999992], [-99.245741843, 19.519670181999995], [-99.243481813, 19.520488837999995], [-99.242861347, 19.520625229000004], [-99.236513613, 19.522737029], [-99.236765036, 19.521681617999995], [-99.236966005, 19.521062311999998], [-99.237137216, 19.520626046999993], [-99.237161832, 19.52051305099999], [-99.237186383, 19.520420388999998], [-99.237196387, 19.520352596999995], [-99.236997755, 19.520350598], [-99.235580349, 19.52000226199999], [-99.233688668, 19.519512194], [-99.233128254, 19.51918984], [-99.232368741, 19.519003296999998], [-99.231502669, 19.518814629], [-99.23098989, 19.518675208999998], [-99.230564289, 19.518513084], [-99.23050302300001, 19.518122307], [-99.230154188, 19.518122751], [-99.229979958, 19.518120713], [-99.229830067, 19.518075718], [-99.229724328, 19.517845406], [-99.22974588400001, 19.517316706999992], [-99.229743833, 19.516675074999995], [-99.229586522, 19.516031379999998], [-99.229442563, 19.515731077999998], [-99.229129082, 19.515385804999998], [-99.228022149, 19.514896939999996], [-99.227069534, 19.514550210000003], [-99.22494355, 19.513280891], [-99.224098395, 19.512680971], [-99.22318538900001, 19.512151167999995], [-99.221963472, 19.511321255999995], [-99.220813393, 19.510606471], [-99.221600771, 19.509667906], [-99.221712628, 19.509575138], [-99.22174224, 19.509414692999993], [-99.221742562, 19.509231691], [-99.22169031, 19.508933528999993], [-99.221590283, 19.508475017], [-99.221441392, 19.508106937], [-99.221321315, 19.507831451], [-99.221181538, 19.507716397999996], [-99.220949568, 19.507576606000004], [-99.22063039900002, 19.507439178999995], [-99.220474951, 19.507644963999997], [-99.218009853, 19.506536382999993], [-99.21363991400001, 19.504731908], [-99.213670256, 19.502872480999997], [-99.21361015, 19.502023061000003], [-99.213666218, 19.501175763000003], [-99.213660262, 19.500050644999998], [-99.213688778, 19.498832856999996], [-99.213585708, 19.49821839499999], [-99.21543693, 19.492679436999996], [-99.21730375200002, 19.487408686999995], [-99.218331417, 19.484316402999998], [-99.22040704700001, 19.478211435999995], [-99.221272089, 19.475045378000004], [-99.215942044, 19.473588991999993], [-99.209854919, 19.471986081], [-99.207252412, 19.471271577999996], [-99.207767187, 19.469818492999988], [-99.208053108, 19.469765664999997], [-99.20878225, 19.470027325999997], [-99.210017484, 19.469273401], [-99.211205935, 19.468020772999996], [-99.211510164, 19.467862917999998], [-99.211841183, 19.467022534999998], [-99.212210181, 19.467013353000002], [-99.213588521, 19.462855495], [-99.212711509, 19.462366528000004], [-99.213853086, 19.460597688999993], [-99.214302495, 19.458610911999997], [-99.215111469, 19.456483708], [-99.215939312, 19.454688977999997], [-99.216600725, 19.452614443], [-99.21981082, 19.452610579999998], [-99.220834742, 19.452618086], [-99.222113949, 19.4491631], [-99.223409302, 19.447246372999995], [-99.22630365200001, 19.445456629999995], [-99.230647507, 19.443820107999997], [-99.23598384500002, 19.443364950000003], [-99.233104793, 19.438529437], [-99.229705875, 19.437353729], [-99.22864756500002, 19.436761016000002], [-99.22878723900001, 19.43661708899999], [-99.228238564, 19.436020659], [-99.228110485, 19.436120340999995], [-99.227422189, 19.435701007999995], [-99.22725944800001, 19.436021888], [-99.22309519, 19.433815496], [-99.223558472, 19.430590196999997], [-99.22334741, 19.429669896], [-99.223863129, 19.429636087000002], [-99.223346821, 19.429238641999998], [-99.2230311, 19.428492629], [-99.22392206, 19.427985636999995], [-99.22474251100002, 19.427064063], [-99.225249159, 19.426798047], [-99.225755886, 19.426590084], [-99.226400591, 19.425021838], [-99.227098692, 19.424141870999993], [-99.227658087, 19.424099702999996], [-99.22788451, 19.423485711999998], [-99.228522425, 19.423335628999997], [-99.229071938, 19.422480720999996], [-99.230766336, 19.421466787999996], [-99.231176111, 19.420711570999995], [-99.232712769, 19.419440727000005], [-99.23318399, 19.418876174000008], [-99.233095739, 19.418287458], [-99.23354907, 19.417440953999996], [-99.233836257, 19.416553195999995], [-99.234299426, 19.416477958999998], [-99.234779279, 19.415847044999996], [-99.235460386, 19.415365147999996], [-99.237300149, 19.412202985999993], [-99.238226265, 19.411919799], [-99.23923142000001, 19.411893598], [-99.24013188300002, 19.412000224], [-99.240345027, 19.412928194999992], [-99.240462079, 19.413181081999998], [-99.24061803, 19.41352429], [-99.240764328, 19.413844918000002], [-99.240925267, 19.414210711], [-99.241066804, 19.414531344999993], [-99.241213133, 19.414806786], [-99.241533687, 19.415219811999997], [-99.241718652, 19.415470348999996], [-99.241972655, 19.416159098], [-99.242553625, 19.41753198], [-99.24294305, 19.418197954], [-99.243094539, 19.418608944], [-99.243358003, 19.419182453999998], [-99.243772479, 19.420099175], [-99.243870202, 19.420349826], [-99.243910057, 19.420695446], [-99.243847715, 19.420855939999996], [-99.243655204, 19.421109239999993], [-99.243491936, 19.421362501], [-99.243203033, 19.421683709], [-99.242812822, 19.422097682999993], [-99.242494772, 19.422421187999998], [-99.242099338, 19.422719944], [-99.241795084, 19.422905611999997], [-99.24150568600001, 19.423089000000004], [-99.24144778, 19.423159115999997], [-99.241462843, 19.423296912999998], [-99.241516638, 19.42340980599999], [-99.24159917000001, 19.423502328000005], [-99.24198678, 19.423707407999995], [-99.242200128, 19.423820089], [-99.24237464300002, 19.423889895000002], [-99.242732841, 19.423979787999997], [-99.24296041, 19.424047262999995], [-99.243333253, 19.424184581], [-99.243682055, 19.424297078], [-99.244083657, 19.424364317999995], [-99.244417689, 19.424409055], [-99.244698154, 19.42443127], [-99.245404635, 19.424475502999996], [-99.245849701, 19.424497493999997], [-99.246129966, 19.424449669], [-99.246922791, 19.424333368000003], [-99.247333807, 19.424262769999995], [-99.24790903, 19.424121908999997], [-99.24850794, 19.42396068], [-99.249044488, 19.423819868999995], [-99.250044883, 19.423588046], [-99.25049901100002, 19.423494787999996], [-99.250996859, 19.423401469999998], [-99.251335191, 19.423330963000005], [-99.251697553, 19.423215236999997], [-99.251963265, 19.423122237], [-99.252166109, 19.423029325000005], [-99.252402578, 19.422936365], [-99.252639466, 19.422868256], [-99.252924619, 19.422843007], [-99.25323934800001, 19.422910348], [-99.25359286, 19.423047672000003], [-99.253883561, 19.42316023], [-99.254339402, 19.423435227], [-99.254659171, 19.423617781999997], [-99.255105558, 19.423937976], [-99.25551338000001, 19.424326002], [-99.255765556, 19.424531244000004], [-99.256081258, 19.424851619], [-99.256241705, 19.425056989000005], [-99.256437198, 19.425560537], [-99.256486892, 19.425906139000002], [-99.256443969, 19.426111795999997], [-99.25642566, 19.426342271], [-99.256431783, 19.426663082000005], [-99.256490784, 19.426868595000002], [-99.256607344, 19.42702884099999], [-99.256772616, 19.427211609999993], [-99.256952011, 19.427349174], [-99.257155435, 19.427441517], [-99.257412163, 19.427508931999995], [-99.257663698, 19.427483722999998], [-99.257871417, 19.427460835], [-99.258069611, 19.427437959999995], [-99.258325908, 19.427412744], [-99.25860666600002, 19.427434936999994], [-99.258882732, 19.427502323], [-99.25916875800002, 19.427662324999996], [-99.259386793, 19.427777238], [-99.259619606, 19.427959908000002], [-99.25985694, 19.428049940000005], [-99.260040596, 19.428049676999997], [-99.260190026, 19.428031388999997], [-99.260272229, 19.428029012], [-99.260533013, 19.428069305], [-99.260718853, 19.42848249], [-99.260903481, 19.428733006999998], [-99.261194704, 19.428983370000005], [-99.261461754, 19.429188582], [-99.262295498, 19.429691202], [-99.26282419400002, 19.430054185], [-99.263426807, 19.430649765], [-99.263815233, 19.431037799999995], [-99.264033876, 19.431288264999996], [-99.264180127, 19.431541092999996], [-99.264229001, 19.432663892], [-99.264208579, 19.433465972000004], [-99.264102113, 19.434430845999998], [-99.264141803, 19.434704163], [-99.264244581, 19.434934461999998], [-99.264326828, 19.434956935000002], [-99.264567634, 19.434771321999996], [-99.264648845, 19.434565607], [-99.264701264, 19.434405121], [-99.264758406, 19.434219775000003], [-99.26484487000002, 19.434081832], [-99.265013485, 19.433966361999996], [-99.265211686, 19.43394348], [-99.265404837, 19.433920604], [-99.265511071, 19.433873003999995], [-99.265655852, 19.433805013], [-99.265920341, 19.433481546999996], [-99.26604971, 19.433250908999995], [-99.26628920900002, 19.432791921], [-99.26668302900002, 19.432217481], [-99.26688988000001, 19.432009322], [-99.267226499, 19.431642820999997], [-99.267515479, 19.431387095], [-99.267842851, 19.431133570999997], [-99.268088225, 19.430834981999997], [-99.268174192, 19.430629258999996], [-99.268289018, 19.430421233999997], [-99.268534638, 19.430215275000002], [-99.268809344, 19.430029606], [-99.26905572, 19.429936609999995], [-99.269311679, 19.429936230999996], [-99.269480647, 19.429865942000003], [-99.269547746, 19.429773210999997], [-99.26970199, 19.429612572], [-99.26979321, 19.429474618999993], [-99.26995663600002, 19.429336558999996], [-99.27020265, 19.429198376], [-99.270390954, 19.429128058000003], [-99.270710105, 19.429150174999997], [-99.270942816, 19.429262792999996], [-99.27118965, 19.429332461999998], [-99.271382829, 19.429329914999993], [-99.271547112, 19.429307076], [-99.271634007, 19.42926176], [-99.271691579, 19.429169042999998], [-99.27173926500001, 19.429031153999997], [-99.271724213, 19.428915952999997], [-99.27170444, 19.428825610999997], [-99.271708763, 19.428732973000002], [-99.271737472, 19.428640298999998], [-99.271819147, 19.428549804999996], [-99.271877159, 19.428549718], [-99.27204623700001, 19.428547205000005], [-99.272167442, 19.428569617], [-99.272264378, 19.428662101999997], [-99.272376208, 19.428774899000004], [-99.272559827, 19.428752031], [-99.272694482, 19.428614012], [-99.272776003, 19.428430886], [-99.272823687, 19.428292997999993], [-99.27288558000001, 19.428107641999997], [-99.272938031, 19.427972005999997], [-99.273005547, 19.427901866], [-99.273077809, 19.427879164000004], [-99.27319864900001, 19.42785413], [-99.273295871, 19.427946614999996], [-99.27339743300001, 19.428014241000003], [-99.274181377, 19.429135929], [-99.275486506, 19.431169577999995], [-99.276246899, 19.432429109], [-99.277919656, 19.435449490999996], [-99.279971122, 19.438787832000003], [-99.282821339, 19.437262909], [-99.286172972, 19.435527037999996], [-99.286704947, 19.43532964], [-99.287425415, 19.435007682], [-99.287956744, 19.434661167999995], [-99.288232471, 19.434522913], [-99.288589784, 19.434246712], [-99.288884442, 19.434040648], [-99.289203526, 19.433857137], [-99.289677444, 19.433693711999997], [-99.290044824, 19.433510123000005], [-99.29105006, 19.433002433], [-99.291287803, 19.433255092], [-99.291700501, 19.433805696], [-99.291992152, 19.434424273], [-99.292225694, 19.434882533999993], [-99.292415363, 19.435363457], [-99.292532376, 19.435754125999996], [-99.292639468, 19.436029586999997], [-99.292785522, 19.436304984999996], [-99.292931083, 19.436465159999994], [-99.293149045, 19.436625216999996], [-99.29348324, 19.436739900999996], [-99.293768948, 19.436854663], [-99.29412744500002, 19.436921861], [-99.294432203, 19.436876180999995], [-99.29468826, 19.436713096000002], [-99.294852338, 19.436575012999995], [-99.29505529600002, 19.436391681000003], [-99.295219374, 19.436253596999997], [-99.295364317, 19.436070359], [-99.295484746, 19.435817122], [-99.295662695, 19.435448567999998], [-99.295778446, 19.435242784], [-99.296280479, 19.434668106], [-99.296570238, 19.434391999], [-99.296893623, 19.434115837], [-99.297009618, 19.434045609], [-99.297169342, 19.433977569000003], [-99.297357685, 19.433932075], [-99.297580181, 19.433861672000003], [-99.297778344, 19.433768715999996], [-99.297971607, 19.433653174999996], [-99.29813596500001, 19.433515088999997], [-99.29838245, 19.433331681], [-99.298570991, 19.43323874], [-99.298865886, 19.433170476], [-99.298996542, 19.433147667999997], [-99.299262557, 19.433122376999997], [-99.299441509, 19.433099489], [-99.299586656, 19.433031471000003], [-99.299765214, 19.432845914999998], [-99.300021168, 19.432685081999995], [-99.300282477, 19.432639463999998], [-99.300505235, 19.432661688], [-99.30070864400001, 19.43272913], [-99.301187951, 19.432913597999995], [-99.301439859, 19.432935772], [-99.301618882, 19.433003253999996], [-99.301744857, 19.433025637000004], [-99.301841208, 19.432842475], [-99.301743937, 19.432682226999997], [-99.301671, 19.432544531000005], [-99.301656129, 19.432384146], [-99.301738041, 19.4322236], [-99.301883057, 19.432085543000007], [-99.301999041, 19.432062756999997], [-99.302241095, 19.432062354], [-99.302429799, 19.43205978], [-99.302599128, 19.432036905], [-99.302753966, 19.43205924], [-99.302976854, 19.432151499000003], [-99.303107592, 19.432173873999997], [-99.303247771, 19.432151047000005], [-99.30339287, 19.432058172999998], [-99.303561741, 19.431942666999998], [-99.303740755, 19.431851996], [-99.303890658, 19.431781707], [-99.304016346, 19.431804089999993], [-99.304195529, 19.43180379], [-99.304466277, 19.431712964], [-99.304538776, 19.431665397], [-99.304693487, 19.431619952], [-99.304794991, 19.431597188999994], [-99.304935124, 19.431549507999996], [-99.305041539, 19.431504144], [-99.305225579, 19.431503834000004], [-99.305337014, 19.431596277999997], [-99.305448672, 19.431756499999995], [-99.305497328, 19.431846788999994], [-99.305613706, 19.43198441], [-99.305759108, 19.432054203], [-99.305894735, 19.432144345999998], [-99.305982251, 19.432282015999995], [-99.306093814, 19.432442237], [-99.30614257, 19.432534785999998], [-99.306292731, 19.432602311], [-99.30650563, 19.432649397000002], [-99.306723668, 19.432694214000005], [-99.306888234, 19.432671343000003], [-99.307062326, 19.432648455999995], [-99.307226977, 19.432670770000005], [-99.307314119, 19.432760994], [-99.307348248, 19.432876160000003], [-99.30745506, 19.432991202999997], [-99.307687669, 19.43308344], [-99.307827976, 19.433128387999997], [-99.308031303, 19.433150635999997], [-99.308162042, 19.433173007], [-99.308244383, 19.433242905], [-99.30826422, 19.433355836], [-99.30829835, 19.433471002000005], [-99.30835149500001, 19.433516097], [-99.308462806, 19.43354076], [-99.308496856, 19.433563295], [-99.308516322, 19.433631041], [-99.308618149, 19.433678313000005], [-99.308748932, 19.433723275999995], [-99.308792551, 19.433768387999994], [-99.308821961, 19.433906153999995], [-99.308841517, 19.434021345], [-99.308967669, 19.434136353999996], [-99.30905496000001, 19.434203983999996], [-99.309069716, 19.434249145], [-99.309103761, 19.434319125], [-99.309176567, 19.434434224], [-99.309297496, 19.434456611], [-99.30950091, 19.434524043000003], [-99.309597828, 19.434593916], [-99.30967072600001, 19.434706755999997], [-99.309772554, 19.434754026999997], [-99.309990443, 19.434868878999996], [-99.310135802, 19.434913816], [-99.31034407, 19.435028684], [-99.310455473, 19.435051086], [-99.31056207, 19.435050903999997], [-99.310643966, 19.43493554], [-99.310697041, 19.434842818999996], [-99.310889757, 19.434544262], [-99.311025374, 19.434476252], [-99.31141210300001, 19.434360364999996], [-99.31174562400001, 19.434267160999998], [-99.311837865, 19.434382226999997], [-99.311920438, 19.434472456000005], [-99.312099982, 19.434609964], [-99.31240027300001, 19.434724671000005], [-99.312608409, 19.434769499], [-99.312811786, 19.434816592999997], [-99.31288451300001, 19.434839060999998], [-99.313111944, 19.434861262], [-99.313431067, 19.434860710999995], [-99.313803953, 19.434927844999997], [-99.314186741, 19.435042406999997], [-99.314254412, 19.435110067999997], [-99.314351748, 19.435247715999996], [-99.31450672500002, 19.435340079], [-99.314807019, 19.435454782], [-99.31495238, 19.435499715], [-99.315111855, 19.435454252999993], [-99.315247602, 19.435454016999998], [-99.31536848, 19.435498992999996], [-99.315484603, 19.435498791], [-99.31573587800001, 19.435337944999997], [-99.315972477, 19.435174864], [-99.31620428200002, 19.434946272], [-99.316363818, 19.434785584999997], [-99.316551885, 19.434599995999996], [-99.316716364, 19.43453192999999], [-99.31686121500002, 19.434461638999995], [-99.317040132, 19.43432351], [-99.317160153, 19.434025074999997], [-99.317159618, 19.433749442999996], [-99.31709116200001, 19.433473928999998], [-99.317027701, 19.433268445], [-99.317017578, 19.433108052999998], [-99.317056118, 19.433037948], [-99.317235126, 19.432947264000003], [-99.317375212, 19.432876981], [-99.317694019, 19.432716013999997], [-99.317964998, 19.432600316], [-99.31820658600002, 19.432507262], [-99.318404931, 19.432416542000002], [-99.318641616, 19.432300902999998], [-99.318878577, 19.432277894], [-99.319188543, 19.432322534999997], [-99.319314745, 19.43246013], [-99.319479622, 19.432597655999995], [-99.319702967, 19.432918082], [-99.319799925, 19.433055728], [-99.319926216, 19.433238507], [-99.320120156, 19.433330796], [-99.320434939, 19.433352833999994], [-99.320666442, 19.433169422999992], [-99.320850118, 19.433031282], [-99.320956245, 19.432938462999996], [-99.321037951, 19.432730463999995], [-99.321183044, 19.432639836], [-99.321347559, 19.4325921], [-99.321603995, 19.432639090999995], [-99.321885129, 19.432844187999997], [-99.322026091, 19.43307438499999], [-99.322104046, 19.433187211], [-99.32222039300001, 19.433349673], [-99.32234646, 19.433417227999996], [-99.322510783, 19.433416935999993], [-99.322719256, 19.433439158], [-99.3229031, 19.433531462], [-99.323111706, 19.433668907], [-99.32327149, 19.433781587000002], [-99.323508922, 19.433851202], [-99.323794322, 19.433803248], [-99.324007133, 19.433802869], [-99.324176644, 19.433872604], [-99.324273943, 19.433987653999996], [-99.324705118, 19.434192478], [-99.32489882, 19.43430735500001], [-99.325131625, 19.434444754], [-99.325214059, 19.434605015999995], [-99.325219243, 19.434672785], [-99.325185789, 19.434903291999998], [-99.325229928, 19.435063623], [-99.325414151, 19.435201108999998], [-99.32562243, 19.435315958999993], [-99.325869807, 19.435451071999996], [-99.326005408, 19.435520866], [-99.326256942, 19.435543007], [-99.326387776, 19.435610551000003], [-99.326567658, 19.435910712000002], [-99.326674481, 19.436070928999996], [-99.326935968, 19.436115643999997], [-99.327211986, 19.436137738999996], [-99.327478377, 19.436252483], [-99.327643265, 19.436390001], [-99.32776929100001, 19.436434958999996], [-99.32799659, 19.436389363], [-99.32817535, 19.436319001999998], [-99.328499434, 19.43627323], [-99.328654983, 19.436455951], [-99.328839256, 19.436616025999996], [-99.329100977, 19.436775960999995], [-99.329294686, 19.436890833], [-99.329503016, 19.437028271], [-99.32987595800002, 19.437117964999995], [-99.330107974, 19.437049764999998], [-99.330252874, 19.43686424], [-99.330440516, 19.436475302], [-99.330657955, 19.436359682], [-99.330885156, 19.436266637], [-99.33109769500001, 19.436083248], [-99.33130542, 19.435922458999997], [-99.331518091, 19.435852032999996], [-99.331789391, 19.435896722999995], [-99.331944379, 19.435989069999998], [-99.332210957, 19.436194178], [-99.332598805, 19.436446506999996], [-99.332845624, 19.43649124], [-99.333170182, 19.436538089999996], [-99.333561992, 19.436537369999996], [-99.333711978, 19.436512242], [-99.333939229, 19.436444046000002], [-99.334031016, 19.436328653000004], [-99.334015924, 19.43607564099999], [-99.333923241, 19.435892809999995], [-99.333869709, 19.435755091999997], [-99.333859855, 19.435594700999996], [-99.33398045900002, 19.435456663000004], [-99.33414969, 19.435386313999995], [-99.33433326, 19.43534079], [-99.334439667, 19.435247963], [-99.33451173900002, 19.435134865999995], [-99.334617485, 19.434859038999992], [-99.334776999, 19.434696076], [-99.33497019, 19.434557903], [-99.335056739, 19.434397334], [-99.335230641, 19.434236603999995], [-99.33538067500001, 19.434236327000004], [-99.335564291, 19.434213395], [-99.335743428, 19.434190470999997], [-99.335873981, 19.434120191], [-99.336013874, 19.433959522999995], [-99.336226494, 19.433866498999997], [-99.336385962, 19.433821017999996], [-99.336555241, 19.433775517999997], [-99.336617968, 19.433705364], [-99.336753002, 19.433544705], [-99.336878795, 19.433476692999996], [-99.337173763, 19.433451292999997], [-99.33733342200001, 19.433360624999995], [-99.337482835, 19.433197678999996], [-99.337724371, 19.432946449], [-99.33790317, 19.432898670999997], [-99.338135223, 19.43285305299999], [-99.33840585500002, 19.432714732999994], [-99.33868634500001, 19.432598985999995], [-99.338894298, 19.432553412000004], [-99.339136253, 19.432505515999996], [-99.339416696, 19.43250499099999], [-99.33955725, 19.432527320999995], [-99.339711952, 19.432481846], [-99.339953816, 19.432436208], [-99.340229303, 19.432343061], [-99.340461398, 19.432272588], [-99.340514601, 19.432249896], [-99.340804714, 19.432181573], [-99.341056432, 19.432111062000004], [-99.341375455, 19.432065277000007], [-99.341554589, 19.432042347], [-99.341704669, 19.432064657], [-99.341874134, 19.432109523999998], [-99.341966348, 19.432201981], [-99.342150629, 19.432362043], [-99.342315426, 19.432452103], [-99.342465606, 19.432521857999998], [-99.342639881, 19.432589308], [-99.342930422, 19.432588758999998], [-99.34305616400002, 19.432633707], [-99.343143474, 19.432658394], [-99.343346804, 19.432680601999998], [-99.343507316, 19.432725483999995], [-99.343599336, 19.432725309999995], [-99.343676873, 19.432632532999996], [-99.343730171, 19.432519467999995], [-99.343831808, 19.432426645], [-99.344016039, 19.432426296], [-99.34422909, 19.432495929999998], [-99.344349926, 19.432518293000005], [-99.344495344, 19.432588054999997], [-99.344654903, 19.432587752000003], [-99.34482937, 19.432564827999993], [-99.345047323, 19.432474043], [-99.345206924, 19.432358516], [-99.345424919, 19.432242878], [-99.345841295, 19.432196898999997], [-99.34615141000002, 19.432173714999998], [-99.346364367, 19.432243347], [-99.346635431, 19.432312866999997], [-99.346834094, 19.432335081000005], [-99.347371359, 19.432336313], [-99.348189729, 19.432334744999995], [-99.348620631, 19.432266139], [-99.349071059, 19.432152309999996], [-99.349405178, 19.432083888000005], [-99.349724676, 19.432083273], [-99.350039504, 19.432037480999995], [-99.350252404, 19.431946698999997], [-99.350528456, 19.431853535], [-99.350794937, 19.431740056999992], [-99.35107093900001, 19.431624300000003], [-99.351317894, 19.431556042999993], [-99.351564887, 19.431372563], [-99.351845699, 19.431279389000004], [-99.352049071, 19.431188622999993], [-99.352252436, 19.431050412999998], [-99.352455857, 19.430982239], [-99.352702805, 19.430911722], [-99.352896648, 19.430775788], [-99.353061139, 19.430590207], [-99.353206298, 19.430406923], [-99.353390331, 19.430316194], [-99.35359384, 19.430245759999995], [-99.353913494, 19.43036262], [-99.354329822, 19.430429586], [-99.354760832, 19.430546227], [-99.35508033, 19.430590788], [-99.355419254, 19.430544939], [-99.355719455, 19.430476573], [-99.356213366, 19.43047560399999], [-99.356590881, 19.430522308], [-99.356939628, 19.430569068], [-99.35721559300002, 19.430613710000003], [-99.357777251, 19.430707494], [-99.35827597500001, 19.430729103000004], [-99.358493934, 19.430776118], [-99.358702205, 19.430705668999995], [-99.358886098, 19.430682713], [-99.359036184, 19.430707267999995], [-99.359215145, 19.430867323000005], [-99.35944282900002, 19.431004687999998], [-99.359777085, 19.430958840999992], [-99.360072422, 19.430845291], [-99.360454959, 19.430706716], [-99.360740352, 19.43070614899999], [-99.360914919, 19.430730654], [-99.361035856, 19.430798191999994], [-99.361161706, 19.430890572], [-99.361273217, 19.430960388000003], [-99.361461923, 19.430960011999996], [-99.361732937, 19.431004658], [-99.36197023, 19.431006444], [-99.362285103, 19.430983224000002], [-99.362507926, 19.430774925], [-99.36256119, 19.430524039000005], [-99.362711407, 19.430178068999997], [-99.362943874, 19.429766414999996], [-99.363151854, 19.429352551], [-99.36351982, 19.428960959], [-99.364052544, 19.428639073999996], [-99.364498261, 19.428387399999995], [-99.365045146, 19.428180706], [-99.365895533, 19.427853658000004], [-99.366328855, 19.427301519999997], [-99.366699319, 19.426839878999996], [-99.366940616, 19.426633796999997], [-99.367244838, 19.426495366000005], [-99.367539254, 19.426402139999997], [-99.367814612, 19.426263766], [-99.367930133, 19.426125716], [-99.368253297, 19.425939800000002], [-99.36852245, 19.425458027], [-99.368622849, 19.425204783999998], [-99.36889200000002, 19.424723011], [-99.36921907100002, 19.424286304999995], [-99.369513057, 19.423962629999995], [-99.369873932, 19.423480668999996], [-99.37012506, 19.423455304999997], [-99.370387084, 19.42361518], [-99.370735434, 19.423659654999994], [-99.371006387, 19.423681693999995], [-99.371402832, 19.423680884], [-99.371944298, 19.423657183], [-99.372340584, 19.423586332999996], [-99.37276572400002, 19.423470237], [-99.373229118, 19.423171061000005], [-99.373561532, 19.422869892999998], [-99.373821666, 19.422618577999998], [-99.374183282, 19.422342201000003], [-99.37450693, 19.422248903], [-99.375000143, 19.422245626], [-99.37534382900002, 19.422292360999997], [-99.375624799, 19.422404744], [-99.375838092, 19.422496933], [-99.37612864, 19.422631889000005], [-99.376414113, 19.422631297], [-99.376882844, 19.422585138999995], [-99.377114866, 19.422537212999995], [-99.377235585, 19.422469183999997], [-99.3773269, 19.422331178], [-99.37740368000001, 19.422168349999993], [-99.377513622, 19.421847304], [-99.377728996, 19.421273000000003], [-99.378059875, 19.420560637999998], [-99.378275193, 19.41996374], [-99.378519208, 19.419296743999997], [-99.378968612, 19.419135398000005], [-99.379480656, 19.419041699], [-99.379866959, 19.418903074999996], [-99.380592173, 19.418808927], [-99.381384417, 19.418622003999996], [-99.382414431, 19.418527208], [-99.382796126, 19.418456366], [-99.383429542, 19.418455029999997], [-99.384711355, 19.418626002000003], [-99.385939956, 19.41868915], [-99.387681165, 19.4187746], [-99.38959404800002, 19.418725927999997], [-99.391227027, 19.418788171999996], [-99.392230079, 19.418852877000003], [-99.39304581, 19.418939158], [-99.393652649, 19.418982421999996], [-99.394467415, 19.419090987999997], [-99.395168336, 19.419244376], [-99.395916474, 19.419419947999998], [-99.396179114, 19.419549769], [-99.396459174, 19.419504578999998], [-99.396690517, 19.419238829000005], [-99.396689551, 19.418840964], [-99.396853241, 19.418641114999996], [-99.397272762, 19.418707067000003], [-99.397786859, 19.418771696], [-99.397926913, 19.419125791], [-99.398068697, 19.419457593999994], [-99.3985583, 19.419721764999995], [-99.39888551300001, 19.419986292], [-99.399514905, 19.419763128], [-99.400120181, 19.419165552000003], [-99.400515093, 19.418655367999996], [-99.400654178, 19.418611596], [-99.401028169, 19.419030926999994], [-99.401427405, 19.419556076999996], [-99.404300862, 19.430530595], [-99.405395025, 19.430602825], [-99.407677412, 19.430535302999996], [-99.410859663, 19.43063066], [-99.411122103, 19.430669073], [-99.41147520400001, 19.430566856000002], [-99.411910417, 19.430472253], [-99.412401249, 19.430494543], [-99.412770647, 19.430485902], [-99.412959522, 19.430368453], [-99.413196505, 19.430220804], [-99.41346759, 19.430149974999996], [-99.413799109, 19.430172796], [-99.414396405, 19.430654860999997]]]}}, {"type": "Feature", "properties": {"nombre": "Xochimilco", "cob_baseline": 62.75, "cob_mb": 62.76, "delta_mb": 0.01, "categoria_baseline": "alta", "categoria_mb": "alta", "area_total_km2": 114.03, "km2_ganados": 0.01}, "geometry": {"type": "Polygon", "coordinates": [[[-99.09880066, 19.32044814999999], [-99.09869649, 19.319641419999996], [-99.09848874, 19.319038080000002], [-99.09864534, 19.318957550000004], [-99.09870974, 19.318794919999995], [-99.09868548, 19.31867442], [-99.09864655, 19.3185902], [-99.09844262, 19.318272659999998], [-99.09823803, 19.317959739999996], [-99.09771011000001, 19.31717297], [-99.09744042, 19.31682643], [-99.09675686, 19.31598845], [-99.09585052, 19.314815019999998], [-99.09496497, 19.31369132], [-99.09426540000001, 19.31277152], [-99.09408895, 19.31286825], [-99.09393523, 19.312668219999996], [-99.09357298, 19.31220446], [-99.09322362, 19.311757199999995], [-99.09318291, 19.31170222], [-99.09283431, 19.31126285], [-99.09272791000001, 19.311122779999998], [-99.092679169, 19.311062659999997], [-99.09261903, 19.31098848], [-99.09234897000002, 19.31067982], [-99.09224988, 19.31058463], [-99.09192695, 19.31021148], [-99.09179383, 19.31005212], [-99.09173563, 19.30998657], [-99.09141931, 19.30956715], [-99.090840492, 19.308805072], [-99.09081431, 19.3087706], [-99.09079876, 19.308752416999994], [-99.090572872, 19.308488287000003], [-99.09053497000001, 19.30844397], [-99.090378764, 19.308244361], [-99.09036485, 19.30822658], [-99.09029243, 19.30812949], [-99.090025192, 19.307870950999998], [-99.08987708, 19.307727659999998], [-99.08977171, 19.30762782], [-99.089668985, 19.307489647], [-99.08960131, 19.307398619999994], [-99.089559071, 19.30730353], [-99.08948686, 19.30714097], [-99.08937409800001, 19.307015314000004], [-99.089306265, 19.306939724], [-99.08923255, 19.30685758], [-99.089043259, 19.306594646999997], [-99.08902095, 19.30656366], [-99.088961602, 19.306503575], [-99.088841045, 19.306381524000003], [-99.088653202, 19.306191352999996], [-99.0886152, 19.306152879999996], [-99.088541881, 19.306068453999995], [-99.08844343, 19.30595509], [-99.088403848, 19.305917576999995], [-99.08839045, 19.30590488], [-99.088348597, 19.305848342000004], [-99.08814477000001, 19.305572999999995], [-99.087949879, 19.305341866], [-99.08793554, 19.305324860000002], [-99.08765888, 19.304681859999995], [-99.08746558, 19.304483689999998], [-99.087198369, 19.30416565], [-99.08718538, 19.30414966], [-99.08671831, 19.303795379999997], [-99.08629183, 19.30360423], [-99.08615792, 19.303504429999997], [-99.08587528, 19.303190850000004], [-99.08562477, 19.302888740000004], [-99.08538377, 19.302591320000005], [-99.08513335, 19.30226975], [-99.08485678000001, 19.30198097], [-99.08458518, 19.30166291], [-99.084471675, 19.30151495499999], [-99.08435817, 19.301367000000003], [-99.08411274, 19.301039969999998], [-99.08384431, 19.30072386], [-99.08359065, 19.30040955], [-99.08337205, 19.30007888], [-99.08316822, 19.299652319999996], [-99.08231808, 19.298583200000003], [-99.08037112, 19.296237179999995], [-99.07997129, 19.295767799999997], [-99.079694, 19.295453849999998], [-99.07920638, 19.294868140000002], [-99.07897065, 19.29458851], [-99.07865931, 19.294213139999993], [-99.07802295, 19.29347402], [-99.07771972, 19.293227970000004], [-99.07731528, 19.292962909999996], [-99.077225709, 19.292848689999996], [-99.075909979, 19.290986171000004], [-99.075245879, 19.290079281], [-99.074941109, 19.289698140999995], [-99.07448726, 19.289371830999997], [-99.07407406, 19.28909898], [-99.07235648, 19.287948170000004], [-99.0721852, 19.287818259999995], [-99.0713758, 19.287070089999993], [-99.06987992, 19.285734739999995], [-99.06915292, 19.285085740000003], [-99.06896675, 19.28495585], [-99.06831062, 19.284439259999992], [-99.06464512, 19.282113819999996], [-99.06437018, 19.281992769999995], [-99.05967263, 19.280284950000002], [-99.05857542, 19.279909629999995], [-99.05760034, 19.27962888], [-99.05676295, 19.27950035], [-99.05607266, 19.279456380000006], [-99.05515968, 19.279458820000002], [-99.05478908, 19.27942677], [-99.05449832, 19.279367149999995], [-99.05387088, 19.279085750000004], [-99.0523716, 19.27848198], [-99.050567636, 19.277503684000003], [-99.05056726000001, 19.277503479999993], [-99.04828697, 19.275978230000003], [-99.04732228, 19.2755986], [-99.04510005000002, 19.274864109999992], [-99.04145143, 19.273780509999998], [-99.04043122, 19.27325398], [-99.04022734, 19.27305682], [-99.03952766, 19.27265037], [-99.03858946, 19.272132249999995], [-99.038371679, 19.27203642], [-99.03755893, 19.271782589], [-99.03749198, 19.271761673999997], [-99.037319449, 19.271705739999998], [-99.036963254, 19.271402267999996], [-99.03646391, 19.270976830000002], [-99.03594369, 19.2706366], [-99.03567152, 19.270263429999996], [-99.035360813, 19.269804357000005], [-99.035353784, 19.26979397099999], [-99.034654072, 19.268760126000004], [-99.03464395, 19.268745169999995], [-99.03373385, 19.267703819999998], [-99.03302189000001, 19.26711691], [-99.03267091, 19.266692199999998], [-99.03106592, 19.264932540000004], [-99.03084594, 19.264637290000003], [-99.03053588, 19.264168459999997], [-99.03046808, 19.26325103], [-99.03043045, 19.263143999999997], [-99.03028094, 19.262941169999998], [-99.02982032000001, 19.262595550000004], [-99.02956585, 19.26248442], [-99.02930075, 19.26237463], [-99.02789589, 19.262222279999996], [-99.02720055, 19.261836999999996], [-99.02711929, 19.26193845], [-99.02685951, 19.261760769999995], [-99.02647248, 19.26176882], [-99.02603977, 19.261943650000003], [-99.02584223, 19.262205179999995], [-99.0253886, 19.26208478], [-99.02508208, 19.262009849999995], [-99.02482034, 19.261931939999993], [-99.0243506, 19.261820979999992], [-99.02405725, 19.26175718], [-99.024016629, 19.261747220999997], [-99.022900949, 19.26146089099999], [-99.02253552, 19.2613724], [-99.022011599, 19.26123902], [-99.021754539, 19.261173829999997], [-99.021511649, 19.261115749999995], [-99.02130019900001, 19.261069380999995], [-99.02109503, 19.261030520000002], [-99.021032289, 19.261017309999993], [-99.020752399, 19.260957120000004], [-99.02051822, 19.260934599999995], [-99.020326339, 19.260919489999996], [-99.020057779, 19.260964110999996], [-99.01982535, 19.26102917], [-99.01974258000001, 19.261150741], [-99.01930435, 19.260975971], [-99.01907428, 19.260895139999995], [-99.019029527, 19.260878515999995], [-99.019029128, 19.260878367000004], [-99.01899177, 19.260864491000003], [-99.018907779, 19.260832551000004], [-99.018832263, 19.260803826999997], [-99.01867409000002, 19.260743659999996], [-99.01794463, 19.260458680999996], [-99.01757123, 19.260321971000003], [-99.01742205, 19.260269830999995], [-99.017286098, 19.260225820000002], [-99.017272289, 19.26022134999999], [-99.016902844, 19.26009466], [-99.016859438, 19.260079775], [-99.01662484, 19.259999327000003], [-99.01656857, 19.25998003], [-99.016515119, 19.25995545], [-99.01645953, 19.259928531999996], [-99.016388819, 19.259894291], [-99.01615406, 19.259750521], [-99.016082459, 19.2596792], [-99.015955419, 19.25955262], [-99.015560349, 19.259338481], [-99.01535542300002, 19.259237491], [-99.015206305, 19.259164002999995], [-99.014861059, 19.25899386], [-99.01444297, 19.258810551], [-99.014189539, 19.25870949], [-99.01391675, 19.25857918], [-99.013722379, 19.258496739999995], [-99.013443379, 19.25837371], [-99.013217169, 19.258235941000002], [-99.013012968, 19.258089628999997], [-99.01296475, 19.258055080999995], [-99.012848385, 19.257958926], [-99.012834049, 19.257947081], [-99.012677539, 19.25778718], [-99.01252522, 19.257631999999997], [-99.01218503, 19.257227801], [-99.011985419, 19.256961539999995], [-99.01185048, 19.25677515], [-99.01177172, 19.256660111], [-99.011829, 19.25624463], [-99.01169831900002, 19.256011119999997], [-99.01132426, 19.255647781], [-99.011287649, 19.255729090999996], [-99.0110298, 19.25560451], [-99.01082528, 19.255466489999996], [-99.01069338, 19.255341679999997], [-99.00985797, 19.254533079999998], [-99.00981231, 19.25448823], [-99.0092408, 19.253926769999996], [-99.00858117, 19.253195459999997], [-99.00834485, 19.252944829999993], [-99.00813049, 19.252717890000003], [-99.00776655, 19.25231543], [-99.00761872, 19.25216929], [-99.00704477, 19.25160588], [-99.00728355, 19.251177430999995], [-99.007420524, 19.250931686999998], [-99.007485936, 19.250814329], [-99.00750555, 19.250779140000002], [-99.00768954, 19.251023919999998], [-99.00794692000001, 19.250546031], [-99.008264979, 19.250727999999995], [-99.008438679, 19.250693830999996], [-99.00865255, 19.250767679999992], [-99.00882197, 19.25067863], [-99.008882909, 19.250675090999994], [-99.00906526, 19.25029698000001], [-99.00920889, 19.249995029999997], [-99.009352169, 19.249694521], [-99.00950206, 19.249380680999998], [-99.00950509, 19.249371629999995], [-99.009508349, 19.249361911], [-99.00960048, 19.249070880000005], [-99.009714719, 19.248729720999997], [-99.009767986, 19.248493924], [-99.009770449, 19.24848302], [-99.009804249, 19.248264549999995], [-99.01013745000002, 19.247666001], [-99.01035198, 19.24732083], [-99.01045937900001, 19.24714297], [-99.01051080000002, 19.247072459999995], [-99.010626059, 19.247003080000002], [-99.010821379, 19.247005541000004], [-99.011072419, 19.24672205], [-99.01112277, 19.246528321], [-99.011145419, 19.24620417], [-99.01113195, 19.246131429999995], [-99.01119138, 19.24605278], [-99.01229603, 19.24651388], [-99.012385079, 19.246356829999996], [-99.01239694, 19.246122890000002], [-99.01246805, 19.245931679999995], [-99.01270942, 19.245142520000005], [-99.01247532, 19.245014290000004], [-99.01256528, 19.244734029999996], [-99.01282745, 19.244807179999995], [-99.01391692, 19.24511115], [-99.013957549, 19.244918341], [-99.013971829, 19.244850631000002], [-99.013995479, 19.244680320999997], [-99.01402219900001, 19.244556231], [-99.014056366, 19.244420499], [-99.014062707, 19.244395306000005], [-99.0140734, 19.24435283], [-99.014112849, 19.24423531], [-99.01414805800002, 19.24410258], [-99.014152756, 19.244084957], [-99.014174419, 19.244003649999996], [-99.01430315, 19.24363666], [-99.014328072, 19.243583614000002], [-99.01436878500002, 19.243496958], [-99.014396074, 19.243438876000003], [-99.014449233, 19.243325730000002], [-99.014531268, 19.243151124], [-99.01463917, 19.242921461], [-99.01484958, 19.24260634], [-99.01493484900001, 19.242459631000003], [-99.014954629, 19.24225483099999], [-99.01498266, 19.242098289999998], [-99.01506355, 19.24185717], [-99.015282169, 19.24137346], [-99.015405715, 19.241015711], [-99.01541478, 19.240989460999998], [-99.01548983, 19.24085698], [-99.015558149, 19.240792461], [-99.015617369, 19.240739620999996], [-99.015694989, 19.240620882000005], [-99.01574257900002, 19.240548079999993], [-99.0164684, 19.239809497], [-99.01647396, 19.239803840000004], [-99.016652152, 19.239622510999997], [-99.016663855, 19.239610603], [-99.016676878, 19.239597350000004], [-99.01668705, 19.239586999999997], [-99.016774311, 19.239499885], [-99.016779778, 19.239494425], [-99.017007366, 19.239267214999998], [-99.017007427, 19.239267153999997], [-99.017228954, 19.239045993], [-99.017235345, 19.239039611999996], [-99.017647647, 19.238627988999998], [-99.017660914, 19.238614743999996], [-99.017672096, 19.238603580999996], [-99.01773492000001, 19.23854086], [-99.017749152, 19.238505627], [-99.017752988, 19.238496129999994], [-99.017861059, 19.238228596999996], [-99.018204019, 19.237676337], [-99.027904824, 19.226329306999997], [-99.03019303, 19.22363285], [-99.03287418, 19.223077153999995], [-99.03406105, 19.222831149999998], [-99.03520877000001, 19.222593249999992], [-99.0357864, 19.22247351], [-99.03628365, 19.222370429999998], [-99.03641891, 19.222342399999995], [-99.03673163, 19.222277569999996], [-99.03693966, 19.222234400000005], [-99.03759660000001, 19.222098049999992], [-99.03804014, 19.222005999999997], [-99.04010531, 19.221577350000004], [-99.041124739, 19.221365742999996], [-99.041786459, 19.221228393], [-99.042168819, 19.221149024], [-99.042468059, 19.221086903], [-99.042785349, 19.221021073999992], [-99.043022599, 19.220971852999998], [-99.045438219, 19.220470704000004], [-99.04664399900001, 19.220220533999992], [-99.046663521, 19.220216483999994], [-99.046823318, 19.220183337000005], [-99.047662511, 19.220009230999995], [-99.047832005, 19.219974065999992], [-99.0478672, 19.219966763999995], [-99.048265539, 19.219884114], [-99.049143679, 19.219701933999993], [-99.049484585, 19.219631206000003], [-99.05235284700001, 19.219036066], [-99.052354689, 19.219035684], [-99.053097597, 19.218881532], [-99.053839199, 19.218727643], [-99.055983739, 19.218282614000003], [-99.056353179, 19.218206113999997], [-99.056716259, 19.218130934000005], [-99.058163309, 19.217831304000004], [-99.059189379, 19.217618824], [-99.06015719900002, 19.217418414], [-99.0605434, 19.217338424], [-99.063207799, 19.216786643999992], [-99.064330199, 19.216553762999997], [-99.065803819, 19.216247973999995], [-99.06630868, 19.216143222999996], [-99.067325459, 19.215932222999996], [-99.067771799, 19.215839593999995], [-99.069071489, 19.215569884], [-99.07106431000001, 19.215156304], [-99.072307179, 19.21489834400001], [-99.073586629, 19.214632774000002], [-99.075790229, 19.214175372999996], [-99.076753549, 19.213975423999997], [-99.077721029, 19.213774573999995], [-99.07781997, 19.213754050000002], [-99.078127949, 19.213690104999998], [-99.07853377, 19.213605879999996], [-99.078704049, 19.21357052], [-99.078834459, 19.213543449999996], [-99.079371919, 19.213431859999996], [-99.08005874, 19.213289279999998], [-99.08035563, 19.21322765], [-99.080895689, 19.213115521], [-99.081351799, 19.213019821], [-99.08196608, 19.212890920000003], [-99.082059251, 19.212871366999998], [-99.08250903, 19.212776979999994], [-99.08305106, 19.21266331], [-99.083472681, 19.212576850000005], [-99.08364285800002, 19.212541949000002], [-99.08377009, 19.21251586], [-99.084209092, 19.212425837], [-99.08440965, 19.21238471], [-99.085744976, 19.212110852999995], [-99.08631318, 19.211994319999995], [-99.086500271, 19.211955951], [-99.08822805, 19.2116016], [-99.088423335, 19.211561546999995], [-99.08850426, 19.21154495], [-99.08903255, 19.211436579999997], [-99.089289977, 19.211383784], [-99.089290246, 19.211383729], [-99.089392019, 19.211362855999997], [-99.0906948, 19.211095649999997], [-99.09087288, 19.211048229999996], [-99.090873089, 19.211048164], [-99.090873996, 19.211047882], [-99.09093650800001, 19.21102838199999], [-99.09096537, 19.21101938], [-99.091717049, 19.210920091], [-99.092065052, 19.210905864], [-99.09239172, 19.21089251], [-99.092929349, 19.21091877], [-99.09318092, 19.21092994], [-99.09338892, 19.210964491], [-99.093542149, 19.21100871], [-99.09368525, 19.21107892], [-99.093770222, 19.211139085], [-99.094009309, 19.211308369999998], [-99.094135708, 19.211415752], [-99.09420431000001, 19.21147403], [-99.09429508, 19.211524429999997], [-99.09439635, 19.2115532], [-99.09448495, 19.211553149999997], [-99.09456088, 19.21153871], [-99.09465451, 19.211493019999995], [-99.09474308, 19.211432910000003], [-99.09483415, 19.211360799999998], [-99.09489992, 19.21128332], [-99.09494546, 19.21122085], [-99.09497578, 19.211151170000004], [-99.094996, 19.211074279999995], [-99.09506454, 19.21007898], [-99.09507623, 19.209741369999993], [-99.09509892, 19.209590020000004], [-99.09515958, 19.209438650000003], [-99.09525315, 19.20925903], [-99.095414346, 19.209015628], [-99.09555506, 19.20880315], [-99.09561152, 19.208717891], [-99.09568703, 19.208627939999996], [-99.09577444900002, 19.208578350000003], [-99.09585612, 19.208555920000002], [-99.09597409000001, 19.208554140000004], [-99.09612294, 19.208573000999998], [-99.096273179, 19.20859877099999], [-99.096432769, 19.208626691], [-99.096550739, 19.20865208], [-99.096679739, 19.208664829999993], [-99.09677735, 19.208664449999997], [-99.09687311, 19.208653860000002], [-99.09699592, 19.208630749999998], [-99.097138659, 19.208592720999995], [-99.09794431, 19.208329970000005], [-99.097961755, 19.208324765999997], [-99.098137379, 19.208272379999997], [-99.098269029, 19.208238199999997], [-99.09835062, 19.208226660999994], [-99.09841051, 19.208220940999997], [-99.098488449, 19.208215200999998], [-99.09881946, 19.20821502], [-99.09889555, 19.208211379999998], [-99.09894508, 19.208209400999998], [-99.09903737, 19.208196569999995], [-99.09910995, 19.208182821000005], [-99.099163219, 19.20816432], [-99.09921251, 19.208147279999995], [-99.09926942, 19.208105149999998], [-99.09930586, 19.208069419999998], [-99.09936914, 19.20799085], [-99.09983066, 19.207495599999998], [-99.09992054, 19.207385629999997], [-99.09997602, 19.207267049999995], [-99.10001297, 19.207143999999992], [-99.10002611, 19.20699335], [-99.10004475, 19.206519549999992], [-99.10005792, 19.20641409], [-99.10008431, 19.20632118], [-99.10012395, 19.206245849999995], [-99.10018209, 19.206170489999998], [-99.10025612, 19.206115229999995], [-99.10037512, 19.206072480000003], [-99.10060634, 19.20599803], [-99.100635565, 19.205984532999995], [-99.10069888, 19.205955289999995], [-99.10080200000002, 19.205894980000004], [-99.10088612, 19.205824649999997], [-99.10098442, 19.20572165], [-99.101002279, 19.205700800000002], [-99.101147594, 19.205531207], [-99.10159002, 19.20501486], [-99.101693089, 19.204891779999997], [-99.101745939, 19.204808891], [-99.10176366, 19.204762798999997], [-99.101780429, 19.204719180000005], [-99.10181475, 19.20462162999999], [-99.101854311, 19.20443043], [-99.10187085, 19.20420085], [-99.101899711, 19.203823421], [-99.10193318, 19.203434249999997], [-99.1019636, 19.202646090000002], [-99.10202243000002, 19.202280521000002], [-99.10207006, 19.2018464], [-99.10208645, 19.201572321000004], [-99.10211758, 19.2010518], [-99.10217034, 19.20082797], [-99.10224694, 19.20066197099999], [-99.10227311, 19.200628230999996], [-99.102399849, 19.200464770999996], [-99.10262925000002, 19.20031112], [-99.10311388, 19.200018290999996], [-99.103267919, 19.1999262], [-99.104080619, 19.199436381000005], [-99.10412333900001, 19.19941066], [-99.10419635, 19.199367181], [-99.10472558, 19.19904637], [-99.10479968900002, 19.198964221], [-99.104844229, 19.19886611], [-99.104850969, 19.198766291], [-99.10482431, 19.19865615], [-99.10477892, 19.198560921], [-99.104725459, 19.19849335], [-99.104608859, 19.198425820000004], [-99.10463148, 19.198382020000004], [-99.104635335, 19.198351703999997], [-99.10463723, 19.198336799999996], [-99.104658349, 19.198279289999995], [-99.104697829, 19.19820552], [-99.104754196, 19.198213387999996], [-99.10518183000002, 19.19827308], [-99.105264537, 19.198087508000004], [-99.105274985, 19.198064067], [-99.105276627, 19.198060382], [-99.10527768, 19.19805802], [-99.105281369, 19.198052251999997], [-99.105291394, 19.198036573999993], [-99.105505595, 19.197701626], [-99.10550577800001, 19.197701339999995], [-99.105517617, 19.197682825999998], [-99.105517972, 19.197682269999998], [-99.105533088, 19.197658636], [-99.1057364, 19.197340710000002], [-99.105745303, 19.197324442], [-99.105745451, 19.19732417], [-99.105773277, 19.197273325], [-99.105791836, 19.197239413], [-99.105802955, 19.197219095000005], [-99.105803143, 19.197218750999998], [-99.105811602, 19.197203294999998], [-99.105980264, 19.196895100999996], [-99.105985474, 19.196885582], [-99.105991724, 19.196874135999998], [-99.106299573, 19.196311633], [-99.106308247, 19.196295783999997], [-99.106316086, 19.196281459999998], [-99.106509631, 19.195927794999996], [-99.106519383, 19.195909977000003], [-99.106529169, 19.195892091999998], [-99.106714995, 19.195552530000004], [-99.106732879, 19.19551985], [-99.106743489, 19.195500461], [-99.10692806, 19.195163191], [-99.106948062, 19.195126641000005], [-99.10809951500002, 19.193022521], [-99.108437567, 19.192404764000003], [-99.108628166, 19.192056462], [-99.108817229, 19.191710963999995], [-99.109016765, 19.191346326], [-99.109118014, 19.191161300000005], [-99.11027634, 19.189044489999997], [-99.11148409, 19.18683414], [-99.11166245, 19.18651329], [-99.11233063, 19.185295479999997], [-99.11266062, 19.18469266], [-99.11341835, 19.18330229], [-99.11865414, 19.17374266], [-99.11913014, 19.172872949999995], [-99.13024432000002, 19.152544169999995], [-99.13105074, 19.152668680000005], [-99.13140332, 19.15265348], [-99.13165815, 19.15263451], [-99.13214157, 19.152921399999997], [-99.13250885, 19.153026350000005], [-99.13258163, 19.153121139999996], [-99.13260026, 19.15321966], [-99.13261154, 19.15338162999999], [-99.13246785, 19.15398965], [-99.13255505, 19.15429835], [-99.13279535, 19.15488078], [-99.13283662, 19.155825020000005], [-99.13279529000002, 19.15662369], [-99.13289483, 19.15772752], [-99.13282471, 19.15858368], [-99.13272498000002, 19.159338659999996], [-99.13269489, 19.160134429999996], [-99.13252329, 19.160848030000004], [-99.13239866000002, 19.161283770000004], [-99.13224865, 19.16160908], [-99.13197635, 19.162126629999996], [-99.13181465, 19.162608939999995], [-99.13165034, 19.163185549999998], [-99.13106845, 19.16405549], [-99.13064143, 19.16490041999999], [-99.13047102, 19.165408889999995], [-99.13031477, 19.165906059999998], [-99.13021752, 19.166579429999995], [-99.13020228, 19.167264029999995], [-99.13017422, 19.16822048], [-99.13031348, 19.16885906], [-99.13052083, 19.170402120000002], [-99.13051454, 19.17057277], [-99.13047794, 19.17072152], [-99.13051966, 19.170837719999998], [-99.13053302, 19.17104751], [-99.13054318, 19.17139364999999], [-99.13050889, 19.17164395], [-99.13047740000002, 19.171800739999995], [-99.13046185, 19.171855289999996], [-99.13040969, 19.171909819999996], [-99.13034192, 19.171959429999998], [-99.13024435, 19.17200809], [-99.13007148, 19.172083549999993], [-99.12999715000001, 19.172137510000002], [-99.12996278, 19.17219584999999], [-99.12995055000002, 19.17224602], [-99.1299494, 19.17236028], [-99.13003388, 19.17244638], [-99.130073, 19.17251502], [-99.13019672, 19.172670720000003], [-99.13046888, 19.17297102], [-99.13079498, 19.173420399999998], [-99.13091192, 19.17360332], [-99.13110635, 19.173842649999997], [-99.13138278, 19.17403752], [-99.13156718, 19.174293029999998], [-99.13175157, 19.174548509999997], [-99.13195018000002, 19.174864539999998], [-99.13206374, 19.175120089999993], [-99.13213272, 19.175501449999995], [-99.13216118, 19.175836950000004], [-99.13224945, 19.176214949999995], [-99.13231092, 19.176394910000003], [-99.13241431, 19.176537019999998], [-99.1325022, 19.176669339999997], [-99.13250486, 19.17677228999999], [-99.13243851, 19.17697362], [-99.13232563, 19.177217079999995], [-99.13229566, 19.177467649999997], [-99.13229586, 19.17770388], [-99.13232622, 19.17796157], [-99.13240182, 19.17821206], [-99.13239455, 19.17853222], [-99.13224312000001, 19.17875631], [-99.13215791, 19.179007059999996], [-99.13207271, 19.17927255], [-99.1319798, 19.179619149999997], [-99.13186366, 19.18005425], [-99.13162323, 19.180393579999997], [-99.13147588, 19.18062963], [-99.13128683, 19.181253290000004], [-99.13104845, 19.18180745], [-99.13080018, 19.182102549999996], [-99.13049752, 19.18230922], [-99.13033465, 19.18255265], [-99.13025731, 19.182950849999994], [-99.13024209, 19.18335638], [-99.13019577, 19.18370295], [-99.13010123000001, 19.183933749999998], [-99.12997131, 19.184116650000004], [-99.1298676, 19.184152169999997], [-99.12977217, 19.18416406], [-99.12968092, 19.18422323], [-99.12959386, 19.18431785], [-99.12951514, 19.18446763], [-99.12942954, 19.18454714], [-99.12911566, 19.184608089999994], [-99.12897046, 19.18465154], [-99.12886268, 19.184789509999998], [-99.12873838, 19.185029940000003], [-99.12837366000001, 19.185609379999995], [-99.12786003, 19.186045320000005], [-99.12748591, 19.18640735], [-99.12738582, 19.18671426], [-99.12725152, 19.186999830000005], [-99.12707612, 19.187266179999995], [-99.12712125, 19.187564400000003], [-99.12726797, 19.18786254], [-99.1274124, 19.18810843], [-99.12756966, 19.18829128], [-99.12773509, 19.18847449], [-99.12816195, 19.188810849999992], [-99.12872843, 19.189145250000003], [-99.12934763, 19.189811169999995], [-99.12993514, 19.190297510000004], [-99.12999595000001, 19.190490309999998], [-99.130003, 19.19073343], [-99.1301494, 19.190902169999998], [-99.13047718, 19.191083089999992], [-99.13067272000002, 19.191314909999996], [-99.13065797, 19.191646739999996], [-99.13065831, 19.192067250000004], [-99.13059828, 19.19229172], [-99.13065428, 19.192450769999997], [-99.13064155, 19.192695579999995], [-99.130775, 19.19294031], [-99.13061614, 19.19316485], [-99.13057769, 19.19338522], [-99.130472, 19.193662659999998], [-99.13046828, 19.193760179999995], [-99.13049115, 19.19401254], [-99.13027938, 19.19433412], [-99.1302362, 19.194366170000002], [-99.1301038, 19.194468029999992], [-99.13007826, 19.19451374], [-99.13009280000001, 19.19456722], [-99.13012338, 19.194680230000003], [-99.13002158, 19.19491075], [-99.12994357, 19.195357079999997], [-99.13004734, 19.19545909], [-99.13012423, 19.19558668], [-99.13022045, 19.19584363], [-99.130360713, 19.196015795], [-99.130361128, 19.196016303999997], [-99.13042617, 19.19609614], [-99.13045066, 19.19620548], [-99.13039377, 19.19638175], [-99.13022322, 19.196611420000004], [-99.13002063, 19.19674512], [-99.12961306, 19.197120631], [-99.12950592, 19.197271], [-99.12947298, 19.197377889999995], [-99.129481449, 19.197454221], [-99.12950772000002, 19.1975134], [-99.12954109, 19.19765529], [-99.12943782000002, 19.197770819999988], [-99.12930894, 19.197937550999992], [-99.1292742, 19.198004489999995], [-99.12927374, 19.198036779999995], [-99.12926962, 19.19812688], [-99.129292919, 19.198164250999998], [-99.129375079, 19.198190751], [-99.12945706000001, 19.198236551000004], [-99.12948032, 19.19826234], [-99.12949963, 19.198292459999998], [-99.129512489, 19.19832552], [-99.12951537900001, 19.198369321], [-99.12950983, 19.19840766], [-99.129498379, 19.198455859999996], [-99.12947812, 19.198520519999995], [-99.129448769, 19.198599659999992], [-99.12937794, 19.198742141000004], [-99.12927715, 19.198900969999993], [-99.129199629, 19.199046019999997], [-99.129139949, 19.199190999999995], [-99.129112769, 19.199323481], [-99.12909288, 19.199441181], [-99.129084629, 19.19958490999999], [-99.12908949, 19.199671460999994], [-99.129117339, 19.199715311], [-99.12915272, 19.199743650000002], [-99.12928746, 19.19980478], [-99.129320679, 19.199836251000004], [-99.12934006, 19.199882059999993], [-99.129334579, 19.200037819999995], [-99.129342489, 19.200099020999996], [-99.12936018, 19.200158379999998], [-99.129403549, 19.20022535], [-99.129469399, 19.20032277], [-99.12954003, 19.200382111000003], [-99.129540259, 19.200681673999995], [-99.12954026000001, 19.200682091], [-99.129539029, 19.20107209], [-99.129480659, 19.2016616], [-99.12946526, 19.201816201], [-99.12942977, 19.20206906], [-99.129396219, 19.202464971], [-99.129392169, 19.202515861], [-99.129314691, 19.202993620999997], [-99.12931315, 19.203003120999995], [-99.129637399, 19.203013233999997], [-99.12974728, 19.203016659999996], [-99.129917459, 19.203045551], [-99.130061596, 19.203094228], [-99.13017259500002, 19.203131713999994], [-99.130302399, 19.203175550000005], [-99.130228479, 19.203432259999992], [-99.13019943, 19.203516940999997], [-99.130088719, 19.20375302], [-99.13007966, 19.203800181], [-99.13008334, 19.203846319999997], [-99.13011431, 19.20388258], [-99.13043845, 19.20397032], [-99.130507539, 19.203992831000004], [-99.130552999, 19.204007080999993], [-99.13076566, 19.204077739999992], [-99.13083269, 19.204123881], [-99.13084187000001, 19.204131982000003], [-99.13092417, 19.204204601], [-99.131206889, 19.204565481], [-99.131213019, 19.204777035], [-99.131213689, 19.204800111000004], [-99.131300798, 19.205041412999996], [-99.131366019, 19.20522208], [-99.131440775, 19.205351455999995], [-99.131485119, 19.205428199999993], [-99.13156595, 19.205529229999996], [-99.13164288, 19.205609401000004], [-99.131980029, 19.20591454], [-99.132143182, 19.206095891000004], [-99.132149802, 19.206103247999998], [-99.13227168000002, 19.206238719999995], [-99.132431199, 19.206479051], [-99.132434375, 19.206490406999997], [-99.13249956900002, 19.206723479999997], [-99.132522399, 19.20700917], [-99.132497749, 19.207155151], [-99.132428693, 19.207341804999995], [-99.132339319, 19.207583368], [-99.132339095, 19.207583976], [-99.132322999, 19.207627480000003], [-99.132321234, 19.207674115999993], [-99.13232025, 19.207700091000003], [-99.132396383, 19.207929675999992], [-99.132419769, 19.208000201], [-99.132485465, 19.208077934999995], [-99.13252514, 19.208124880000003], [-99.13263191, 19.208193158999997], [-99.132704249, 19.20823942], [-99.13271008000001, 19.208247862], [-99.13277015, 19.20833482], [-99.132796659, 19.208984031], [-99.13276869200001, 19.209234627999997], [-99.132768128, 19.209239682], [-99.132767932, 19.209241434000003], [-99.132766339, 19.209255710000004], [-99.132773, 19.20943906], [-99.132865003, 19.209641074999997], [-99.13291569, 19.209752371], [-99.13291868, 19.20985662], [-99.13287047900002, 19.209922481], [-99.13282148, 19.209979341], [-99.1328746, 19.21002582], [-99.132973459, 19.210076740999998], [-99.13301433900001, 19.210095020999997], [-99.133039748, 19.210122020999997], [-99.13329611, 19.210394436], [-99.133313145, 19.210412537999996], [-99.133590146, 19.210706884000004], [-99.133603653, 19.210721236], [-99.133877203, 19.211011914], [-99.13389868, 19.211034734], [-99.134445829, 19.211616135999996], [-99.13831586, 19.21572825], [-99.14954365, 19.219224079999993], [-99.149593602, 19.219238652999998], [-99.14960617, 19.219242318999996], [-99.15439486, 19.220639279999997], [-99.15351936900001, 19.221806250999997], [-99.15348152, 19.221581570000005], [-99.15342425, 19.221409859999998], [-99.15328449, 19.22118398], [-99.15321711, 19.22098517], [-99.15305774, 19.220741219999997], [-99.15293442, 19.220580880000004], [-99.15284157, 19.220503289999993], [-99.15276705000001, 19.22046211], [-99.15261706, 19.22046814], [-99.15248052, 19.220533829999997], [-99.15233795, 19.22071477], [-99.15229025, 19.22087754], [-99.15206380000001, 19.221295859999998], [-99.15200982, 19.22174114], [-99.15203662, 19.221882149999992], [-99.15202288, 19.222039459999998], [-99.15190934, 19.22241248], [-99.1518422, 19.22273122], [-99.15177486, 19.22287366], [-99.15169045, 19.223110279999997], [-99.15167183, 19.223186399999996], [-99.15165186, 19.22326126], [-99.15161989, 19.223352619999996], [-99.15157988, 19.22341734], [-99.15154383000001, 19.22343894], [-99.15151177, 19.223440230000005], [-99.15147834, 19.22342251], [-99.15144754, 19.22335277], [-99.15142609000002, 19.22328175], [-99.15140832, 19.22323042], [-99.15139586, 19.22322248], [-99.15131472, 19.223207939999998], [-99.15122077, 19.223244509999997], [-99.15115022, 19.223407969999997], [-99.15116469, 19.223486599999998], [-99.15118458000002, 19.223561819999997], [-99.15120074, 19.223635940000005], [-99.15120391, 19.223661879999998], [-99.15120445, 19.223690719999997], [-99.15120223000001, 19.223717], [-99.15119663000002, 19.223746229999993], [-99.15118694, 19.223777079999998], [-99.15117142, 19.223810749999995], [-99.15115318, 19.223854149999998], [-99.15113343, 19.223900429999993], [-99.15111389, 19.22394157], [-99.15110106, 19.223971309999996], [-99.15109025, 19.224002879999997], [-99.15108077, 19.22404137], [-99.1510752, 19.22407911], [-99.15107322, 19.224113619999997], [-99.15107438, 19.22415108], [-99.15107862, 19.224186059999997], [-99.15108451000002, 19.22420849], [-99.15109222, 19.22423308], [-99.15110305, 19.224261980000005], [-99.15111522, 19.224289510000002], [-99.15112829, 19.224315089999997], [-99.15114351, 19.224341169999995], [-99.15116417, 19.224371949999995], [-99.15119048, 19.224405519999998], [-99.15123286, 19.224450089999998], [-99.15127368, 19.224484939999996], [-99.15132031, 19.224517420000005], [-99.1513706, 19.224547740000002], [-99.15140871, 19.224565049999992], [-99.15145137, 19.224583799999994], [-99.15149555, 19.22459678], [-99.15155192, 19.224606849999997], [-99.15160218, 19.22460969], [-99.151666433, 19.224614604999992], [-99.15174562, 19.224620661000007], [-99.15186245, 19.22462932], [-99.15196474, 19.224648089999995], [-99.152120369, 19.224662219999995], [-99.15221162, 19.224671569999995], [-99.15227642, 19.224673200000005], [-99.15236632, 19.224684620000005], [-99.152456369, 19.224710179999995], [-99.15254026, 19.224740769999997], [-99.15263748, 19.224784001000003], [-99.152691049, 19.224815970999998], [-99.15273734000002, 19.224837709999996], [-99.152784969, 19.224873450000004], [-99.152840569, 19.224933649999997], [-99.15290012, 19.225003260999998], [-99.1529736, 19.22509923], [-99.15303914000002, 19.225206509999996], [-99.15312337, 19.225342431], [-99.153212089, 19.225602939999995], [-99.153316969, 19.225862541000005], [-99.153378489, 19.225981830999995], [-99.153261619, 19.226159751], [-99.153180709, 19.226319420999996], [-99.153071999, 19.226510830999995], [-99.152984259, 19.226649910999996], [-99.152935309, 19.226902231], [-99.15286503, 19.227138659999998], [-99.15283209, 19.227364571], [-99.152769059, 19.22764769], [-99.152715057, 19.227880357999997], [-99.15270002900002, 19.227945109999997], [-99.15264895, 19.228157950999996], [-99.152579903, 19.228371], [-99.152561819, 19.2284268], [-99.15251334, 19.228582580999998], [-99.15250755, 19.228607549000003], [-99.152456309, 19.228828539999995], [-99.152417259, 19.22897438], [-99.15238937900001, 19.229134681000005], [-99.15237528000002, 19.229276660999993], [-99.15233317, 19.2293682], [-99.152230799, 19.229479780999995], [-99.15212846, 19.22962285], [-99.152020139, 19.22980306], [-99.15191446, 19.229973919999996], [-99.15186385, 19.230062147], [-99.15186031, 19.230068319999997], [-99.15182126, 19.230211311000005], [-99.15179371, 19.230481080999997], [-99.151780889, 19.23066491], [-99.151777634, 19.230676465], [-99.151755067, 19.230756557999996], [-99.151740079, 19.230809750999995], [-99.15162492, 19.231076519999995], [-99.151612333, 19.231091869999997], [-99.151554015, 19.231162989], [-99.151526379, 19.231196691000005], [-99.15136597, 19.231353849999998], [-99.151272528, 19.23145020799999], [-99.15123266, 19.231491321000004], [-99.151170399, 19.231579379999996], [-99.151102244, 19.231763427000004], [-99.15109908, 19.231771969999997], [-99.15097605900002, 19.23190826], [-99.15093262900001, 19.231941819999996], [-99.150901369, 19.23198398], [-99.15086594, 19.232083451], [-99.15085188, 19.232234771], [-99.150816659, 19.23231014], [-99.150785817, 19.232337611999995], [-99.150753287, 19.232366588000005], [-99.1507441, 19.232374770999996], [-99.150743812, 19.232375028], [-99.150712981, 19.232402489], [-99.15070154000001, 19.232412680000003], [-99.150614787, 19.232543797000005], [-99.150612754, 19.232546871000004], [-99.15060363, 19.232560659999994], [-99.15060329, 19.232561787], [-99.15057526, 19.23265472], [-99.150586, 19.232918550000004], [-99.150601619, 19.233083169999993], [-99.1505796, 19.233167570999996], [-99.15052026, 19.233211061], [-99.1504768, 19.23341383], [-99.15049109, 19.233530879999996], [-99.150525229, 19.233672109999997], [-99.150560719, 19.23375498099999], [-99.150657199, 19.23397786], [-99.150704149, 19.234065351], [-99.15073708, 19.234205970000005], [-99.150747625, 19.234271451], [-99.150747784, 19.234272431], [-99.150747833, 19.234272736], [-99.15076442, 19.234375711], [-99.15075556600002, 19.234449124999994], [-99.15074458, 19.23454023], [-99.15073473, 19.234564069999998], [-99.150700139, 19.234647788999993], [-99.150692273, 19.234666825999994], [-99.15068317, 19.23468886], [-99.150683086, 19.234688866999996], [-99.15067883, 19.234689248], [-99.15059149, 19.234697059999995], [-99.150506805, 19.234674948999995], [-99.15049214, 19.234671119999994], [-99.150489354, 19.234660885], [-99.150484685, 19.234643733], [-99.15048052000002, 19.234628429999997], [-99.150479506, 19.234593404], [-99.15047791, 19.234538311], [-99.150464289, 19.234413710999995], [-99.150442339, 19.234294400999996], [-99.15038694, 19.234233549999992], [-99.150309229, 19.234193980999997], [-99.150250939, 19.234178231], [-99.15013426, 19.23417059999999], [-99.15002589, 19.23418152], [-99.14978146, 19.234160980999995], [-99.14966208, 19.234132119999995], [-99.14961337900002, 19.234095396], [-99.149595509, 19.23408192], [-99.149545629, 19.23403432], [-99.149495946, 19.234032816], [-99.14946506, 19.234031879999996], [-99.14938714, 19.234087779999992], [-99.14931089, 19.234175711000002], [-99.149306659, 19.234268459999996], [-99.14934493900002, 19.234345060999996], [-99.14943646, 19.234419049999996], [-99.149536339, 19.234487710999996], [-99.149572319, 19.23455388], [-99.149569429, 19.23462545], [-99.14954157, 19.234681150000004], [-99.14949428, 19.234744861], [-99.149413649, 19.234800691000004], [-99.149282569, 19.234844199999998], [-99.14920205, 19.234887801000003], [-99.149166719, 19.23495763], [-99.149096549, 19.23503425], [-99.14901054, 19.23511743], [-99.148941089, 19.23519266], [-99.148891859, 19.23536388999999], [-99.14883817900001, 19.235522881], [-99.148789399, 19.23558234], [-99.14870709, 19.235664980000003], [-99.14861395, 19.23566942], [-99.14852998, 19.235679600999998], [-99.148436969, 19.235720220999994], [-99.148389859, 19.235775341], [-99.148369909, 19.235833310999997], [-99.148370979, 19.236001680999998], [-99.148298, 19.236168429999996], [-99.14827732, 19.236213762999995], [-99.148270181, 19.236229410999993], [-99.14826361, 19.236243814], [-99.14823412, 19.236308460000004], [-99.148200249, 19.236292910999996], [-99.148171614, 19.236279764999995], [-99.148137709, 19.236264200000004], [-99.148116143, 19.236255737999997], [-99.14809971, 19.236249291], [-99.14806343, 19.2362254], [-99.14801609, 19.23619478], [-99.1479886, 19.23616785999999], [-99.147973719, 19.236149890999997], [-99.14796556, 19.236124749999995], [-99.14796302, 19.236116921], [-99.14795571, 19.23606745], [-99.147967061, 19.236056065999996], [-99.148009939, 19.236013061000005], [-99.148015165, 19.236000305], [-99.148057089, 19.235897971], [-99.148069023, 19.235862499], [-99.148115169, 19.23572533999999], [-99.148129248, 19.235699775], [-99.14816574, 19.23563351], [-99.148264459, 19.235527831], [-99.1483426, 19.235435251], [-99.14838809, 19.235337920000003], [-99.148419779, 19.23513122], [-99.148413447, 19.235075009], [-99.148402479, 19.234977649999998], [-99.148342859, 19.234897031], [-99.14828869300001, 19.23486233], [-99.1481818, 19.234793849999996], [-99.148101079, 19.234723141000003], [-99.147965619, 19.234637779999996], [-99.14787674, 19.23455725], [-99.14774232, 19.234542061], [-99.147593086, 19.234472187999998], [-99.147578459, 19.234465339999996], [-99.147571662, 19.234463489999996], [-99.147554056, 19.234458699999998], [-99.147536028, 19.234453793999997], [-99.147511198, 19.234447038], [-99.147414949, 19.23442085], [-99.146894105, 19.234376229999995], [-99.146886419, 19.234375571000005], [-99.146876855, 19.234372426999997], [-99.146855632, 19.234365449], [-99.14682205, 19.23435441], [-99.14672094, 19.234321170999998], [-99.146601347, 19.234255419], [-99.14658718, 19.234247630000002], [-99.146517208, 19.234229405999994], [-99.146444879, 19.234210571000002], [-99.14638531, 19.234205702], [-99.146363025, 19.234203881000003], [-99.14633095, 19.23420126], [-99.146210969, 19.234225399999996], [-99.14609043, 19.234213581], [-99.14600055, 19.23421765], [-99.145922459, 19.234282151], [-99.14587509, 19.2343174], [-99.14578085900001, 19.234322480999996], [-99.145636739, 19.234322419999998], [-99.14555782900001, 19.234370681], [-99.145498179, 19.234419951000003], [-99.14539823, 19.234456201], [-99.14533209, 19.234438310999998], [-99.14522048, 19.234370020999997], [-99.145061969, 19.234337820000004], [-99.14491978, 19.234340740999997], [-99.14484429, 19.23438438], [-99.14480434900001, 19.234451879999998], [-99.14478217, 19.234480021], [-99.144690679, 19.234503079999996], [-99.144452539, 19.23452486], [-99.14483786, 19.23519638], [-99.14503932, 19.23554626], [-99.145938069, 19.237239153000004], [-99.14615542, 19.237648549999996], [-99.14616866, 19.23767425], [-99.14633483, 19.23799302], [-99.14701591, 19.239299419999995], [-99.14716618, 19.23959612], [-99.14734157, 19.23995283], [-99.14751983, 19.24025922], [-99.14736015, 19.240365369999992], [-99.14713675, 19.240420539999995], [-99.14701762, 19.240429339999995], [-99.14689651, 19.240409879999994], [-99.1466832, 19.24033678], [-99.14658334000002, 19.240255579999996], [-99.146495169, 19.240148809999997], [-99.14642391, 19.24006252], [-99.146388305, 19.24000648], [-99.14630802, 19.23988011999999], [-99.14621643000001, 19.239462460000002], [-99.14612032, 19.23932898], [-99.14606078, 19.23932843], [-99.14560477, 19.23932508], [-99.14534469, 19.239385569999992], [-99.14514498, 19.239472260000003], [-99.144398239, 19.239624955999997], [-99.14417722, 19.23967015], [-99.14401149, 19.239684489999995], [-99.14394825, 19.24016006], [-99.143947117, 19.240168595999997], [-99.14394431, 19.240189749999995], [-99.143946938, 19.240242910999996], [-99.143962783, 19.240563362000003], [-99.143969583, 19.240700877000002], [-99.14397492000002, 19.240808820000005], [-99.14397737, 19.240873450000002], [-99.14397997, 19.240926932], [-99.144003066, 19.241401828], [-99.14400605, 19.241463179999997], [-99.14403171, 19.241702139999997], [-99.14405742, 19.242038320000002], [-99.144069057, 19.242208699], [-99.144076093, 19.242311717], [-99.14408074, 19.24237974999999], [-99.14409014200001, 19.242491019999996], [-99.14409278700002, 19.242522308], [-99.14409574, 19.24255725], [-99.14411692, 19.24260872], [-99.144118235, 19.242618871], [-99.14412905, 19.24270232], [-99.144152565, 19.242884191], [-99.144167245, 19.242997726], [-99.14416735, 19.24299854], [-99.144191641, 19.243186234999996], [-99.144205476, 19.243293124999997], [-99.14423985, 19.24355872], [-99.1442514, 19.243660740000003], [-99.14425292, 19.244000739999993], [-99.144250966, 19.244178348], [-99.14425088, 19.244186139999993], [-99.144246763, 19.244213590999994], [-99.14419183, 19.2445798], [-99.14425540000002, 19.244740259999997], [-99.143665779, 19.244618629999998], [-99.143338069, 19.244490092], [-99.143315399, 19.244481201], [-99.142331459, 19.244159031], [-99.14223622, 19.24386934], [-99.142203028, 19.243834153], [-99.1420596, 19.243682089999997], [-99.14200542900001, 19.243644339999996], [-99.14171469, 19.243594510999994], [-99.14165612, 19.243581220000003], [-99.14170672, 19.24365402], [-99.1417088, 19.243679831000005], [-99.14165311, 19.24374775], [-99.14162146, 19.243754650999993], [-99.141143509, 19.243603629999996], [-99.141095739, 19.243592429999996], [-99.141047049, 19.24358782099999], [-99.14038409, 19.243594720999997], [-99.14033152, 19.243627909999997], [-99.14028598, 19.243673970999996], [-99.140225119, 19.243803321], [-99.140190319, 19.24385131], [-99.14000385, 19.24419282], [-99.139589422, 19.244871906], [-99.13892151, 19.24596634], [-99.13904138, 19.24604283], [-99.13927595, 19.246237859999997], [-99.13939588, 19.246361320000002], [-99.13961032, 19.24672294], [-99.13973814000002, 19.24694769], [-99.13981688000001, 19.247090049999997], [-99.139989, 19.247349350000007], [-99.14022883, 19.247581449999995], [-99.14030257, 19.24781054], [-99.14036375, 19.24798134], [-99.14051749, 19.248055349999998], [-99.14062172, 19.24811209], [-99.140812, 19.24827009], [-99.1409586, 19.24834545], [-99.14110715, 19.248446630000004], [-99.14137815, 19.248584799999996], [-99.14156318, 19.24869091], [-99.14166751, 19.24885885], [-99.14172563, 19.248995200000003], [-99.14169192, 19.249083579999994], [-99.14167932, 19.24916606], [-99.14171128, 19.249364309999997], [-99.14171575, 19.249434249999997], [-99.1417232, 19.249518180000003], [-99.14170848, 19.24955177], [-99.14170262, 19.24959095], [-99.14169855, 19.24969045], [-99.14169109, 19.249751090000004], [-99.14163145, 19.24985863], [-99.14159972, 19.249936889999997], [-99.14156458, 19.250000060000005], [-99.14148398, 19.250131379999996], [-99.14142917, 19.25026349], [-99.14135328, 19.250394079999996], [-99.14130889, 19.250478490000003], [-99.14127449, 19.25055486000001], [-99.14126311, 19.250612769999996], [-99.14125465, 19.25064766], [-99.14111174, 19.25075635], [-99.141074, 19.25082828], [-99.14103391, 19.250869549999997], [-99.14098646, 19.250911179999996], [-99.14095155, 19.250947399999994], [-99.14091826, 19.25095532], [-99.14085591, 19.25096234], [-99.14079897, 19.250977120000005], [-99.14077249, 19.251044310000005], [-99.14071758, 19.25114178], [-99.14068975000002, 19.251221250000004], [-99.14065838, 19.25122586], [-99.14055215, 19.251254749999998], [-99.14048395, 19.25128505], [-99.14050166000001, 19.2513554], [-99.14052075, 19.251377449999996], [-99.14051463, 19.25140255], [-99.14048475, 19.25145252], [-99.14045815, 19.251540659999996], [-99.14042168, 19.251626460000004], [-99.14033514, 19.251788279999992], [-99.1402122, 19.251841850000005], [-99.14015617, 19.25190103], [-99.14015622, 19.25194545], [-99.14015974, 19.25199812], [-99.14015769, 19.25201768], [-99.14014062, 19.252092079999994], [-99.1401302, 19.25215802], [-99.14013297, 19.25220735], [-99.14014251, 19.25225489], [-99.14017169, 19.252351509999993], [-99.14017662, 19.25241163], [-99.14019637, 19.25246771], [-99.1402008, 19.252521829999996], [-99.14018968, 19.252593450000003], [-99.14014474, 19.25275238], [-99.14010195, 19.25281869], [-99.14008422, 19.252862520000004], [-99.14002895, 19.252941339999996], [-99.13995452, 19.25300705], [-99.13994406, 19.253092940000002], [-99.13987786, 19.2532458], [-99.13983908, 19.253303149999997], [-99.13979822, 19.253324350000003], [-99.13975869, 19.25332437999999], [-99.13969238, 19.253359419999995], [-99.13969246, 19.253434279999997], [-99.13967098, 19.253566370000005], [-99.1396336, 19.253673120000002], [-99.13961169, 19.25378675], [-99.13957745, 19.253910089999998], [-99.13953831, 19.254091950000003], [-99.13949395, 19.25423271], [-99.13947875, 19.254342230000002], [-99.13940338, 19.254604279999995], [-99.13939466, 19.25469328], [-99.13945703, 19.254934029999998], [-99.13958694, 19.25545922], [-99.13973306, 19.25572363], [-99.13981829, 19.255892379999995], [-99.13995157, 19.25612895], [-99.14000902, 19.256231979999995], [-99.14004446, 19.256280599999997], [-99.14012078, 19.25634129], [-99.14022169, 19.256378679999997], [-99.14039062, 19.25644306], [-99.14048497, 19.256492939999998], [-99.14053638, 19.256525679999996], [-99.14058855, 19.25657669], [-99.14074698, 19.256863139999997], [-99.14078154, 19.25694302], [-99.1408008, 19.256999690000004], [-99.14079335, 19.257071479999997], [-99.14063774, 19.25719820000001], [-99.1404538, 19.257309619999997], [-99.14031726, 19.25740151], [-99.14025029, 19.25747557], [-99.14020655, 19.25756411], [-99.14018638, 19.25763702], [-99.14017431, 19.257702250000005], [-99.14016043, 19.25777395], [-99.14016308, 19.25782283], [-99.14017289, 19.257862419999995], [-99.14020768, 19.25792231], [-99.14025623, 19.258014019999997], [-99.14033274, 19.25813409], [-99.14045423, 19.258288549999996], [-99.14057328, 19.258393250000005], [-99.14075425, 19.258542580000004], [-99.14085602, 19.25867748], [-99.14094429, 19.25877195], [-99.14106003, 19.25883382], [-99.1411882, 19.25890051], [-99.14132808, 19.25896278], [-99.14141906, 19.259014980000003], [-99.14150429000001, 19.259080349999994], [-99.14163682, 19.259178750000004], [-99.141721, 19.25922378], [-99.14178885, 19.259295459999997], [-99.14191474, 19.25956255], [-99.14202231, 19.25978468], [-99.14209526, 19.25985483], [-99.1422104, 19.259906519999998], [-99.14225888, 19.259992089999997], [-99.14236668, 19.260234459999996], [-99.14238389, 19.26034757], [-99.14239885000002, 19.2604694], [-99.14239682000002, 19.260618539999996], [-99.14243434, 19.260956339999996], [-99.14241312, 19.261055140000003], [-99.14235032, 19.2612002], [-99.14230194000001, 19.261317199999993], [-99.14226642, 19.26140009], [-99.142219, 19.2615096], [-99.14214605, 19.261679550000004], [-99.14212688, 19.261724019999996], [-99.14211492, 19.26177638], [-99.14211018, 19.261846969999993], [-99.14225386, 19.262546950000004], [-99.14228566, 19.26302674], [-99.14231655, 19.263229950000003], [-99.14235752, 19.263292549999996], [-99.14239454, 19.263352650000005], [-99.14242365, 19.263436549999994], [-99.14243, 19.26359683], [-99.14243611, 19.263765], [-99.14242102, 19.26395542], [-99.14237406, 19.264160259999997], [-99.14240262, 19.264235079999995], [-99.14246818, 19.264326690000004], [-99.14249892, 19.26437695], [-99.142455, 19.26489122], [-99.14243165, 19.265164479999996], [-99.14240314, 19.26662489], [-99.14248751, 19.266692629999998], [-99.14333103, 19.266521980000004], [-99.143223369, 19.26723222099999], [-99.14344052, 19.26725322], [-99.14362871, 19.267271769999997], [-99.14385465, 19.267306539999996], [-99.14412686, 19.267343879999995], [-99.14492143, 19.267446829999997], [-99.14490974, 19.26755954], [-99.14481023, 19.267870599999995], [-99.14473057, 19.268129949999995], [-99.14467997, 19.268231599999993], [-99.14455177, 19.26846551], [-99.14435892, 19.268844279999996], [-99.1439462, 19.26954054], [-99.14376343, 19.269510579999995], [-99.14359178, 19.26951072], [-99.14336774, 19.269470509999998], [-99.14316489, 19.269799689999996], [-99.14307058, 19.2701042], [-99.14299977, 19.27024525], [-99.14289578, 19.270372450000004], [-99.14279608, 19.270503659999996], [-99.14260994, 19.27062418], [-99.14251785, 19.27067757], [-99.14238769, 19.270693689999995], [-99.1422108, 19.27067026], [-99.14213928, 19.27069295], [-99.14204782, 19.270856850000005], [-99.14186863, 19.271455740000004], [-99.14175992, 19.271892829999995], [-99.14163146, 19.272294079999998], [-99.14141574, 19.27277774], [-99.14118814, 19.27353455], [-99.14113868, 19.273730090000004], [-99.14208792, 19.273944629999995], [-99.14200169, 19.274675709999997], [-99.14197668, 19.274797619999998], [-99.14191378, 19.275119429999997], [-99.14177252, 19.275686940000003], [-99.14173045, 19.276616979999996], [-99.14164374000002, 19.277097349999995], [-99.14155785, 19.27754397], [-99.14153835, 19.277958320000003], [-99.14150178, 19.27838815], [-99.14143237000002, 19.278858080000003], [-99.14145192, 19.27906711], [-99.14146014, 19.279155079999995], [-99.14134757, 19.28006949], [-99.1411948, 19.28107403], [-99.14119568, 19.281190400000003], [-99.14107988, 19.282292719999994], [-99.14105595, 19.2825286], [-99.14089857, 19.28249892], [-99.14023291, 19.282385180000002], [-99.13969117, 19.28231615], [-99.13926743, 19.28226545], [-99.1389042, 19.28224322], [-99.13855325, 19.28222835], [-99.13788543, 19.282206459999998], [-99.13745885, 19.28221063], [-99.13699229, 19.282234910000003], [-99.13647243, 19.28227629], [-99.13592875, 19.282335249999996], [-99.13510705, 19.28246145], [-99.1340134, 19.282700939999994], [-99.13248429, 19.283131060000002], [-99.13199443, 19.283266799999996], [-99.131941493, 19.283281468], [-99.13141632, 19.28342698], [-99.13083197, 19.283591140000002], [-99.130789905, 19.28360294999999], [-99.13037289, 19.283720029999998], [-99.12952192, 19.283958880000004], [-99.12913428, 19.28406766], [-99.12828975, 19.284305780000004], [-99.12758457, 19.284501459999998], [-99.12573748000001, 19.28501862], [-99.12544229, 19.285103199999995], [-99.12520048, 19.28516758], [-99.12499902, 19.285220749999997], [-99.12492522, 19.28524118], [-99.1243376, 19.285431029999998], [-99.12391018, 19.285569119999995], [-99.12222211, 19.28628654], [-99.12164612, 19.286531619999998], [-99.11793223, 19.28811788], [-99.11571362000001, 19.289060659999997], [-99.11490691, 19.2894042], [-99.11453314, 19.289563709999996], [-99.11284057, 19.29028597], [-99.11160557, 19.290807489999995], [-99.11036157, 19.29134162], [-99.11029274, 19.29136969], [-99.10929400000002, 19.29178655], [-99.10813711, 19.292281139999993], [-99.10617745, 19.293098], [-99.1057324, 19.29326082], [-99.10568397, 19.2932796], [-99.10502205, 19.293517139999995], [-99.1046202, 19.29370237], [-99.10444571, 19.29378494], [-99.10396429, 19.294012719999998], [-99.10375855, 19.29411006], [-99.10289245000001, 19.294505549999997], [-99.10274431, 19.29457186], [-99.102183349, 19.294827115999997], [-99.10136374, 19.29520006], [-99.101297502, 19.295869824], [-99.101257107, 19.296278290000004], [-99.10122255, 19.296627709999996], [-99.100929296, 19.300019566], [-99.100929222, 19.300020412999995], [-99.10079337, 19.301253479999996], [-99.10064657, 19.302713819999997], [-99.100497089, 19.304456939999998], [-99.100329969, 19.306466720000003], [-99.10032166, 19.306587969999995], [-99.10031296900002, 19.30671502], [-99.10023257000002, 19.30776545], [-99.10006918, 19.309899549999997], [-99.09987891, 19.312969419999995], [-99.09966509, 19.315503939999996], [-99.09959408, 19.316346480000004], [-99.09935031, 19.31927326], [-99.09929452, 19.32044954], [-99.09907626, 19.32044149], [-99.09905918, 19.320441909999992], [-99.09880066, 19.32044814999999]]]}}]}