{"type": "FeatureCollection", "features": [{"type": "Feature", "properties": {"id": "(-99.18675, 19.40219)", "nombre": "Tacubaya", "sistema": "METRO", "alcaldia_municipio": "Miguel Hidalgo", "bv_baseline": 0.223204, "bv_metro": 0.156924, "rank_baseline": 1.0, "rank_metro": 1.0, "delta_metro_plot": -0.06628, "delta_metro_pct": -29.69480833676816, "es_nodo_anillo": false, "tipo_cambio": "pierde"}, "geometry": {"type": "Point", "coordinates": [-99.18675, 19.40219]}}, {"type": "Feature", "properties": {"id": "(-99.074517526, 19.317618602)", "nombre": "Periférico Oriente/Tláhuac", "sistema": "METRO", "alcaldia_municipio": "Iztapalapa", "bv_baseline": null, "bv_metro": 0.155048, "rank_baseline": null, "rank_metro": 2.0, "delta_metro_plot": 0.155048, "delta_metro_pct": null, "es_nodo_anillo": true, "tipo_cambio": "nodo_anillo"}, "geometry": {"type": "Point", "coordinates": [-99.074517526, 19.317618602]}}, {"type": "Feature", "properties": {"id": "(-99.19888233, 19.355731681)", "nombre": "Rómulo O'Farril", "sistema": "METRO", "alcaldia_municipio": "Álvaro Obregón", "bv_baseline": null, "bv_metro": 0.131018, "rank_baseline": null, "rank_metro": 3.0, "delta_metro_plot": 0.131018, "delta_metro_pct": null, "es_nodo_anillo": true, "tipo_cambio": "nodo_anillo"}, "geometry": {"type": "Point", "coordinates": [-99.19888233, 19.355731681]}}, {"type": "Feature", "properties": {"id": "(-99.19120546, 19.361795526)", "nombre": "Barranca del Muerto/Periférico", "sistema": "METRO", "alcaldia_municipio": "Álvaro Obregón", "bv_baseline": null, "bv_metro": 0.128381, "rank_baseline": null, "rank_metro": 4.0, "delta_metro_plot": 0.128381, "delta_metro_pct": null, "es_nodo_anillo": true, "tipo_cambio": "nodo_anillo"}, "geometry": {"type": "Point", "coordinates": [-99.19120546, 19.361795526]}}, {"type": "Feature", "properties": {"id": "(-99.062654986, 19.34508576)", "nombre": "Constitución de 1917/Periférico", "sistema": "METRO", "alcaldia_municipio": "Iztapalapa", "bv_baseline": null, "bv_metro": 0.127417, "rank_baseline": null, "rank_metro": 5.0, "delta_metro_plot": 0.127417, "delta_metro_pct": null, "es_nodo_anillo": true, "tipo_cambio": "nodo_anillo"}, "geometry": {"type": "Point", "coordinates": [-99.062654986, 19.34508576]}}, {"type": "Feature", "properties": {"id": "(-99.220328644, 19.32092595)", "nombre": "Luis Cabrera", "sistema": "METRO", "alcaldia_municipio": "La Magdalena Contreras", "bv_baseline": null, "bv_metro": 0.123558, "rank_baseline": null, "rank_metro": 6.0, "delta_metro_plot": 0.123558, "delta_metro_pct": null, "es_nodo_anillo": true, "tipo_cambio": "nodo_anillo"}, "geometry": {"type": "Point", "coordinates": [-99.220328644, 19.32092595]}}, {"type": "Feature", "properties": {"id": "(-99.067599524, 19.328377434)", "nombre": "Iztapalapa", "sistema": "METRO", "alcaldia_municipio": "Iztapalapa", "bv_baseline": null, "bv_metro": 0.121143, "rank_baseline": null, "rank_metro": 7.0, "delta_metro_plot": 0.121143, "delta_metro_pct": null, "es_nodo_anillo": true, "tipo_cambio": "nodo_anillo"}, "geometry": {"type": "Point", "coordinates": [-99.067599524, 19.328377434]}}, {"type": "Feature", "properties": {"id": "(-99.20203787, 19.347926363)", "nombre": "Desierto de los Leones", "sistema": "METRO", "alcaldia_municipio": "Álvaro Obregón", "bv_baseline": null, "bv_metro": 0.119893, "rank_baseline": null, "rank_metro": 8.0, "delta_metro_plot": 0.119893, "delta_metro_pct": null, "es_nodo_anillo": true, "tipo_cambio": "nodo_anillo"}, "geometry": {"type": "Point", "coordinates": [-99.20203787, 19.347926363]}}, {"type": "Feature", "properties": {"id": "(-99.10221507, 19.29513739)", "nombre": "Canal Nacional", "sistema": "METRO", "alcaldia_municipio": "Xochimilco", "bv_baseline": null, "bv_metro": 0.119862, "rank_baseline": null, "rank_metro": 9.0, "delta_metro_plot": 0.119862, "delta_metro_pct": null, "es_nodo_anillo": true, "tipo_cambio": "nodo_anillo"}, "geometry": {"type": "Point", "coordinates": [-99.10221507, 19.29513739]}}, {"type": "Feature", "properties": {"id": "(-99.115187193, 19.289618298)", "nombre": "Muyuguarda/Cafetales", "sistema": "METRO", "alcaldia_municipio": "Xochimilco", "bv_baseline": null, "bv_metro": 0.119515, "rank_baseline": null, "rank_metro": 10.0, "delta_metro_plot": 0.119515, "delta_metro_pct": null, "es_nodo_anillo": true, "tipo_cambio": "nodo_anillo"}, "geometry": {"type": "Point", "coordinates": [-99.115187193, 19.289618298]}}, {"type": "Feature", "properties": {"id": "(-99.064254049, 19.339142896)", "nombre": "5 de Mayo", "sistema": "METRO", "alcaldia_municipio": "Iztapalapa", "bv_baseline": null, "bv_metro": 0.118792, "rank_baseline": null, "rank_metro": 11.0, "delta_metro_plot": 0.118792, "delta_metro_pct": null, "es_nodo_anillo": true, "tipo_cambio": "nodo_anillo"}, "geometry": {"type": "Point", "coordinates": [-99.064254049, 19.339142896]}}, {"type": "Feature", "properties": {"id": "(-99.094240782, 19.298486669)", "nombre": "Cuemanco", "sistema": "METRO", "alcaldia_municipio": "Xochimilco", "bv_baseline": null, "bv_metro": 0.118577, "rank_baseline": null, "rank_metro": 12.0, "delta_metro_plot": 0.118577, "delta_metro_pct": null, "es_nodo_anillo": true, "tipo_cambio": "nodo_anillo"}, "geometry": {"type": "Point", "coordinates": [-99.094240782, 19.298486669]}}, {"type": "Feature", "properties": {"id": "(-99.08, 19.31)", "nombre": "Estrella del Sur", "sistema": "METRO", "alcaldia_municipio": "Iztapalapa", "bv_baseline": null, "bv_metro": 0.117464, "rank_baseline": null, "rank_metro": 13.0, "delta_metro_plot": 0.117464, "delta_metro_pct": null, "es_nodo_anillo": true, "tipo_cambio": "nodo_anillo"}, "geometry": {"type": "Point", "coordinates": [-99.08, 19.31]}}, {"type": "Feature", "properties": {"id": "(-99.0845, 19.304)", "nombre": "Culhuacán", "sistema": "METRO", "alcaldia_municipio": "Iztapalapa", "bv_baseline": null, "bv_metro": 0.117388, "rank_baseline": null, "rank_metro": 14.0, "delta_metro_plot": 0.117388, "delta_metro_pct": null, "es_nodo_anillo": true, "tipo_cambio": "nodo_anillo"}, "geometry": {"type": "Point", "coordinates": [-99.0845, 19.304]}}, {"type": "Feature", "properties": {"id": "(-99.087, 19.301)", "nombre": "Atlalilco/Periférico", "sistema": "METRO", "alcaldia_municipio": "Iztapalapa", "bv_baseline": null, "bv_metro": 0.117315, "rank_baseline": null, "rank_metro": 15.0, "delta_metro_plot": 0.117315, "delta_metro_pct": null, "es_nodo_anillo": true, "tipo_cambio": "nodo_anillo"}, "geometry": {"type": "Point", "coordinates": [-99.087, 19.301]}}, {"type": "Feature", "properties": {"id": "(-99.09, 19.2995)", "nombre": "Canal de Chalco/Periférico", "sistema": "METRO", "alcaldia_municipio": "Tláhuac", "bv_baseline": null, "bv_metro": 0.117246, "rank_baseline": null, "rank_metro": 16.0, "delta_metro_plot": 0.117246, "delta_metro_pct": null, "es_nodo_anillo": true, "tipo_cambio": "nodo_anillo"}, "geometry": {"type": "Point", "coordinates": [-99.09, 19.2995]}}, {"type": "Feature", "properties": {"id": "(-99.14678, 19.43738)", "nombre": "Hidalgo", "sistema": "METRO", "alcaldia_municipio": "Cuauhtémoc", "bv_baseline": 0.151512, "bv_metro": 0.11495, "rank_baseline": 3.0, "rank_metro": 17.0, "delta_metro_plot": -0.03656200000000001, "delta_metro_pct": -24.131421933576224, "es_nodo_anillo": false, "tipo_cambio": "pierde"}, "geometry": {"type": "Point", "coordinates": [-99.14678, 19.43738]}}, {"type": "Feature", "properties": {"id": "(-99.14906, 19.42648)", "nombre": "Balderas", "sistema": "METRO", "alcaldia_municipio": "Cuauhtémoc", "bv_baseline": 0.142994, "bv_metro": 0.110069, "rank_baseline": 4.0, "rank_metro": 18.0, "delta_metro_plot": -0.03292500000000001, "delta_metro_pct": -23.025441626921413, "es_nodo_anillo": false, "tipo_cambio": "pierde"}, "geometry": {"type": "Point", "coordinates": [-99.14906, 19.42648]}}, {"type": "Feature", "properties": {"id": "(-99.18758, 19.37626)", "nombre": "Mixcoac", "sistema": "METRO", "alcaldia_municipio": "Benito Juárez", "bv_baseline": 0.192312, "bv_metro": 0.109683, "rank_baseline": 2.0, "rank_metro": 19.0, "delta_metro_plot": -0.08262900000000001, "delta_metro_pct": -42.96611755896668, "es_nodo_anillo": false, "tipo_cambio": "pierde"}, "geometry": {"type": "Point", "coordinates": [-99.18758, 19.37626]}}, {"type": "Feature", "properties": {"id": "(-99.203232229, 19.340889452)", "nombre": "Toluca", "sistema": "METRO", "alcaldia_municipio": "Álvaro Obregón", "bv_baseline": null, "bv_metro": 0.109606, "rank_baseline": null, "rank_metro": 20.0, "delta_metro_plot": 0.109606, "delta_metro_pct": null, "es_nodo_anillo": true, "tipo_cambio": "nodo_anillo"}, "geometry": {"type": "Point", "coordinates": [-99.203232229, 19.340889452]}}, {"type": "Feature", "properties": {"id": "(-99.210965915, 19.330670787)", "nombre": "Glorieta Monumental", "sistema": "METRO", "alcaldia_municipio": "Álvaro Obregón", "bv_baseline": null, "bv_metro": 0.109309, "rank_baseline": null, "rank_metro": 21.0, "delta_metro_plot": 0.109309, "delta_metro_pct": null, "es_nodo_anillo": true, "tipo_cambio": "nodo_anillo"}, "geometry": {"type": "Point", "coordinates": [-99.210965915, 19.330670787]}}, {"type": "Feature", "properties": {"id": "(-99.16852, 19.40593)", "nombre": "Chilpancingo", "sistema": "METRO", "alcaldia_municipio": "Cuauhtémoc", "bv_baseline": 0.134797, "bv_metro": 0.107354, "rank_baseline": 7.0, "rank_metro": 22.0, "delta_metro_plot": -0.027442999999999995, "delta_metro_pct": -20.358761693509496, "es_nodo_anillo": false, "tipo_cambio": "pierde"}, "geometry": {"type": "Point", "coordinates": [-99.16852, 19.40593]}}, {"type": "Feature", "properties": {"id": "(-99.208994308, 19.334297058)", "nombre": "Parque el Batán", "sistema": "METRO", "alcaldia_municipio": "Álvaro Obregón", "bv_baseline": null, "bv_metro": 0.107345, "rank_baseline": null, "rank_metro": 23.0, "delta_metro_plot": 0.107345, "delta_metro_pct": null, "es_nodo_anillo": true, "tipo_cambio": "nodo_anillo"}, "geometry": {"type": "Point", "coordinates": [-99.208994308, 19.334297058]}}, {"type": "Feature", "properties": {"id": "(-99.212048351, 19.328610686)", "nombre": "Tarasquillo", "sistema": "METRO", "alcaldia_municipio": "Álvaro Obregón", "bv_baseline": null, "bv_metro": 0.106768, "rank_baseline": null, "rank_metro": 24.0, "delta_metro_plot": 0.106768, "delta_metro_pct": null, "es_nodo_anillo": true, "tipo_cambio": "nodo_anillo"}, "geometry": {"type": "Point", "coordinates": [-99.212048351, 19.328610686]}}, {"type": "Feature", "properties": {"id": "(-99.14463, 19.40722)", "nombre": "Lázaro Cárdenas", "sistema": "METRO", "alcaldia_municipio": "Cuauhtémoc", "bv_baseline": 0.136467, "bv_metro": 0.105547, "rank_baseline": 5.0, "rank_metro": 25.0, "delta_metro_plot": -0.030920000000000003, "delta_metro_pct": -22.657492287512735, "es_nodo_anillo": false, "tipo_cambio": "pierde"}, "geometry": {"type": "Point", "coordinates": [-99.14463, 19.40722]}}, {"type": "Feature", "properties": {"id": "(-99.188913461, 19.39097452)", "nombre": "San Pedro de los Pinos/Periférico", "sistema": "METRO", "alcaldia_municipio": "Benito Juárez", "bv_baseline": null, "bv_metro": 0.104428, "rank_baseline": null, "rank_metro": 26.0, "delta_metro_plot": 0.104428, "delta_metro_pct": null, "es_nodo_anillo": true, "tipo_cambio": "nodo_anillo"}, "geometry": {"type": "Point", "coordinates": [-99.188913461, 19.39097452]}}, {"type": "Feature", "properties": {"id": "(-99.21566038, 19.324062314)", "nombre": "San Antonio Elevado", "sistema": "METRO", "alcaldia_municipio": "La Magdalena Contreras", "bv_baseline": null, "bv_metro": 0.103532, "rank_baseline": null, "rank_metro": 27.0, "delta_metro_plot": 0.103532, "delta_metro_pct": null, "es_nodo_anillo": true, "tipo_cambio": "nodo_anillo"}, "geometry": {"type": "Point", "coordinates": [-99.21566038, 19.324062314]}}, {"type": "Feature", "properties": {"id": "(-99.215830905, 19.307569651)", "nombre": "Santa Teresa", "sistema": "METRO", "alcaldia_municipio": "Álvaro Obregón", "bv_baseline": null, "bv_metro": 0.101789, "rank_baseline": null, "rank_metro": 28.0, "delta_metro_plot": 0.101789, "delta_metro_pct": null, "es_nodo_anillo": true, "tipo_cambio": "nodo_anillo"}, "geometry": {"type": "Point", "coordinates": [-99.215830905, 19.307569651]}}, {"type": "Feature", "properties": {"id": "(-99.21991935, 19.312990572)", "nombre": "Ángeles", "sistema": "METRO", "alcaldia_municipio": "La Magdalena Contreras", "bv_baseline": null, "bv_metro": 0.100855, "rank_baseline": null, "rank_metro": 29.0, "delta_metro_plot": 0.100855, "delta_metro_pct": null, "es_nodo_anillo": true, "tipo_cambio": "nodo_anillo"}, "geometry": {"type": "Point", "coordinates": [-99.21991935, 19.312990572]}}, {"type": "Feature", "properties": {"id": "(-99.152082688, 19.290400734)", "nombre": "Zona de Hospitales", "sistema": "METRO", "alcaldia_municipio": "Tlalpan", "bv_baseline": null, "bv_metro": 0.100373, "rank_baseline": null, "rank_metro": 30.0, "delta_metro_plot": 0.100373, "delta_metro_pct": null, "es_nodo_anillo": true, "tipo_cambio": "nodo_anillo"}, "geometry": {"type": "Point", "coordinates": [-99.152082688, 19.290400734]}}, {"type": "Feature", "properties": {"id": "(-99.160595819, 19.30103758)", "nombre": "Imán/Circuito Azteca", "sistema": "METRO", "alcaldia_municipio": "Tlalpan", "bv_baseline": null, "bv_metro": 0.100006, "rank_baseline": null, "rank_metro": 31.0, "delta_metro_plot": 0.100006, "delta_metro_pct": null, "es_nodo_anillo": true, "tipo_cambio": "nodo_anillo"}, "geometry": {"type": "Point", "coordinates": [-99.160595819, 19.30103758]}}, {"type": "Feature", "properties": {"id": "(-99.191252619, 19.384772416)", "nombre": "Distribuidor Vial San Antonio", "sistema": "METRO", "alcaldia_municipio": "Álvaro Obregón", "bv_baseline": null, "bv_metro": 0.099513, "rank_baseline": null, "rank_metro": 32.0, "delta_metro_plot": 0.099513, "delta_metro_pct": null, "es_nodo_anillo": true, "tipo_cambio": "nodo_anillo"}, "geometry": {"type": "Point", "coordinates": [-99.191252619, 19.384772416]}}, {"type": "Feature", "properties": {"id": "(-99.221673835, 19.318655355)", "nombre": "Suiza", "sistema": "METRO", "alcaldia_municipio": "La Magdalena Contreras", "bv_baseline": null, "bv_metro": 0.098701, "rank_baseline": null, "rank_metro": 33.0, "delta_metro_plot": 0.098701, "delta_metro_pct": null, "es_nodo_anillo": true, "tipo_cambio": "nodo_anillo"}, "geometry": {"type": "Point", "coordinates": [-99.221673835, 19.318655355]}}, {"type": "Feature", "properties": {"id": "(-99.191521875, 19.376272947)", "nombre": "Celini", "sistema": "METRO", "alcaldia_municipio": "Álvaro Obregón", "bv_baseline": null, "bv_metro": 0.097789, "rank_baseline": null, "rank_metro": 34.0, "delta_metro_plot": 0.097789, "delta_metro_pct": null, "es_nodo_anillo": true, "tipo_cambio": "nodo_anillo"}, "geometry": {"type": "Point", "coordinates": [-99.191521875, 19.376272947]}}, {"type": "Feature", "properties": {"id": "(-99.154638075, 19.294732604)", "nombre": "Huipulco", "sistema": "METRO", "alcaldia_municipio": "Tlalpan", "bv_baseline": null, "bv_metro": 0.097785, "rank_baseline": null, "rank_metro": 35.0, "delta_metro_plot": 0.097785, "delta_metro_pct": null, "es_nodo_anillo": true, "tipo_cambio": "nodo_anillo"}, "geometry": {"type": "Point", "coordinates": [-99.154638075, 19.294732604]}}, {"type": "Feature", "properties": {"id": "(-99.139, 19.444)", "nombre": "Garibaldi y Lagunilla", "sistema": "METRO", "alcaldia_municipio": "Cuauhtémoc", "bv_baseline": 0.130345, "bv_metro": 0.097465, "rank_baseline": 10.0, "rank_metro": 36.0, "delta_metro_plot": -0.03287999999999999, "delta_metro_pct": -25.22536345851394, "es_nodo_anillo": false, "tipo_cambio": "pierde"}, "geometry": {"type": "Point", "coordinates": [-99.139, 19.444]}}, {"type": "Feature", "properties": {"id": "(-99.193938817, 19.372102693)", "nombre": "Rosa Trepadora", "sistema": "METRO", "alcaldia_municipio": "Álvaro Obregón", "bv_baseline": null, "bv_metro": 0.096785, "rank_baseline": null, "rank_metro": 37.0, "delta_metro_plot": 0.096785, "delta_metro_pct": null, "es_nodo_anillo": true, "tipo_cambio": "nodo_anillo"}, "geometry": {"type": "Point", "coordinates": [-99.193938817, 19.372102693]}}, {"type": "Feature", "properties": {"id": "(-99.18873824, 19.395538325)", "nombre": "11 de Abril", "sistema": "METRO", "alcaldia_municipio": "Benito Juárez", "bv_baseline": null, "bv_metro": 0.095133, "rank_baseline": null, "rank_metro": 38.0, "delta_metro_plot": 0.095133, "delta_metro_pct": null, "es_nodo_anillo": true, "tipo_cambio": "nodo_anillo"}, "geometry": {"type": "Point", "coordinates": [-99.18873824, 19.395538325]}}, {"type": "Feature", "properties": {"id": "(-99.185859753, 19.303159926)", "nombre": "Periférico Sur", "sistema": "METRO", "alcaldia_municipio": "Coyoacán", "bv_baseline": null, "bv_metro": 0.094279, "rank_baseline": null, "rank_metro": 39.0, "delta_metro_plot": 0.094279, "delta_metro_pct": null, "es_nodo_anillo": true, "tipo_cambio": "nodo_anillo"}, "geometry": {"type": "Point", "coordinates": [-99.185859753, 19.303159926]}}, {"type": "Feature", "properties": {"id": "(-99.147153433, 19.285517187)", "nombre": "ESCA", "sistema": "METRO", "alcaldia_municipio": "Tlalpan", "bv_baseline": null, "bv_metro": 0.092089, "rank_baseline": null, "rank_metro": 40.0, "delta_metro_plot": 0.092089, "delta_metro_pct": null, "es_nodo_anillo": true, "tipo_cambio": "nodo_anillo"}, "geometry": {"type": "Point", "coordinates": [-99.147153433, 19.285517187]}}, {"type": "Feature", "properties": {"id": "(-99.191148873, 19.366922941)", "nombre": "Prepa 8", "sistema": "METRO", "alcaldia_municipio": "Álvaro Obregón", "bv_baseline": null, "bv_metro": 0.091899, "rank_baseline": null, "rank_metro": 41.0, "delta_metro_plot": 0.091899, "delta_metro_pct": null, "es_nodo_anillo": true, "tipo_cambio": "nodo_anillo"}, "geometry": {"type": "Point", "coordinates": [-99.191148873, 19.366922941]}}, {"type": "Feature", "properties": {"id": "(-99.199755776, 19.304247671)", "nombre": "Jardines del Pedregal", "sistema": "METRO", "alcaldia_municipio": "Coyoacán", "bv_baseline": null, "bv_metro": 0.091091, "rank_baseline": null, "rank_metro": 42.0, "delta_metro_plot": 0.091091, "delta_metro_pct": null, "es_nodo_anillo": true, "tipo_cambio": "nodo_anillo"}, "geometry": {"type": "Point", "coordinates": [-99.199755776, 19.304247671]}}, {"type": "Feature", "properties": {"id": "(-99.204757324, 19.305818199)", "nombre": "Ajusco", "sistema": "METRO", "alcaldia_municipio": "Coyoacán", "bv_baseline": null, "bv_metro": 0.090916, "rank_baseline": null, "rank_metro": 43.0, "delta_metro_plot": 0.090916, "delta_metro_pct": null, "es_nodo_anillo": true, "tipo_cambio": "nodo_anillo"}, "geometry": {"type": "Point", "coordinates": [-99.204757324, 19.305818199]}}, {"type": "Feature", "properties": {"id": "(-99.17280623, 19.30302652)", "nombre": "Santa Ursula", "sistema": "METRO", "alcaldia_municipio": "Coyoacán", "bv_baseline": null, "bv_metro": 0.090517, "rank_baseline": null, "rank_metro": 44.0, "delta_metro_plot": 0.090517, "delta_metro_pct": null, "es_nodo_anillo": true, "tipo_cambio": "nodo_anillo"}, "geometry": {"type": "Point", "coordinates": [-99.17280623, 19.30302652]}}, {"type": "Feature", "properties": {"id": "(-99.14722, 19.43755)", "nombre": "Hidalgo", "sistema": "METRO", "alcaldia_municipio": "Cuauhtémoc", "bv_baseline": 0.119438, "bv_metro": 0.090249, "rank_baseline": 13.0, "rank_metro": 45.0, "delta_metro_plot": -0.029189000000000007, "delta_metro_pct": -24.43862087442858, "es_nodo_anillo": false, "tipo_cambio": "pierde"}, "geometry": {"type": "Point", "coordinates": [-99.14722, 19.43755]}}, {"type": "Feature", "properties": {"id": "(-99.181406533, 19.303174614)", "nombre": "Cuicuilco", "sistema": "METRO", "alcaldia_municipio": "Tlalpan", "bv_baseline": null, "bv_metro": 0.090151, "rank_baseline": null, "rank_metro": 46.0, "delta_metro_plot": 0.090151, "delta_metro_pct": null, "es_nodo_anillo": true, "tipo_cambio": "nodo_anillo"}, "geometry": {"type": "Point", "coordinates": [-99.181406533, 19.303174614]}}, {"type": "Feature", "properties": {"id": "(-99.16556443, 19.302104803)", "nombre": "Gran Sur", "sistema": "METRO", "alcaldia_municipio": "Tlalpan", "bv_baseline": null, "bv_metro": 0.089742, "rank_baseline": null, "rank_metro": 47.0, "delta_metro_plot": 0.089742, "delta_metro_pct": null, "es_nodo_anillo": true, "tipo_cambio": "nodo_anillo"}, "geometry": {"type": "Point", "coordinates": [-99.16556443, 19.302104803]}}, {"type": "Feature", "properties": {"id": "(-99.1656, 19.37085)", "nombre": "Zapata", "sistema": "METRO", "alcaldia_municipio": "Benito Juárez", "bv_baseline": 0.134631, "bv_metro": 0.089716, "rank_baseline": 8.0, "rank_metro": 48.0, "delta_metro_plot": -0.044915, "delta_metro_pct": -33.361558630627414, "es_nodo_anillo": false, "tipo_cambio": "pierde"}, "geometry": {"type": "Point", "coordinates": [-99.1656, 19.37085]}}, {"type": "Feature", "properties": {"id": "(-99.15142, 19.36134)", "nombre": "Eje Central", "sistema": "METRO", "alcaldia_municipio": "Benito Juárez", "bv_baseline": 0.119102, "bv_metro": 0.086724, "rank_baseline": 14.0, "rank_metro": 49.0, "delta_metro_plot": -0.032378000000000004, "delta_metro_pct": -27.18510184547699, "es_nodo_anillo": false, "tipo_cambio": "pierde"}, "geometry": {"type": "Point", "coordinates": [-99.15142, 19.36134]}}, {"type": "Feature", "properties": {"id": "(-99.141309524, 19.282690238)", "nombre": "Tepepan", "sistema": "METRO", "alcaldia_municipio": "Tlalpan", "bv_baseline": null, "bv_metro": 0.086356, "rank_baseline": null, "rank_metro": 50.0, "delta_metro_plot": 0.086356, "delta_metro_pct": null, "es_nodo_anillo": true, "tipo_cambio": "nodo_anillo"}, "geometry": {"type": "Point", "coordinates": [-99.141309524, 19.282690238]}}, {"type": "Feature", "properties": {"id": "(-99.16451, 19.37119)", "nombre": "Zapata", "sistema": "METRO", "alcaldia_municipio": "Benito Juárez", "bv_baseline": 0.135738, "bv_metro": 0.083346, "rank_baseline": 6.0, "rank_metro": 51.0, "delta_metro_plot": -0.052391999999999994, "delta_metro_pct": -38.59788710604252, "es_nodo_anillo": false, "tipo_cambio": "pierde"}, "geometry": {"type": "Point", "coordinates": [-99.16451, 19.37119]}}, {"type": "Feature", "properties": {"id": "(-99.126320188, 19.284843404)", "nombre": "Vaqueritos", "sistema": "METRO", "alcaldia_municipio": "Xochimilco", "bv_baseline": null, "bv_metro": 0.080984, "rank_baseline": null, "rank_metro": 52.0, "delta_metro_plot": 0.080984, "delta_metro_pct": null, "es_nodo_anillo": true, "tipo_cambio": "nodo_anillo"}, "geometry": {"type": "Point", "coordinates": [-99.126320188, 19.284843404]}}, {"type": "Feature", "properties": {"id": "(-99.131535929, 19.28374266)", "nombre": "Coapa", "sistema": "METRO", "alcaldia_municipio": "Tlalpan", "bv_baseline": null, "bv_metro": 0.080936, "rank_baseline": null, "rank_metro": 53.0, "delta_metro_plot": 0.080936, "delta_metro_pct": null, "es_nodo_anillo": true, "tipo_cambio": "nodo_anillo"}, "geometry": {"type": "Point", "coordinates": [-99.131535929, 19.28374266]}}, {"type": "Feature", "properties": {"id": "(-99.07451, 19.31761)", "nombre": "Periférico Oriente", "sistema": "METRO", "alcaldia_municipio": "Iztapalapa", "bv_baseline": 0.035804, "bv_metro": 0.079364, "rank_baseline": 182.0, "rank_metro": 54.0, "delta_metro_plot": 0.04356, "delta_metro_pct": 121.66238409116299, "es_nodo_anillo": false, "tipo_cambio": "gana"}, "geometry": {"type": "Point", "coordinates": [-99.07451, 19.31761]}}, {"type": "Feature", "properties": {"id": "(-99.08722, 19.44569)", "nombre": "Oceanía", "sistema": "METRO", "alcaldia_municipio": "Venustiano Carranza", "bv_baseline": 0.099006, "bv_metro": 0.078282, "rank_baseline": 27.0, "rank_metro": 55.0, "delta_metro_plot": -0.020723999999999992, "delta_metro_pct": -20.93206472335009, "es_nodo_anillo": false, "tipo_cambio": "pierde"}, "geometry": {"type": "Point", "coordinates": [-99.08722, 19.44569]}}, {"type": "Feature", "properties": {"id": "(-99.14948, 19.427)", "nombre": "Balderas", "sistema": "METRO", "alcaldia_municipio": "Cuauhtémoc", "bv_baseline": 0.090993, "bv_metro": 0.077748, "rank_baseline": 35.0, "rank_metro": 56.0, "delta_metro_plot": -0.013245000000000007, "delta_metro_pct": -14.556064752233695, "es_nodo_anillo": false, "tipo_cambio": "pierde"}, "geometry": {"type": "Point", "coordinates": [-99.14948, 19.427]}}, {"type": "Feature", "properties": {"id": "(-99.13787, 19.44389)", "nombre": "Garibaldi y Lagunilla", "sistema": "METRO", "alcaldia_municipio": "Cuauhtémoc", "bv_baseline": 0.106045, "bv_metro": 0.076109, "rank_baseline": 22.0, "rank_metro": 57.0, "delta_metro_plot": -0.029936000000000004, "delta_metro_pct": -28.229525201565377, "es_nodo_anillo": false, "tipo_cambio": "pierde"}, "geometry": {"type": "Point", "coordinates": [-99.13787, 19.44389]}}, {"type": "Feature", "properties": {"id": "(-99.046602029, 19.491180771)", "nombre": "Río de los Remedios Metro/Periférico", "sistema": "METRO", "alcaldia_municipio": "Ecatepec de Morelos", "bv_baseline": null, "bv_metro": 0.075666, "rank_baseline": null, "rank_metro": 58.0, "delta_metro_plot": 0.075666, "delta_metro_pct": null, "es_nodo_anillo": true, "tipo_cambio": "nodo_anillo"}, "geometry": {"type": "Point", "coordinates": [-99.046602029, 19.491180771]}}, {"type": "Feature", "properties": {"id": "(-99.1572, 19.38617)", "nombre": "Eugenia", "sistema": "METRO", "alcaldia_municipio": "Benito Juárez", "bv_baseline": 0.114356, "bv_metro": 0.075472, "rank_baseline": 16.0, "rank_metro": 59.0, "delta_metro_plot": -0.038884, "delta_metro_pct": -34.002588408129, "es_nodo_anillo": false, "tipo_cambio": "pierde"}, "geometry": {"type": "Point", "coordinates": [-99.1572, 19.38617]}}, {"type": "Feature", "properties": {"id": "(-99.059656045, 19.353510491)", "nombre": "Revolución Social", "sistema": "METRO", "alcaldia_municipio": "Iztapalapa", "bv_baseline": null, "bv_metro": 0.074383, "rank_baseline": null, "rank_metro": 60.0, "delta_metro_plot": 0.074383, "delta_metro_pct": null, "es_nodo_anillo": true, "tipo_cambio": "nodo_anillo"}, "geometry": {"type": "Point", "coordinates": [-99.059656045, 19.353510491]}}, {"type": "Feature", "properties": {"id": "(-99.15603, 19.39592)", "nombre": "Etiopía y Plaza de la Transparencia", "sistema": "METRO", "alcaldia_municipio": "Benito Juárez", "bv_baseline": 0.108622, "bv_metro": 0.073381, "rank_baseline": 18.0, "rank_metro": 62.0, "delta_metro_plot": -0.035240999999999995, "delta_metro_pct": -32.443703853731286, "es_nodo_anillo": false, "tipo_cambio": "pierde"}, "geometry": {"type": "Point", "coordinates": [-99.15603, 19.39592]}}, {"type": "Feature", "properties": {"id": "(-99.059975261, 19.389646029)", "nombre": "Constitución de Apatzingán", "sistema": "METRO", "alcaldia_municipio": "Iztapalapa", "bv_baseline": null, "bv_metro": 0.073258, "rank_baseline": null, "rank_metro": 63.0, "delta_metro_plot": 0.073258, "delta_metro_pct": null, "es_nodo_anillo": true, "tipo_cambio": "nodo_anillo"}, "geometry": {"type": "Point", "coordinates": [-99.059975261, 19.389646029]}}, {"type": "Feature", "properties": {"id": "(-99.19135, 19.41177)", "nombre": "Constituyentes", "sistema": "METRO", "alcaldia_municipio": "Miguel Hidalgo", "bv_baseline": 0.103639, "bv_metro": 0.073211, "rank_baseline": 23.0, "rank_metro": 64.0, "delta_metro_plot": -0.030427999999999997, "delta_metro_pct": -29.359604010073426, "es_nodo_anillo": false, "tipo_cambio": "pierde"}, "geometry": {"type": "Point", "coordinates": [-99.19135, 19.41177]}}, {"type": "Feature", "properties": {"id": "(-99.057438562, 19.363381099)", "nombre": "Luis Méndez", "sistema": "METRO", "alcaldia_municipio": "Iztapalapa", "bv_baseline": null, "bv_metro": 0.073021, "rank_baseline": null, "rank_metro": 65.0, "delta_metro_plot": 0.073021, "delta_metro_pct": null, "es_nodo_anillo": true, "tipo_cambio": "nodo_anillo"}, "geometry": {"type": "Point", "coordinates": [-99.057438562, 19.363381099]}}, {"type": "Feature", "properties": {"id": "(-99.12235, 19.4091)", "nombre": "Jamaica", "sistema": "METRO", "alcaldia_municipio": "Venustiano Carranza", "bv_baseline": 0.096036, "bv_metro": 0.072808, "rank_baseline": 30.0, "rank_metro": 66.0, "delta_metro_plot": -0.023228, "delta_metro_pct": -24.186763297096924, "es_nodo_anillo": false, "tipo_cambio": "pierde"}, "geometry": {"type": "Point", "coordinates": [-99.12235, 19.4091]}}, {"type": "Feature", "properties": {"id": "(-99.060125079, 19.376718384)", "nombre": "Leyes de Reforma", "sistema": "METRO", "alcaldia_municipio": "Iztapalapa", "bv_baseline": null, "bv_metro": 0.07228, "rank_baseline": null, "rank_metro": 69.0, "delta_metro_plot": 0.07228, "delta_metro_pct": null, "es_nodo_anillo": true, "tipo_cambio": "nodo_anillo"}, "geometry": {"type": "Point", "coordinates": [-99.060125079, 19.376718384]}}, {"type": "Feature", "properties": {"id": "(-99.15325, 19.41376)", "nombre": "Hospital General", "sistema": "METRO", "alcaldia_municipio": "Cuauhtémoc", "bv_baseline": 0.102739, "bv_metro": 0.072248, "rank_baseline": 24.0, "rank_metro": 70.0, "delta_metro_plot": -0.03049099999999999, "delta_metro_pct": -29.678116392022496, "es_nodo_anillo": false, "tipo_cambio": "pierde"}, "geometry": {"type": "Point", "coordinates": [-99.15325, 19.41376]}}, {"type": "Feature", "properties": {"id": "(-99.060637256, 19.382069243)", "nombre": "Canal de Tezontle", "sistema": "METRO", "alcaldia_municipio": "Iztapalapa", "bv_baseline": null, "bv_metro": 0.069451, "rank_baseline": null, "rank_metro": 71.0, "delta_metro_plot": 0.069451, "delta_metro_pct": null, "es_nodo_anillo": true, "tipo_cambio": "nodo_anillo"}, "geometry": {"type": "Point", "coordinates": [-99.060637256, 19.382069243]}}, {"type": "Feature", "properties": {"id": "(-99.14313, 19.45506)", "nombre": "Tlatelolco", "sistema": "METRO", "alcaldia_municipio": "Cuauhtémoc", "bv_baseline": 0.095915, "bv_metro": 0.06907, "rank_baseline": 31.0, "rank_metro": 73.0, "delta_metro_plot": -0.026844999999999994, "delta_metro_pct": -27.98832299431788, "es_nodo_anillo": false, "tipo_cambio": "pierde"}, "geometry": {"type": "Point", "coordinates": [-99.14313, 19.45506]}}, {"type": "Feature", "properties": {"id": "(-99.11957, 19.43917)", "nombre": "Morelos", "sistema": "METRO", "alcaldia_municipio": "Venustiano Carranza", "bv_baseline": 0.098633, "bv_metro": 0.0687, "rank_baseline": 28.0, "rank_metro": 74.0, "delta_metro_plot": -0.029933, "delta_metro_pct": -30.347855180314905, "es_nodo_anillo": false, "tipo_cambio": "pierde"}, "geometry": {"type": "Point", "coordinates": [-99.11957, 19.43917]}}, {"type": "Feature", "properties": {"id": "(-99.13023, 19.44322)", "nombre": "Lagunilla", "sistema": "METRO", "alcaldia_municipio": "Cuauhtémoc", "bv_baseline": 0.099048, "bv_metro": 0.068631, "rank_baseline": 26.0, "rank_metro": 75.0, "delta_metro_plot": -0.030417, "delta_metro_pct": -30.709353040949843, "es_nodo_anillo": false, "tipo_cambio": "pierde"}, "geometry": {"type": "Point", "coordinates": [-99.13023, 19.44322]}}, {"type": "Feature", "properties": {"id": "(-99.1369, 19.40087)", "nombre": "Viaducto", "sistema": "METRO", "alcaldia_municipio": "Benito Juárez", "bv_baseline": 0.123212, "bv_metro": 0.067755, "rank_baseline": 11.0, "rank_metro": 76.0, "delta_metro_plot": -0.055457000000000006, "delta_metro_pct": -45.00941466740253, "es_nodo_anillo": false, "tipo_cambio": "pierde"}, "geometry": {"type": "Point", "coordinates": [-99.1369, 19.40087]}}, {"type": "Feature", "properties": {"id": "(-99.08587, 19.32047)", "nombre": "Calle 11", "sistema": "METRO", "alcaldia_municipio": "Iztapalapa", "bv_baseline": 0.05232, "bv_metro": 0.067318, "rank_baseline": 114.0, "rank_metro": 77.0, "delta_metro_plot": 0.014998000000000004, "delta_metro_pct": 28.66590214067279, "es_nodo_anillo": false, "tipo_cambio": "gana"}, "geometry": {"type": "Point", "coordinates": [-99.08587, 19.32047]}}, {"type": "Feature", "properties": {"id": "(-99.18926, 19.3615)", "nombre": "Barranca del Muerto", "sistema": "METRO", "alcaldia_municipio": "Álvaro Obregón", "bv_baseline": 0.13134, "bv_metro": 0.067194, "rank_baseline": 9.0, "rank_metro": 78.0, "delta_metro_plot": -0.06414600000000001, "delta_metro_pct": -48.839652809502056, "es_nodo_anillo": false, "tipo_cambio": "pierde"}, "geometry": {"type": "Point", "coordinates": [-99.18926, 19.3615]}}, {"type": "Feature", "properties": {"id": "(-99.13896, 19.38758)", "nombre": "Villa de Cortés", "sistema": "METRO", "alcaldia_municipio": "Benito Juárez", "bv_baseline": 0.122859, "bv_metro": 0.067005, "rank_baseline": 12.0, "rank_metro": 79.0, "delta_metro_plot": -0.055854, "delta_metro_pct": -45.461870925206945, "es_nodo_anillo": false, "tipo_cambio": "pierde"}, "geometry": {"type": "Point", "coordinates": [-99.13896, 19.38758]}}, {"type": "Feature", "properties": {"id": "(-99.10371, 19.43657)", "nombre": "Ricardo Flores Magón", "sistema": "METRO", "alcaldia_municipio": "Venustiano Carranza", "bv_baseline": 0.096087, "bv_metro": 0.066027, "rank_baseline": 29.0, "rank_metro": 80.0, "delta_metro_plot": -0.030060000000000003, "delta_metro_pct": -31.28414874020419, "es_nodo_anillo": false, "tipo_cambio": "pierde"}, "geometry": {"type": "Point", "coordinates": [-99.10371, 19.43657]}}, {"type": "Feature", "properties": {"id": "(-99.15603, 19.40656)", "nombre": "Centro Médico", "sistema": "METRO", "alcaldia_municipio": "Cuauhtémoc", "bv_baseline": 0.091301, "bv_metro": 0.065938, "rank_baseline": 34.0, "rank_metro": 81.0, "delta_metro_plot": -0.025362999999999997, "delta_metro_pct": -27.779542392744876, "es_nodo_anillo": false, "tipo_cambio": "pierde"}, "geometry": {"type": "Point", "coordinates": [-99.15603, 19.40656]}}, {"type": "Feature", "properties": {"id": "(-99.17892, 19.40611)", "nombre": "Patriotismo", "sistema": "METRO", "alcaldia_municipio": "Cuauhtémoc", "bv_baseline": 0.087539, "bv_metro": 0.065623, "rank_baseline": 37.0, "rank_metro": 82.0, "delta_metro_plot": -0.021916000000000005, "delta_metro_pct": -25.035698374438827, "es_nodo_anillo": false, "tipo_cambio": "pierde"}, "geometry": {"type": "Point", "coordinates": [-99.17892, 19.40611]}}, {"type": "Feature", "properties": {"id": "(-99.16066, 19.4419)", "nombre": "San Cosme", "sistema": "METRO", "alcaldia_municipio": "Cuauhtémoc", "bv_baseline": 0.079643, "bv_metro": 0.065514, "rank_baseline": 47.0, "rank_metro": 83.0, "delta_metro_plot": -0.014129000000000003, "delta_metro_pct": -17.740416609118192, "es_nodo_anillo": false, "tipo_cambio": "pierde"}, "geometry": {"type": "Point", "coordinates": [-99.16066, 19.4419]}}, {"type": "Feature", "properties": {"id": "(-99.203382922, 19.427271778)", "nombre": "Paseo de la Reforma", "sistema": "METRO", "alcaldia_municipio": "Miguel Hidalgo", "bv_baseline": null, "bv_metro": 0.064682, "rank_baseline": null, "rank_metro": 84.0, "delta_metro_plot": 0.064682, "delta_metro_pct": null, "es_nodo_anillo": true, "tipo_cambio": "nodo_anillo"}, "geometry": {"type": "Point", "coordinates": [-99.203382922, 19.427271778]}}, {"type": "Feature", "properties": {"id": "(-99.14125, 19.43158)", "nombre": "San Juan de Letrán", "sistema": "METRO", "alcaldia_municipio": "Cuauhtémoc", "bv_baseline": 0.08425, "bv_metro": 0.06455, "rank_baseline": 42.0, "rank_metro": 85.0, "delta_metro_plot": -0.01970000000000001, "delta_metro_pct": -23.382789317507427, "es_nodo_anillo": false, "tipo_cambio": "pierde"}, "geometry": {"type": "Point", "coordinates": [-99.14125, 19.43158]}}, {"type": "Feature", "properties": {"id": "(-99.057931891, 19.398359975)", "nombre": "Canal de San Juan/Periférico", "sistema": "METRO", "alcaldia_municipio": "Iztapalapa", "bv_baseline": null, "bv_metro": 0.064456, "rank_baseline": null, "rank_metro": 86.0, "delta_metro_plot": 0.064456, "delta_metro_pct": null, "es_nodo_anillo": true, "tipo_cambio": "nodo_anillo"}, "geometry": {"type": "Point", "coordinates": [-99.057931891, 19.398359975]}}, {"type": "Feature", "properties": {"id": "(-99.13562, 19.40918)", "nombre": "Chabacano", "sistema": "METRO", "alcaldia_municipio": "Cuauhtémoc", "bv_baseline": 0.106856, "bv_metro": 0.064382, "rank_baseline": 20.0, "rank_metro": 87.0, "delta_metro_plot": -0.04247400000000001, "delta_metro_pct": -39.74882084300367, "es_nodo_anillo": false, "tipo_cambio": "pierde"}, "geometry": {"type": "Point", "coordinates": [-99.13562, 19.40918]}}, {"type": "Feature", "properties": {"id": "(-99.194115856, 19.411209877)", "nombre": "Constituyentes/Periférico", "sistema": "METRO", "alcaldia_municipio": "Miguel Hidalgo", "bv_baseline": null, "bv_metro": 0.06438, "rank_baseline": null, "rank_metro": 88.0, "delta_metro_plot": 0.06438, "delta_metro_pct": null, "es_nodo_anillo": true, "tipo_cambio": "nodo_anillo"}, "geometry": {"type": "Point", "coordinates": [-99.194115856, 19.411209877]}}, {"type": "Feature", "properties": {"id": "(-99.191886444, 19.406424633)", "nombre": "Parque Lira", "sistema": "METRO", "alcaldia_municipio": "Miguel Hidalgo", "bv_baseline": null, "bv_metro": 0.064153, "rank_baseline": null, "rank_metro": 89.0, "delta_metro_plot": 0.064153, "delta_metro_pct": null, "es_nodo_anillo": true, "tipo_cambio": "nodo_anillo"}, "geometry": {"type": "Point", "coordinates": [-99.191886444, 19.406424633]}}, {"type": "Feature", "properties": {"id": "(-99.13264, 19.42592)", "nombre": "Pino Suárez", "sistema": "METRO", "alcaldia_municipio": "Cuauhtémoc", "bv_baseline": 0.085125, "bv_metro": 0.063811, "rank_baseline": 41.0, "rank_metro": 90.0, "delta_metro_plot": -0.021314, "delta_metro_pct": -25.038472834067548, "es_nodo_anillo": false, "tipo_cambio": "pierde"}, "geometry": {"type": "Point", "coordinates": [-99.13264, 19.42592]}}, {"type": "Feature", "properties": {"id": "(-99.191752938, 19.400193507)", "nombre": "Miguel Alemán Valdés", "sistema": "METRO", "alcaldia_municipio": "Miguel Hidalgo", "bv_baseline": null, "bv_metro": 0.063754, "rank_baseline": null, "rank_metro": 91.0, "delta_metro_plot": 0.063754, "delta_metro_pct": null, "es_nodo_anillo": true, "tipo_cambio": "nodo_anillo"}, "geometry": {"type": "Point", "coordinates": [-99.191752938, 19.400193507]}}, {"type": "Feature", "properties": {"id": "(-99.11348, 19.3983)", "nombre": "Coyuya", "sistema": "METRO", "alcaldia_municipio": "Iztacalco", "bv_baseline": 0.07945, "bv_metro": 0.062976, "rank_baseline": 48.0, "rank_metro": 92.0, "delta_metro_plot": -0.016474000000000003, "delta_metro_pct": -20.735053492762745, "es_nodo_anillo": false, "tipo_cambio": "pierde"}, "geometry": {"type": "Point", "coordinates": [-99.11348, 19.3983]}}, {"type": "Feature", "properties": {"id": "(-99.057587587, 19.404600096)", "nombre": "Valesquillo", "sistema": "METRO", "alcaldia_municipio": "Iztapalapa", "bv_baseline": null, "bv_metro": 0.062479, "rank_baseline": null, "rank_metro": 93.0, "delta_metro_plot": 0.062479, "delta_metro_pct": null, "es_nodo_anillo": true, "tipo_cambio": "nodo_anillo"}, "geometry": {"type": "Point", "coordinates": [-99.057587587, 19.404600096]}}, {"type": "Feature", "properties": {"id": "(-99.056785754, 19.411996156)", "nombre": "Av Pantitlán", "sistema": "METRO", "alcaldia_municipio": "Iztacalco", "bv_baseline": null, "bv_metro": 0.062473, "rank_baseline": null, "rank_metro": 94.0, "delta_metro_plot": 0.062473, "delta_metro_pct": null, "es_nodo_anillo": true, "tipo_cambio": "nodo_anillo"}, "geometry": {"type": "Point", "coordinates": [-99.056785754, 19.411996156]}}, {"type": "Feature", "properties": {"id": "(-99.19482127, 19.41793797)", "nombre": "Los Pinos", "sistema": "METRO", "alcaldia_municipio": "Miguel Hidalgo", "bv_baseline": null, "bv_metro": 0.062247, "rank_baseline": null, "rank_metro": 95.0, "delta_metro_plot": 0.062247, "delta_metro_pct": null, "es_nodo_anillo": true, "tipo_cambio": "nodo_anillo"}, "geometry": {"type": "Point", "coordinates": [-99.19482127, 19.41793797]}}, {"type": "Feature", "properties": {"id": "(-99.14519, 19.44473)", "nombre": "Guerrero", "sistema": "METRO", "alcaldia_municipio": "Cuauhtémoc", "bv_baseline": 0.087112, "bv_metro": 0.062172, "rank_baseline": 38.0, "rank_metro": 96.0, "delta_metro_plot": -0.024939999999999997, "delta_metro_pct": -28.62980989989898, "es_nodo_anillo": false, "tipo_cambio": "pierde"}, "geometry": {"type": "Point", "coordinates": [-99.14519, 19.44473]}}, {"type": "Feature", "properties": {"id": "(-99.14157, 19.36992)", "nombre": "Portales", "sistema": "METRO", "alcaldia_municipio": "Benito Juárez", "bv_baseline": 0.117783, "bv_metro": 0.061962, "rank_baseline": 15.0, "rank_metro": 97.0, "delta_metro_plot": -0.055820999999999996, "delta_metro_pct": -47.39308728763913, "es_nodo_anillo": false, "tipo_cambio": "pierde"}, "geometry": {"type": "Point", "coordinates": [-99.14157, 19.36992]}}, {"type": "Feature", "properties": {"id": "(-99.19904716, 19.422704576)", "nombre": "Alencastre", "sistema": "METRO", "alcaldia_municipio": "Miguel Hidalgo", "bv_baseline": null, "bv_metro": 0.061762, "rank_baseline": null, "rank_metro": 98.0, "delta_metro_plot": 0.061762, "delta_metro_pct": null, "es_nodo_anillo": true, "tipo_cambio": "nodo_anillo"}, "geometry": {"type": "Point", "coordinates": [-99.19904716, 19.422704576]}}, {"type": "Feature", "properties": {"id": "(-99.14161, 19.43638)", "nombre": "Bellas Artes", "sistema": "METRO", "alcaldia_municipio": "Cuauhtémoc", "bv_baseline": 0.091349, "bv_metro": 0.06101, "rank_baseline": 33.0, "rank_metro": 99.0, "delta_metro_plot": -0.030338999999999998, "delta_metro_pct": -33.21218623082901, "es_nodo_anillo": false, "tipo_cambio": "pierde"}, "geometry": {"type": "Point", "coordinates": [-99.14161, 19.43638]}}, {"type": "Feature", "properties": {"id": "(-99.05222697, 19.429710791)", "nombre": "Alameda Oriente", "sistema": "METRO", "alcaldia_municipio": "Venustiano Carranza", "bv_baseline": null, "bv_metro": 0.060544, "rank_baseline": null, "rank_metro": 100.0, "delta_metro_plot": 0.060544, "delta_metro_pct": null, "es_nodo_anillo": true, "tipo_cambio": "nodo_anillo"}, "geometry": {"type": "Point", "coordinates": [-99.05222697, 19.429710791]}}, {"type": "Feature", "properties": {"id": "(-99.06256, 19.34507)", "nombre": "Calz. Ermita Iztapalapa - Metro Constitución de 1917", "sistema": "RTP", "alcaldia_municipio": "Iztapalapa", "bv_baseline": 0.018297, "bv_metro": 0.060269, "rank_baseline": 320.0, "rank_metro": 101.0, "delta_metro_plot": 0.041972, "delta_metro_pct": 229.3927966333279, "es_nodo_anillo": false, "tipo_cambio": "gana"}, "geometry": {"type": "Point", "coordinates": [-99.06256, 19.34507]}}, {"type": "Feature", "properties": {"id": "(-99.055499314, 19.422364593)", "nombre": "Ciudad Nezahualcóyotl", "sistema": "METRO", "alcaldia_municipio": "Nezahualcóyotl", "bv_baseline": null, "bv_metro": 0.05892, "rank_baseline": null, "rank_metro": 103.0, "delta_metro_plot": 0.05892, "delta_metro_pct": null, "es_nodo_anillo": true, "tipo_cambio": "nodo_anillo"}, "geometry": {"type": "Point", "coordinates": [-99.055499314, 19.422364593]}}, {"type": "Feature", "properties": {"id": "(-99.18661, 19.38434)", "nombre": "San Antonio", "sistema": "METRO", "alcaldia_municipio": "Benito Juárez", "bv_baseline": 0.10079, "bv_metro": 0.058835, "rank_baseline": 25.0, "rank_metro": 104.0, "delta_metro_plot": -0.041955000000000006, "delta_metro_pct": -41.626153388232964, "es_nodo_anillo": false, "tipo_cambio": "pierde"}, "geometry": {"type": "Point", "coordinates": [-99.18661, 19.38434]}}, {"type": "Feature", "properties": {"id": "(-99.11297, 19.40837)", "nombre": "Mixiuhca", "sistema": "METRO", "alcaldia_municipio": "Venustiano Carranza", "bv_baseline": 0.086835, "bv_metro": 0.058768, "rank_baseline": 39.0, "rank_metro": 105.0, "delta_metro_plot": -0.028066999999999995, "delta_metro_pct": -32.32222030287326, "es_nodo_anillo": false, "tipo_cambio": "pierde"}, "geometry": {"type": "Point", "coordinates": [-99.11297, 19.40837]}}, {"type": "Feature", "properties": {"id": "(-99.053966728, 19.493863799)", "nombre": "Valle de Santiago", "sistema": "METRO", "alcaldia_municipio": "Ecatepec de Morelos", "bv_baseline": null, "bv_metro": 0.058754, "rank_baseline": null, "rank_metro": 106.0, "delta_metro_plot": 0.058754, "delta_metro_pct": null, "es_nodo_anillo": true, "tipo_cambio": "nodo_anillo"}, "geometry": {"type": "Point", "coordinates": [-99.053966728, 19.493863799]}}, {"type": "Feature", "properties": {"id": "(-99.17088, 19.37201)", "nombre": "Hospital 20 de Noviembre", "sistema": "METRO", "alcaldia_municipio": "Benito Juárez", "bv_baseline": 0.091605, "bv_metro": 0.058507, "rank_baseline": 32.0, "rank_metro": 108.0, "delta_metro_plot": -0.033098, "delta_metro_pct": -36.131215545003, "es_nodo_anillo": false, "tipo_cambio": "pierde"}, "geometry": {"type": "Point", "coordinates": [-99.17088, 19.37201]}}, {"type": "Feature", "properties": {"id": "(-99.13951, 19.46888)", "nombre": "La Raza", "sistema": "METRO", "alcaldia_municipio": "Gustavo A. Madero", "bv_baseline": 0.083112, "bv_metro": 0.058384, "rank_baseline": 44.0, "rank_metro": 109.0, "delta_metro_plot": -0.024728000000000007, "delta_metro_pct": -29.752622966599294, "es_nodo_anillo": false, "tipo_cambio": "pierde"}, "geometry": {"type": "Point", "coordinates": [-99.13951, 19.46888]}}, {"type": "Feature", "properties": {"id": "(-99.13397, 19.40851)", "nombre": "Chabacano", "sistema": "METRO", "alcaldia_municipio": "Cuauhtémoc", "bv_baseline": 0.083589, "bv_metro": 0.058039, "rank_baseline": 43.0, "rank_metro": 110.0, "delta_metro_plot": -0.025549999999999996, "delta_metro_pct": -30.56622282836258, "es_nodo_anillo": false, "tipo_cambio": "pierde"}, "geometry": {"type": "Point", "coordinates": [-99.13397, 19.40851]}}, {"type": "Feature", "properties": {"id": "(-99.038811529, 19.487329411)", "nombre": "Valle de San Lorenzo", "sistema": "METRO", "alcaldia_municipio": "Nezahualcóyotl", "bv_baseline": null, "bv_metro": 0.056145, "rank_baseline": null, "rank_metro": 112.0, "delta_metro_plot": 0.056145, "delta_metro_pct": null, "es_nodo_anillo": true, "tipo_cambio": "nodo_anillo"}, "geometry": {"type": "Point", "coordinates": [-99.038811529, 19.487329411]}}, {"type": "Feature", "properties": {"id": "(-99.03166215, 19.479330953)", "nombre": "Colonias de Aragón", "sistema": "METRO", "alcaldia_municipio": "Nezahualcóyotl", "bv_baseline": null, "bv_metro": 0.056102, "rank_baseline": null, "rank_metro": 113.0, "delta_metro_plot": 0.056102, "delta_metro_pct": null, "es_nodo_anillo": true, "tipo_cambio": "nodo_anillo"}, "geometry": {"type": "Point", "coordinates": [-99.03166215, 19.479330953]}}, {"type": "Feature", "properties": {"id": "(-99.035645702, 19.473040547)", "nombre": "FES Aragón", "sistema": "METRO", "alcaldia_municipio": "Nezahualcóyotl", "bv_baseline": null, "bv_metro": 0.05607, "rank_baseline": null, "rank_metro": 114.0, "delta_metro_plot": 0.05607, "delta_metro_pct": null, "es_nodo_anillo": true, "tipo_cambio": "nodo_anillo"}, "geometry": {"type": "Point", "coordinates": [-99.035645702, 19.473040547]}}, {"type": "Feature", "properties": {"id": "(-99.037316653, 19.466612378)", "nombre": "Pirules", "sistema": "METRO", "alcaldia_municipio": "Nezahualcóyotl", "bv_baseline": null, "bv_metro": 0.056044, "rank_baseline": null, "rank_metro": 115.0, "delta_metro_plot": 0.056044, "delta_metro_pct": null, "es_nodo_anillo": true, "tipo_cambio": "nodo_anillo"}, "geometry": {"type": "Point", "coordinates": [-99.037316653, 19.466612378]}}, {"type": "Feature", "properties": {"id": "(-99.038384743, 19.457169926)", "nombre": "Peñón Texcoco/Periférico", "sistema": "METRO", "alcaldia_municipio": "Nezahualcóyotl", "bv_baseline": null, "bv_metro": 0.056027, "rank_baseline": null, "rank_metro": 116.0, "delta_metro_plot": 0.056027, "delta_metro_pct": null, "es_nodo_anillo": true, "tipo_cambio": "nodo_anillo"}, "geometry": {"type": "Point", "coordinates": [-99.038384743, 19.457169926]}}, {"type": "Feature", "properties": {"id": "(-99.216389674, 19.442377242)", "nombre": "Hipódromo las Américas", "sistema": "METRO", "alcaldia_municipio": "Miguel Hidalgo", "bv_baseline": null, "bv_metro": 0.05462, "rank_baseline": null, "rank_metro": 120.0, "delta_metro_plot": 0.05462, "delta_metro_pct": null, "es_nodo_anillo": true, "tipo_cambio": "nodo_anillo"}, "geometry": {"type": "Point", "coordinates": [-99.216389674, 19.442377242]}}, {"type": "Feature", "properties": {"id": "(-99.208096784, 19.432035165)", "nombre": "Presidente Masaryk", "sistema": "METRO", "alcaldia_municipio": "Miguel Hidalgo", "bv_baseline": null, "bv_metro": 0.054508, "rank_baseline": null, "rank_metro": 121.0, "delta_metro_plot": 0.054508, "delta_metro_pct": null, "es_nodo_anillo": true, "tipo_cambio": "nodo_anillo"}, "geometry": {"type": "Point", "coordinates": [-99.208096784, 19.432035165]}}, {"type": "Feature", "properties": {"id": "(-99.18673, 19.3757)", "nombre": "Mixcoac", "sistema": "METRO", "alcaldia_municipio": "Benito Juárez", "bv_baseline": 0.086373, "bv_metro": 0.054225, "rank_baseline": 40.0, "rank_metro": 123.0, "delta_metro_plot": -0.032148, "delta_metro_pct": -37.219964572262164, "es_nodo_anillo": false, "tipo_cambio": "pierde"}, "geometry": {"type": "Point", "coordinates": [-99.18673, 19.3757]}}, {"type": "Feature", "properties": {"id": "(-99.14768, 19.43325)", "nombre": "Juárez", "sistema": "METRO", "alcaldia_municipio": "Cuauhtémoc", "bv_baseline": 0.064294, "bv_metro": 0.054159, "rank_baseline": 68.0, "rank_metro": 124.0, "delta_metro_plot": -0.010135000000000005, "delta_metro_pct": -15.763523812486397, "es_nodo_anillo": false, "tipo_cambio": "pierde"}, "geometry": {"type": "Point", "coordinates": [-99.14768, 19.43325]}}, {"type": "Feature", "properties": {"id": "(-99.17178, 19.44927)", "nombre": "Colegio Militar", "sistema": "METRO", "alcaldia_municipio": "Miguel Hidalgo", "bv_baseline": 0.068138, "bv_metro": 0.053875, "rank_baseline": 55.0, "rank_metro": 125.0, "delta_metro_plot": -0.014263000000000005, "delta_metro_pct": -20.932519299069543, "es_nodo_anillo": false, "tipo_cambio": "pierde"}, "geometry": {"type": "Point", "coordinates": [-99.17178, 19.44927]}}, {"type": "Feature", "properties": {"id": "(-99.13687, 19.43556)", "nombre": "Allende", "sistema": "METRO", "alcaldia_municipio": "Cuauhtémoc", "bv_baseline": 0.082265, "bv_metro": 0.053752, "rank_baseline": 45.0, "rank_metro": 126.0, "delta_metro_plot": -0.028513000000000004, "delta_metro_pct": -34.65994043639458, "es_nodo_anillo": false, "tipo_cambio": "pierde"}, "geometry": {"type": "Point", "coordinates": [-99.13687, 19.43556]}}, {"type": "Feature", "properties": {"id": "(-99.212946133, 19.436746397)", "nombre": "Homero", "sistema": "METRO", "alcaldia_municipio": "Miguel Hidalgo", "bv_baseline": null, "bv_metro": 0.053719, "rank_baseline": null, "rank_metro": 127.0, "delta_metro_plot": 0.053719, "delta_metro_pct": null, "es_nodo_anillo": true, "tipo_cambio": "nodo_anillo"}, "geometry": {"type": "Point", "coordinates": [-99.212946133, 19.436746397]}}, {"type": "Feature", "properties": {"id": "(-99.214626691, 19.439263893)", "nombre": "Ejército Nacional", "sistema": "METRO", "alcaldia_municipio": "Miguel Hidalgo", "bv_baseline": null, "bv_metro": 0.053352, "rank_baseline": null, "rank_metro": 128.0, "delta_metro_plot": 0.053352, "delta_metro_pct": null, "es_nodo_anillo": true, "tipo_cambio": "nodo_anillo"}, "geometry": {"type": "Point", "coordinates": [-99.214626691, 19.439263893]}}, {"type": "Feature", "properties": {"id": "(-99.14501, 19.35324)", "nombre": "General Anaya", "sistema": "METRO", "alcaldia_municipio": "Coyoacán", "bv_baseline": 0.108159, "bv_metro": 0.053036, "rank_baseline": 19.0, "rank_metro": 131.0, "delta_metro_plot": -0.055123000000000005, "delta_metro_pct": -50.96478332824823, "es_nodo_anillo": false, "tipo_cambio": "pierde"}, "geometry": {"type": "Point", "coordinates": [-99.14501, 19.35324]}}, {"type": "Feature", "properties": {"id": "(-99.1912, 19.36178)", "nombre": "Periférico - Barranca del Muerto", "sistema": "CC", "alcaldia_municipio": "Álvaro Obregón", "bv_baseline": 0.032182, "bv_metro": 0.050516, "rank_baseline": 200.0, "rank_metro": 134.0, "delta_metro_plot": 0.018333999999999996, "delta_metro_pct": 56.96973463426759, "es_nodo_anillo": false, "tipo_cambio": "gana"}, "geometry": {"type": "Point", "coordinates": [-99.1912, 19.36178]}}, {"type": "Feature", "properties": {"id": "(-99.14341, 19.42695)", "nombre": "Salto del Agua", "sistema": "METRO", "alcaldia_municipio": "Cuauhtémoc", "bv_baseline": 0.065223, "bv_metro": 0.050346, "rank_baseline": 64.0, "rank_metro": 135.0, "delta_metro_plot": -0.014877000000000001, "delta_metro_pct": -22.80943838829861, "es_nodo_anillo": false, "tipo_cambio": "pierde"}, "geometry": {"type": "Point", "coordinates": [-99.14341, 19.42695]}}, {"type": "Feature", "properties": {"id": "(-99.14185, 19.42772)", "nombre": "Salto del Agua", "sistema": "METRO", "alcaldia_municipio": "Cuauhtémoc", "bv_baseline": 0.065888, "bv_metro": 0.049136, "rank_baseline": 59.0, "rank_metro": 136.0, "delta_metro_plot": -0.016752000000000003, "delta_metro_pct": -25.424963574550755, "es_nodo_anillo": false, "tipo_cambio": "pierde"}, "geometry": {"type": "Point", "coordinates": [-99.14185, 19.42772]}}, {"type": "Feature", "properties": {"id": "(-99.15515, 19.40773)", "nombre": "Centro Médico", "sistema": "METRO", "alcaldia_municipio": "Cuauhtémoc", "bv_baseline": 0.066644, "bv_metro": 0.048773, "rank_baseline": 57.0, "rank_metro": 137.0, "delta_metro_plot": -0.017870999999999998, "delta_metro_pct": -26.815617309885358, "es_nodo_anillo": false, "tipo_cambio": "pierde"}, "geometry": {"type": "Point", "coordinates": [-99.15515, 19.40773]}}, {"type": "Feature", "properties": {"id": "(-99.143054256, 19.51806243)", "nombre": "Río San Joaquín", "sistema": "METRO", "alcaldia_municipio": "Azcapotzalco", "bv_baseline": null, "bv_metro": 0.04742, "rank_baseline": null, "rank_metro": 140.0, "delta_metro_plot": 0.04742, "delta_metro_pct": null, "es_nodo_anillo": true, "tipo_cambio": "nodo_anillo"}, "geometry": {"type": "Point", "coordinates": [-99.143054256, 19.51806243]}}, {"type": "Feature", "properties": {"id": "(-99.12627, 19.40671)", "nombre": "La Viga", "sistema": "METRO", "alcaldia_municipio": "Cuauhtémoc", "bv_baseline": 0.060894, "bv_metro": 0.047258, "rank_baseline": 77.0, "rank_metro": 141.0, "delta_metro_plot": -0.013635999999999995, "delta_metro_pct": -22.393010805662293, "es_nodo_anillo": false, "tipo_cambio": "pierde"}, "geometry": {"type": "Point", "coordinates": [-99.12627, 19.40671]}}, {"type": "Feature", "properties": {"id": "(-99.0942, 19.44084)", "nombre": "Romero Rubio", "sistema": "METRO", "alcaldia_municipio": "Venustiano Carranza", "bv_baseline": 0.06371, "bv_metro": 0.046728, "rank_baseline": 70.0, "rank_metro": 142.0, "delta_metro_plot": -0.016982000000000004, "delta_metro_pct": -26.655156176424427, "es_nodo_anillo": false, "tipo_cambio": "pierde"}, "geometry": {"type": "Point", "coordinates": [-99.0942, 19.44084]}}, {"type": "Feature", "properties": {"id": "(-99.18697, 19.37568)", "nombre": "Patriotismo", "sistema": "TROLE", "alcaldia_municipio": "Benito Juárez", "bv_baseline": 0.071014, "bv_metro": 0.046237, "rank_baseline": 53.0, "rank_metro": 143.0, "delta_metro_plot": -0.024776999999999993, "delta_metro_pct": -34.890303320472015, "es_nodo_anillo": false, "tipo_cambio": "pierde"}, "geometry": {"type": "Point", "coordinates": [-99.18697, 19.37568]}}, {"type": "Feature", "properties": {"id": "(-99.06339, 19.34601)", "nombre": "Calz. Ermita Iztapalapa - Metro Constitución de 1917", "sistema": "RTP", "alcaldia_municipio": "Iztapalapa", "bv_baseline": 0.018268, "bv_metro": 0.045863, "rank_baseline": 321.0, "rank_metro": 145.0, "delta_metro_plot": 0.027595, "delta_metro_pct": 151.05649222684477, "es_nodo_anillo": false, "tipo_cambio": "gana"}, "geometry": {"type": "Point", "coordinates": [-99.06339, 19.34601]}}, {"type": "Feature", "properties": {"id": "(-99.15872, 19.37066)", "nombre": "Parque de los Venados", "sistema": "METRO", "alcaldia_municipio": "Benito Juárez", "bv_baseline": 0.065425, "bv_metro": 0.04585, "rank_baseline": 63.0, "rank_metro": 146.0, "delta_metro_plot": -0.019574999999999995, "delta_metro_pct": -29.919755445166217, "es_nodo_anillo": false, "tipo_cambio": "pierde"}, "geometry": {"type": "Point", "coordinates": [-99.15872, 19.37066]}}, {"type": "Feature", "properties": {"id": "(-99.15948, 19.37918)", "nombre": "División del Norte", "sistema": "METRO", "alcaldia_municipio": "Benito Juárez", "bv_baseline": 0.062455, "bv_metro": 0.045769, "rank_baseline": 71.0, "rank_metro": 147.0, "delta_metro_plot": -0.016686, "delta_metro_pct": -26.716836122007845, "es_nodo_anillo": false, "tipo_cambio": "pierde"}, "geometry": {"type": "Point", "coordinates": [-99.15948, 19.37918]}}, {"type": "Feature", "properties": {"id": "(-99.134532656, 19.517955725)", "nombre": "Acueducto", "sistema": "METRO", "alcaldia_municipio": "Gustavo A. Madero", "bv_baseline": null, "bv_metro": 0.04543, "rank_baseline": null, "rank_metro": 148.0, "delta_metro_plot": 0.04543, "delta_metro_pct": null, "es_nodo_anillo": true, "tipo_cambio": "nodo_anillo"}, "geometry": {"type": "Point", "coordinates": [-99.134532656, 19.517955725]}}, {"type": "Feature", "properties": {"id": "(-99.10316, 19.40854)", "nombre": "Velódromo", "sistema": "METRO", "alcaldia_municipio": "Venustiano Carranza", "bv_baseline": 0.065546, "bv_metro": 0.044816, "rank_baseline": 62.0, "rank_metro": 149.0, "delta_metro_plot": -0.02072999999999999, "delta_metro_pct": -31.62664388368473, "es_nodo_anillo": false, "tipo_cambio": "pierde"}, "geometry": {"type": "Point", "coordinates": [-99.10316, 19.40854]}}, {"type": "Feature", "properties": {"id": "(-99.13316, 19.27953)", "nombre": "Tepepan", "sistema": "TL", "alcaldia_municipio": "Xochimilco", "bv_baseline": 0.075076, "bv_metro": 0.044428, "rank_baseline": 50.0, "rank_metro": 151.0, "delta_metro_plot": -0.030648, "delta_metro_pct": -40.82263306516064, "es_nodo_anillo": false, "tipo_cambio": "pierde"}, "geometry": {"type": "Point", "coordinates": [-99.13316, 19.27953]}}, {"type": "Feature", "properties": {"id": "(-99.14319, 19.42155)", "nombre": "Doctores", "sistema": "METRO", "alcaldia_municipio": "Cuauhtémoc", "bv_baseline": 0.055699, "bv_metro": 0.044121, "rank_baseline": 98.0, "rank_metro": 152.0, "delta_metro_plot": -0.011577999999999998, "delta_metro_pct": -20.786728666582878, "es_nodo_anillo": false, "tipo_cambio": "pierde"}, "geometry": {"type": "Point", "coordinates": [-99.14319, 19.42155]}}, {"type": "Feature", "properties": {"id": "(-99.188, 19.37612)", "nombre": "Mixcoac Norte", "sistema": "TROLE", "alcaldia_municipio": "Benito Juárez", "bv_baseline": 0.072769, "bv_metro": 0.044085, "rank_baseline": 52.0, "rank_metro": 153.0, "delta_metro_plot": -0.028684, "delta_metro_pct": -39.41788398906128, "es_nodo_anillo": false, "tipo_cambio": "pierde"}, "geometry": {"type": "Point", "coordinates": [-99.188, 19.37612]}}, {"type": "Feature", "properties": {"id": "(-99.12407, 19.44279)", "nombre": "Tepito", "sistema": "METRO", "alcaldia_municipio": "Cuauhtémoc", "bv_baseline": 0.062173, "bv_metro": 0.043815, "rank_baseline": 72.0, "rank_metro": 155.0, "delta_metro_plot": -0.018358, "delta_metro_pct": -29.527286764351082, "es_nodo_anillo": false, "tipo_cambio": "pierde"}, "geometry": {"type": "Point", "coordinates": [-99.12407, 19.44279]}}, {"type": "Feature", "properties": {"id": "(-99.15036, 19.41948)", "nombre": "Niños Héroes y  Poder Judicial CDMX", "sistema": "METRO", "alcaldia_municipio": "Cuauhtémoc", "bv_baseline": 0.055429, "bv_metro": 0.043214, "rank_baseline": 101.0, "rank_metro": 158.0, "delta_metro_plot": -0.012214999999999997, "delta_metro_pct": -22.037200743293216, "es_nodo_anillo": false, "tipo_cambio": "pierde"}, "geometry": {"type": "Point", "coordinates": [-99.15036, 19.41948]}}, {"type": "Feature", "properties": {"id": "(-99.13201, 19.47719)", "nombre": "Potrero", "sistema": "METRO", "alcaldia_municipio": "Gustavo A. Madero", "bv_baseline": 0.065214, "bv_metro": 0.043045, "rank_baseline": 65.0, "rank_metro": 159.0, "delta_metro_plot": -0.022168999999999994, "delta_metro_pct": -33.99423436685374, "es_nodo_anillo": false, "tipo_cambio": "pierde"}, "geometry": {"type": "Point", "coordinates": [-99.13201, 19.47719]}}, {"type": "Feature", "properties": {"id": "(-99.13375, 19.41021)", "nombre": "Chabacano", "sistema": "METRO", "alcaldia_municipio": "Cuauhtémoc", "bv_baseline": 0.054025, "bv_metro": 0.04284, "rank_baseline": 107.0, "rank_metro": 162.0, "delta_metro_plot": -0.011184999999999994, "delta_metro_pct": -20.70337806571031, "es_nodo_anillo": false, "tipo_cambio": "pierde"}, "geometry": {"type": "Point", "coordinates": [-99.13375, 19.41021]}}, {"type": "Feature", "properties": {"id": "(-99.15423, 19.43923)", "nombre": "Revolución", "sistema": "METRO", "alcaldia_municipio": "Cuauhtémoc", "bv_baseline": 0.054044, "bv_metro": 0.042473, "rank_baseline": 106.0, "rank_metro": 165.0, "delta_metro_plot": -0.011571000000000005, "delta_metro_pct": -21.410332321811865, "es_nodo_anillo": false, "tipo_cambio": "pierde"}, "geometry": {"type": "Point", "coordinates": [-99.15423, 19.43923]}}, {"type": "Feature", "properties": {"id": "(-99.14404, 19.41324)", "nombre": "Obrera", "sistema": "METRO", "alcaldia_municipio": "Cuauhtémoc", "bv_baseline": 0.053543, "bv_metro": 0.041862, "rank_baseline": 108.0, "rank_metro": 166.0, "delta_metro_plot": -0.011680999999999997, "delta_metro_pct": -21.81611041592738, "es_nodo_anillo": false, "tipo_cambio": "pierde"}, "geometry": {"type": "Point", "coordinates": [-99.14404, 19.41324]}}, {"type": "Feature", "properties": {"id": "(-99.085931388, 19.507128625)", "nombre": "Río de los Remedios MB/Periférico", "sistema": "METRO", "alcaldia_municipio": "Ecatepec de Morelos", "bv_baseline": null, "bv_metro": 0.041714, "rank_baseline": null, "rank_metro": 167.0, "delta_metro_plot": 0.041714, "delta_metro_pct": null, "es_nodo_anillo": true, "tipo_cambio": "nodo_anillo"}, "geometry": {"type": "Point", "coordinates": [-99.085931388, 19.507128625]}}, {"type": "Feature", "properties": {"id": "(-99.09125, 19.40843)", "nombre": "Ciudad Deportiva", "sistema": "METRO", "alcaldia_municipio": "Iztacalco", "bv_baseline": 0.063937, "bv_metro": 0.041264, "rank_baseline": 69.0, "rank_metro": 170.0, "delta_metro_plot": -0.022672999999999992, "delta_metro_pct": -35.46146988441746, "es_nodo_anillo": false, "tipo_cambio": "pierde"}, "geometry": {"type": "Point", "coordinates": [-99.09125, 19.40843]}}, {"type": "Feature", "properties": {"id": "(-99.14344, 19.34082)", "nombre": "Las Torres", "sistema": "TL", "alcaldia_municipio": "Coyoacán", "bv_baseline": 0.108992, "bv_metro": 0.041237, "rank_baseline": 17.0, "rank_metro": 171.0, "delta_metro_plot": -0.06775500000000001, "delta_metro_pct": -62.16511303581915, "es_nodo_anillo": false, "tipo_cambio": "pierde"}, "geometry": {"type": "Point", "coordinates": [-99.14344, 19.34082]}}, {"type": "Feature", "properties": {"id": "(-99.06929, 19.45809)", "nombre": "Bosque de Aragón", "sistema": "METRO", "alcaldia_municipio": "Gustavo A. Madero", "bv_baseline": 0.004091, "bv_metro": 0.041144, "rank_baseline": 1575.0, "rank_metro": 172.0, "delta_metro_plot": 0.037053, "delta_metro_pct": 905.7198728917135, "es_nodo_anillo": false, "tipo_cambio": "gana"}, "geometry": {"type": "Point", "coordinates": [-99.06929, 19.45809]}}, {"type": "Feature", "properties": {"id": "(-99.235080884, 19.486174859)", "nombre": "Lomas Verdes", "sistema": "METRO", "alcaldia_municipio": "Naucalpan de Juárez", "bv_baseline": null, "bv_metro": 0.041106, "rank_baseline": null, "rank_metro": 173.0, "delta_metro_plot": 0.041106, "delta_metro_pct": null, "es_nodo_anillo": true, "tipo_cambio": "nodo_anillo"}, "geometry": {"type": "Point", "coordinates": [-99.235080884, 19.486174859]}}, {"type": "Feature", "properties": {"id": "(-99.1136, 19.39828)", "nombre": "Metro Coyuya", "sistema": "MB", "alcaldia_municipio": "Iztacalco", "bv_baseline": 0.059795, "bv_metro": 0.040864, "rank_baseline": 82.0, "rank_metro": 175.0, "delta_metro_plot": -0.018931000000000003, "delta_metro_pct": -31.659837779078526, "es_nodo_anillo": false, "tipo_cambio": "pierde"}, "geometry": {"type": "Point", "coordinates": [-99.1136, 19.39828]}}, {"type": "Feature", "properties": {"id": "(-99.14399, 19.41295)", "nombre": "Obrera", "sistema": "TROLE", "alcaldia_municipio": "Cuauhtémoc", "bv_baseline": 0.052626, "bv_metro": 0.040822, "rank_baseline": 112.0, "rank_metro": 176.0, "delta_metro_plot": -0.011804000000000002, "delta_metro_pct": -22.42997757762323, "es_nodo_anillo": false, "tipo_cambio": "pierde"}, "geometry": {"type": "Point", "coordinates": [-99.14399, 19.41295]}}, {"type": "Feature", "properties": {"id": "(-99.224501362, 19.46601899)", "nombre": "Las Torres", "sistema": "METRO", "alcaldia_municipio": "Naucalpan de Juárez", "bv_baseline": null, "bv_metro": 0.040624, "rank_baseline": null, "rank_metro": 177.0, "delta_metro_plot": 0.040624, "delta_metro_pct": null, "es_nodo_anillo": true, "tipo_cambio": "nodo_anillo"}, "geometry": {"type": "Point", "coordinates": [-99.224501362, 19.46601899]}}, {"type": "Feature", "properties": {"id": "(-99.14423, 19.41218)", "nombre": "Obrera", "sistema": "TROLE", "alcaldia_municipio": "Cuauhtémoc", "bv_baseline": 0.052362, "bv_metro": 0.040458, "rank_baseline": 113.0, "rank_metro": 178.0, "delta_metro_plot": -0.011903999999999998, "delta_metro_pct": -22.734043772201215, "es_nodo_anillo": false, "tipo_cambio": "pierde"}, "geometry": {"type": "Point", "coordinates": [-99.14423, 19.41218]}}, {"type": "Feature", "properties": {"id": "(-99.220587639, 19.458780111)", "nombre": "Cuatro Caminos/Periférico", "sistema": "METRO", "alcaldia_municipio": "Naucalpan de Juárez", "bv_baseline": null, "bv_metro": 0.040009, "rank_baseline": null, "rank_metro": 181.0, "delta_metro_plot": 0.040009, "delta_metro_pct": null, "es_nodo_anillo": true, "tipo_cambio": "nodo_anillo"}, "geometry": {"type": "Point", "coordinates": [-99.220587639, 19.458780111]}}, {"type": "Feature", "properties": {"id": "(-99.228522359, 19.473756768)", "nombre": "Naucalpan", "sistema": "METRO", "alcaldia_municipio": "Naucalpan de Juárez", "bv_baseline": null, "bv_metro": 0.039855, "rank_baseline": null, "rank_metro": 182.0, "delta_metro_plot": 0.039855, "delta_metro_pct": null, "es_nodo_anillo": true, "tipo_cambio": "nodo_anillo"}, "geometry": {"type": "Point", "coordinates": [-99.228522359, 19.473756768]}}, {"type": "Feature", "properties": {"id": "(-99.04679, 19.49069)", "nombre": "Río de los Remedios", "sistema": "METRO", "alcaldia_municipio": "Nezahualcóyotl", "bv_baseline": 0.000659, "bv_metro": 0.039836, "rank_baseline": 5142.0, "rank_metro": 183.0, "delta_metro_plot": 0.039177000000000003, "delta_metro_pct": 5944.916540212444, "es_nodo_anillo": false, "tipo_cambio": "gana"}, "geometry": {"type": "Point", "coordinates": [-99.04679, 19.49069]}}, {"type": "Feature", "properties": {"id": "(-99.05461, 19.47289)", "nombre": "Nezahualcóyotl", "sistema": "METRO", "alcaldia_municipio": "Nezahualcóyotl", "bv_baseline": 0.001506, "bv_metro": 0.03974, "rank_baseline": 3307.0, "rank_metro": 184.0, "delta_metro_plot": 0.038234, "delta_metro_pct": 2538.7782204515274, "es_nodo_anillo": false, "tipo_cambio": "gana"}, "geometry": {"type": "Point", "coordinates": [-99.05461, 19.47289]}}, {"type": "Feature", "properties": {"id": "(-99.231934887, 19.479082935)", "nombre": "Gustavo Baz Prada", "sistema": "METRO", "alcaldia_municipio": "Naucalpan de Juárez", "bv_baseline": null, "bv_metro": 0.039329, "rank_baseline": null, "rank_metro": 185.0, "delta_metro_plot": 0.039329, "delta_metro_pct": null, "es_nodo_anillo": true, "tipo_cambio": "nodo_anillo"}, "geometry": {"type": "Point", "coordinates": [-99.231934887, 19.479082935]}}, {"type": "Feature", "properties": {"id": "(-99.16517, 19.37078)", "nombre": "Zapata II", "sistema": "TROLE", "alcaldia_municipio": "Benito Juárez", "bv_baseline": 0.061518, "bv_metro": 0.039279, "rank_baseline": 73.0, "rank_metro": 186.0, "delta_metro_plot": -0.022239000000000002, "delta_metro_pct": -36.15039500633961, "es_nodo_anillo": false, "tipo_cambio": "pierde"}, "geometry": {"type": "Point", "coordinates": [-99.16517, 19.37078]}}, {"type": "Feature", "properties": {"id": "(-99.14186, 19.33573)", "nombre": "Ciudad Jardín", "sistema": "TL", "alcaldia_municipio": "Coyoacán", "bv_baseline": 0.106514, "bv_metro": 0.03922, "rank_baseline": 21.0, "rank_metro": 187.0, "delta_metro_plot": -0.06729399999999999, "delta_metro_pct": -63.178549298683734, "es_nodo_anillo": false, "tipo_cambio": "pierde"}, "geometry": {"type": "Point", "coordinates": [-99.14186, 19.33573]}}, {"type": "Feature", "properties": {"id": "(-99.13652, 19.46967)", "nombre": "La Raza", "sistema": "METRO", "alcaldia_municipio": "Gustavo A. Madero", "bv_baseline": 0.067627, "bv_metro": 0.039146, "rank_baseline": 56.0, "rank_metro": 189.0, "delta_metro_plot": -0.028481000000000006, "delta_metro_pct": -42.11483579043873, "es_nodo_anillo": false, "tipo_cambio": "pierde"}, "geometry": {"type": "Point", "coordinates": [-99.13652, 19.46967]}}, {"type": "Feature", "properties": {"id": "(-99.14468, 19.40762)", "nombre": "Lázaro Cárdenas", "sistema": "TROLE", "alcaldia_municipio": "Cuauhtémoc", "bv_baseline": 0.051042, "bv_metro": 0.039121, "rank_baseline": 124.0, "rank_metro": 190.0, "delta_metro_plot": -0.011920999999999994, "delta_metro_pct": -23.355276047176826, "es_nodo_anillo": false, "tipo_cambio": "pierde"}, "geometry": {"type": "Point", "coordinates": [-99.14468, 19.40762]}}, {"type": "Feature", "properties": {"id": "(-99.14042, 19.43701)", "nombre": "Bellas Artes", "sistema": "METRO", "alcaldia_municipio": "Cuauhtémoc", "bv_baseline": 0.058939, "bv_metro": 0.039031, "rank_baseline": 83.0, "rank_metro": 191.0, "delta_metro_plot": -0.019907999999999995, "delta_metro_pct": -33.7772951695821, "es_nodo_anillo": false, "tipo_cambio": "pierde"}, "geometry": {"type": "Point", "coordinates": [-99.14042, 19.43701]}}, {"type": "Feature", "properties": {"id": "(-99.11296, 19.43237)", "nombre": "San Lázaro", "sistema": "METRO", "alcaldia_municipio": "Venustiano Carranza", "bv_baseline": 0.057363, "bv_metro": 0.038927, "rank_baseline": 88.0, "rank_metro": 192.0, "delta_metro_plot": -0.018435999999999994, "delta_metro_pct": -32.13918379443194, "es_nodo_anillo": false, "tipo_cambio": "pierde"}, "geometry": {"type": "Point", "coordinates": [-99.11296, 19.43237]}}, {"type": "Feature", "properties": {"id": "(-99.06427591, 19.498268072)", "nombre": "Parque Orizaba", "sistema": "METRO", "alcaldia_municipio": "Ecatepec de Morelos", "bv_baseline": null, "bv_metro": 0.038742, "rank_baseline": null, "rank_metro": 194.0, "delta_metro_plot": 0.038742, "delta_metro_pct": null, "es_nodo_anillo": true, "tipo_cambio": "nodo_anillo"}, "geometry": {"type": "Point", "coordinates": [-99.06427591, 19.498268072]}}, {"type": "Feature", "properties": {"id": "(-99.101245836, 19.514791577)", "nombre": "Constituyentes de 1857", "sistema": "METRO", "alcaldia_municipio": "Gustavo A. Madero", "bv_baseline": null, "bv_metro": 0.038707, "rank_baseline": null, "rank_metro": 195.0, "delta_metro_plot": 0.038707, "delta_metro_pct": null, "es_nodo_anillo": true, "tipo_cambio": "nodo_anillo"}, "geometry": {"type": "Point", "coordinates": [-99.101245836, 19.514791577]}}, {"type": "Feature", "properties": {"id": "(-99.114145246, 19.521458049)", "nombre": "Hermilo Mena", "sistema": "METRO", "alcaldia_municipio": "Gustavo A. Madero", "bv_baseline": null, "bv_metro": 0.038637, "rank_baseline": null, "rank_metro": 196.0, "delta_metro_plot": 0.038637, "delta_metro_pct": null, "es_nodo_anillo": true, "tipo_cambio": "nodo_anillo"}, "geometry": {"type": "Point", "coordinates": [-99.114145246, 19.521458049]}}, {"type": "Feature", "properties": {"id": "(-99.077964989, 19.503819366)", "nombre": "Gran Canal de Desagüe", "sistema": "METRO", "alcaldia_municipio": "Ecatepec de Morelos", "bv_baseline": null, "bv_metro": 0.038636, "rank_baseline": null, "rank_metro": 197.0, "delta_metro_plot": 0.038636, "delta_metro_pct": null, "es_nodo_anillo": true, "tipo_cambio": "nodo_anillo"}, "geometry": {"type": "Point", "coordinates": [-99.077964989, 19.503819366]}}, {"type": "Feature", "properties": {"id": "(-99.124252609, 19.519154698)", "nombre": "La Presa", "sistema": "METRO", "alcaldia_municipio": "Gustavo A. Madero", "bv_baseline": null, "bv_metro": 0.038579, "rank_baseline": null, "rank_metro": 198.0, "delta_metro_plot": 0.038579, "delta_metro_pct": null, "es_nodo_anillo": true, "tipo_cambio": "nodo_anillo"}, "geometry": {"type": "Point", "coordinates": [-99.124252609, 19.519154698]}}, {"type": "Feature", "properties": {"id": "(-99.13969, 19.28273)", "nombre": "Periférico Participación Ciudadana", "sistema": "TL", "alcaldia_municipio": "Tlalpan", "bv_baseline": 0.054552, "bv_metro": 0.037905, "rank_baseline": 104.0, "rank_metro": 199.0, "delta_metro_plot": -0.016647000000000002, "delta_metro_pct": -30.515838099428073, "es_nodo_anillo": false, "tipo_cambio": "pierde"}, "geometry": {"type": "Point", "coordinates": [-99.13969, 19.28273]}}, {"type": "Feature", "properties": {"id": "(-99.16727, 19.44456)", "nombre": "Normal", "sistema": "METRO", "alcaldia_municipio": "Miguel Hidalgo", "bv_baseline": 0.049413, "bv_metro": 0.037805, "rank_baseline": 130.0, "rank_metro": 200.0, "delta_metro_plot": -0.011608, "delta_metro_pct": -23.491793657539517, "es_nodo_anillo": false, "tipo_cambio": "pierde"}, "geometry": {"type": "Point", "coordinates": [-99.16727, 19.44456]}}, {"type": "Feature", "properties": {"id": "(-99.08239, 19.40719)", "nombre": "Puebla", "sistema": "METRO", "alcaldia_municipio": "Venustiano Carranza", "bv_baseline": 0.057919, "bv_metro": 0.037754, "rank_baseline": 86.0, "rank_metro": 201.0, "delta_metro_plot": -0.020164999999999995, "delta_metro_pct": -34.81586353355548, "es_nodo_anillo": false, "tipo_cambio": "pierde"}, "geometry": {"type": "Point", "coordinates": [-99.08239, 19.40719]}}, {"type": "Feature", "properties": {"id": "(-99.11863, 19.26445)", "nombre": "Huichapan", "sistema": "TL", "alcaldia_municipio": "Xochimilco", "bv_baseline": 0.064859, "bv_metro": 0.037387, "rank_baseline": 66.0, "rank_metro": 202.0, "delta_metro_plot": -0.027472000000000003, "delta_metro_pct": -42.35649639988283, "es_nodo_anillo": false, "tipo_cambio": "pierde"}, "geometry": {"type": "Point", "coordinates": [-99.11863, 19.26445]}}, {"type": "Feature", "properties": {"id": "(-99.14379, 19.34128)", "nombre": "Calz. de Tlalpan - Candelaria", "sistema": "RTP", "alcaldia_municipio": "Coyoacán", "bv_baseline": 0.089428, "bv_metro": 0.037226, "rank_baseline": 36.0, "rank_metro": 203.0, "delta_metro_plot": -0.05220199999999999, "delta_metro_pct": -58.37321644227758, "es_nodo_anillo": false, "tipo_cambio": "pierde"}, "geometry": {"type": "Point", "coordinates": [-99.14379, 19.34128]}}, {"type": "Feature", "properties": {"id": "(-99.19093, 19.43355)", "nombre": "Polanco", "sistema": "METRO", "alcaldia_municipio": "Miguel Hidalgo", "bv_baseline": 0.046439, "bv_metro": 0.036343, "rank_baseline": 139.0, "rank_metro": 206.0, "delta_metro_plot": -0.010096, "delta_metro_pct": -21.740347552703547, "es_nodo_anillo": false, "tipo_cambio": "pierde"}, "geometry": {"type": "Point", "coordinates": [-99.19093, 19.43355]}}, {"type": "Feature", "properties": {"id": "(-99.176, 19.35346)", "nombre": "Viveros y  Derechos Humanos", "sistema": "METRO", "alcaldia_municipio": "Álvaro Obregón", "bv_baseline": 0.064341, "bv_metro": 0.036034, "rank_baseline": 67.0, "rank_metro": 211.0, "delta_metro_plot": -0.028307, "delta_metro_pct": -43.99527517446107, "es_nodo_anillo": false, "tipo_cambio": "pierde"}, "geometry": {"type": "Point", "coordinates": [-99.176, 19.35346]}}, {"type": "Feature", "properties": {"id": "(-99.160395164, 19.512747483)", "nombre": "Progreso Nacional", "sistema": "METRO", "alcaldia_municipio": "Tlalnepantla de Baz", "bv_baseline": null, "bv_metro": 0.035514, "rank_baseline": null, "rank_metro": 214.0, "delta_metro_plot": 0.035514, "delta_metro_pct": null, "es_nodo_anillo": true, "tipo_cambio": "nodo_anillo"}, "geometry": {"type": "Point", "coordinates": [-99.160395164, 19.512747483]}}, {"type": "Feature", "properties": {"id": "(-99.05942, 19.39876)", "nombre": "Canal de San Juan", "sistema": "METRO", "alcaldia_municipio": "Iztacalco", "bv_baseline": 0.056009, "bv_metro": 0.035118, "rank_baseline": 96.0, "rank_metro": 215.0, "delta_metro_plot": -0.020891, "delta_metro_pct": -37.2993626024389, "es_nodo_anillo": false, "tipo_cambio": "pierde"}, "geometry": {"type": "Point", "coordinates": [-99.05942, 19.39876]}}, {"type": "Feature", "properties": {"id": "(-99.13781, 19.39521)", "nombre": "Xola", "sistema": "METRO", "alcaldia_municipio": "Benito Juárez", "bv_baseline": 0.060059, "bv_metro": 0.035088, "rank_baseline": 79.0, "rank_metro": 216.0, "delta_metro_plot": -0.024971, "delta_metro_pct": -41.577448841972064, "es_nodo_anillo": false, "tipo_cambio": "pierde"}, "geometry": {"type": "Point", "coordinates": [-99.13781, 19.39521]}}, {"type": "Feature", "properties": {"id": "(-99.10804, 19.25946)", "nombre": "Xochimilco", "sistema": "TL", "alcaldia_municipio": "Xochimilco", "bv_baseline": 0.061307, "bv_metro": 0.034721, "rank_baseline": 75.0, "rank_metro": 218.0, "delta_metro_plot": -0.026586, "delta_metro_pct": -43.36535795259921, "es_nodo_anillo": false, "tipo_cambio": "pierde"}, "geometry": {"type": "Point", "coordinates": [-99.10804, 19.25946]}}, {"type": "Feature", "properties": {"id": "(-99.108536, 19.25972)", "nombre": "Av. Cuauhtémoc y Gladiolas", "sistema": "CC", "alcaldia_municipio": "Xochimilco", "bv_baseline": 0.061149, "bv_metro": 0.034558, "rank_baseline": 76.0, "rank_metro": 219.0, "delta_metro_plot": -0.026591000000000004, "delta_metro_pct": -43.485584392222286, "es_nodo_anillo": false, "tipo_cambio": "pierde"}, "geometry": {"type": "Point", "coordinates": [-99.108536, 19.25972]}}, {"type": "Feature", "properties": {"id": "(-99.07221, 19.41535)", "nombre": "Pantitlán", "sistema": "METRO", "alcaldia_municipio": "Iztacalco", "bv_baseline": 0.055496, "bv_metro": 0.03449, "rank_baseline": 100.0, "rank_metro": 220.0, "delta_metro_plot": -0.021005999999999997, "delta_metro_pct": -37.85137667579645, "es_nodo_anillo": false, "tipo_cambio": "pierde"}, "geometry": {"type": "Point", "coordinates": [-99.07221, 19.41535]}}, {"type": "Feature", "properties": {"id": "(-99.07192, 19.4153)", "nombre": "Pantitlán", "sistema": "METRO", "alcaldia_municipio": "Iztacalco", "bv_baseline": 0.055203, "bv_metro": 0.034235, "rank_baseline": 102.0, "rank_metro": 222.0, "delta_metro_plot": -0.020968, "delta_metro_pct": -37.98344292882633, "es_nodo_anillo": false, "tipo_cambio": "pierde"}, "geometry": {"type": "Point", "coordinates": [-99.07192, 19.4153]}}, {"type": "Feature", "properties": {"id": "(-99.13294, 19.42438)", "nombre": "Pino Suárez", "sistema": "METRO", "alcaldia_municipio": "Cuauhtémoc", "bv_baseline": 0.050932, "bv_metro": 0.033682, "rank_baseline": 125.0, "rank_metro": 223.0, "delta_metro_plot": -0.01725, "delta_metro_pct": -33.86868766198068, "es_nodo_anillo": false, "tipo_cambio": "pierde"}, "geometry": {"type": "Point", "coordinates": [-99.13294, 19.42438]}}, {"type": "Feature", "properties": {"id": "(-99.17086, 19.36136)", "nombre": "Coyoacán", "sistema": "METRO", "alcaldia_municipio": "Benito Juárez", "bv_baseline": 0.06561, "bv_metro": 0.033178, "rank_baseline": 61.0, "rank_metro": 225.0, "delta_metro_plot": -0.032432, "delta_metro_pct": -49.431489102271, "es_nodo_anillo": false, "tipo_cambio": "pierde"}, "geometry": {"type": "Point", "coordinates": [-99.17086, 19.36136]}}, {"type": "Feature", "properties": {"id": "(-99.1815, 19.45725)", "nombre": "Cuitláhuac", "sistema": "METRO", "alcaldia_municipio": "Miguel Hidalgo", "bv_baseline": 0.047833, "bv_metro": 0.032912, "rank_baseline": 133.0, "rank_metro": 226.0, "delta_metro_plot": -0.014921000000000004, "delta_metro_pct": -31.193945602408387, "es_nodo_anillo": false, "tipo_cambio": "pierde"}, "geometry": {"type": "Point", "coordinates": [-99.1815, 19.45725]}}, {"type": "Feature", "properties": {"id": "(-99.15562, 19.29488)", "nombre": "Anillo Periférico y Blvd. Adolfo Ruíz Cortines", "sistema": "RTP", "alcaldia_municipio": "Tlalpan", "bv_baseline": 0.014793, "bv_metro": 0.032816, "rank_baseline": 398.0, "rank_metro": 227.0, "delta_metro_plot": 0.018022999999999997, "delta_metro_pct": 121.83465152436962, "es_nodo_anillo": false, "tipo_cambio": "gana"}, "geometry": {"type": "Point", "coordinates": [-99.15562, 19.29488]}}, {"type": "Feature", "properties": {"id": "(-99.17549, 19.45291)", "nombre": "Popotla", "sistema": "METRO", "alcaldia_municipio": "Miguel Hidalgo", "bv_baseline": 0.043916, "bv_metro": 0.032758, "rank_baseline": 151.0, "rank_metro": 228.0, "delta_metro_plot": -0.011157999999999994, "delta_metro_pct": -25.407596320247734, "es_nodo_anillo": false, "tipo_cambio": "pierde"}, "geometry": {"type": "Point", "coordinates": [-99.17549, 19.45291]}}, {"type": "Feature", "properties": {"id": "(-99.237218852, 19.494230363)", "nombre": "Parque Naucalli", "sistema": "METRO", "alcaldia_municipio": "Naucalpan de Juárez", "bv_baseline": null, "bv_metro": 0.032724, "rank_baseline": null, "rank_metro": 229.0, "delta_metro_plot": 0.032724, "delta_metro_pct": null, "es_nodo_anillo": true, "tipo_cambio": "nodo_anillo"}, "geometry": {"type": "Point", "coordinates": [-99.237218852, 19.494230363]}}, {"type": "Feature", "properties": {"id": "(-99.23681324, 19.50921382)", "nombre": "Ciudad Satélite", "sistema": "METRO", "alcaldia_municipio": "Naucalpan de Juárez", "bv_baseline": null, "bv_metro": 0.032203, "rank_baseline": null, "rank_metro": 230.0, "delta_metro_plot": 0.032203, "delta_metro_pct": null, "es_nodo_anillo": true, "tipo_cambio": "nodo_anillo"}, "geometry": {"type": "Point", "coordinates": [-99.23681324, 19.50921382]}}, {"type": "Feature", "properties": {"id": "(-99.237, 19.502)", "nombre": "Torres de Satélite", "sistema": "METRO", "alcaldia_municipio": "Naucalpan de Juárez", "bv_baseline": null, "bv_metro": 0.032196, "rank_baseline": null, "rank_metro": 231.0, "delta_metro_plot": 0.032196, "delta_metro_pct": null, "es_nodo_anillo": true, "tipo_cambio": "nodo_anillo"}, "geometry": {"type": "Point", "coordinates": [-99.237, 19.502]}}, {"type": "Feature", "properties": {"id": "(-99.230636205, 19.519301362)", "nombre": "Circunvalación", "sistema": "METRO", "alcaldia_municipio": "Naucalpan de Juárez", "bv_baseline": null, "bv_metro": 0.032167, "rank_baseline": null, "rank_metro": 232.0, "delta_metro_plot": 0.032167, "delta_metro_pct": null, "es_nodo_anillo": true, "tipo_cambio": "nodo_anillo"}, "geometry": {"type": "Point", "coordinates": [-99.230636205, 19.519301362]}}, {"type": "Feature", "properties": {"id": "(-99.18873, 19.40003)", "nombre": "Viaducto Miguel Aleman", "sistema": "RTP", "alcaldia_municipio": "Miguel Hidalgo", "bv_baseline": 0.008482, "bv_metro": 0.032071, "rank_baseline": 745.0, "rank_metro": 234.0, "delta_metro_plot": 0.023589000000000002, "delta_metro_pct": 278.1065786371139, "es_nodo_anillo": false, "tipo_cambio": "gana"}, "geometry": {"type": "Point", "coordinates": [-99.18873, 19.40003]}}, {"type": "Feature", "properties": {"id": "(-99.17825, 19.37355)", "nombre": "Insurgentes Sur", "sistema": "METRO", "alcaldia_municipio": "Benito Juárez", "bv_baseline": 0.05268, "bv_metro": 0.031968, "rank_baseline": 111.0, "rank_metro": 235.0, "delta_metro_plot": -0.020711999999999994, "delta_metro_pct": -39.31662870159452, "es_nodo_anillo": false, "tipo_cambio": "pierde"}, "geometry": {"type": "Point", "coordinates": [-99.17825, 19.37355]}}, {"type": "Feature", "properties": {"id": "(-99.117, 19.269)", "nombre": "Francisco Goytia - Unidad Habitacional Rosalina", "sistema": "RTP", "alcaldia_municipio": "Xochimilco", "bv_baseline": 0.007224, "bv_metro": 0.031394, "rank_baseline": 899.0, "rank_metro": 236.0, "delta_metro_plot": 0.024169999999999997, "delta_metro_pct": 334.57918050941305, "es_nodo_anillo": false, "tipo_cambio": "gana"}, "geometry": {"type": "Point", "coordinates": [-99.117, 19.269]}}, {"type": "Feature", "properties": {"id": "(-99.218504817, 19.518596386)", "nombre": "Viveros de Atizapán", "sistema": "METRO", "alcaldia_municipio": "Tlalnepantla de Baz", "bv_baseline": null, "bv_metro": 0.031394, "rank_baseline": null, "rank_metro": 236.0, "delta_metro_plot": 0.031394, "delta_metro_pct": null, "es_nodo_anillo": true, "tipo_cambio": "nodo_anillo"}, "geometry": {"type": "Point", "coordinates": [-99.218504817, 19.518596386]}}, {"type": "Feature", "properties": {"id": "(-99.165593628, 19.512491599)", "nombre": "Vaso Regulador de Carretas", "sistema": "METRO", "alcaldia_municipio": "Tlalnepantla de Baz", "bv_baseline": null, "bv_metro": 0.031354, "rank_baseline": null, "rank_metro": 238.0, "delta_metro_plot": 0.031354, "delta_metro_pct": null, "es_nodo_anillo": true, "tipo_cambio": "nodo_anillo"}, "geometry": {"type": "Point", "coordinates": [-99.165593628, 19.512491599]}}, {"type": "Feature", "properties": {"id": "(-99.21170731, 19.516841427)", "nombre": "Presidente Juárez", "sistema": "METRO", "alcaldia_municipio": "Tlalnepantla de Baz", "bv_baseline": null, "bv_metro": 0.031337, "rank_baseline": null, "rank_metro": 239.0, "delta_metro_plot": 0.031337, "delta_metro_pct": null, "es_nodo_anillo": true, "tipo_cambio": "nodo_anillo"}, "geometry": {"type": "Point", "coordinates": [-99.21170731, 19.516841427]}}, {"type": "Feature", "properties": {"id": "(-99.17299855, 19.514511437)", "nombre": "El Heraldo", "sistema": "METRO", "alcaldia_municipio": "Tlalnepantla de Baz", "bv_baseline": null, "bv_metro": 0.03132, "rank_baseline": null, "rank_metro": 240.0, "delta_metro_plot": 0.03132, "delta_metro_pct": null, "es_nodo_anillo": true, "tipo_cambio": "nodo_anillo"}, "geometry": {"type": "Point", "coordinates": [-99.17299855, 19.514511437]}}, {"type": "Feature", "properties": {"id": "(-99.19649738, 19.517009411)", "nombre": "Tlalnepantla", "sistema": "METRO", "alcaldia_municipio": "Tlalnepantla de Baz", "bv_baseline": null, "bv_metro": 0.031299, "rank_baseline": null, "rank_metro": 241.0, "delta_metro_plot": 0.031299, "delta_metro_pct": null, "es_nodo_anillo": true, "tipo_cambio": "nodo_anillo"}, "geometry": {"type": "Point", "coordinates": [-99.19649738, 19.517009411]}}, {"type": "Feature", "properties": {"id": "(-99.179375332, 19.511604168)", "nombre": "Av de las Granjas", "sistema": "METRO", "alcaldia_municipio": "Tlalnepantla de Baz", "bv_baseline": null, "bv_metro": 0.031296, "rank_baseline": null, "rank_metro": 242.0, "delta_metro_plot": 0.031296, "delta_metro_pct": null, "es_nodo_anillo": true, "tipo_cambio": "nodo_anillo"}, "geometry": {"type": "Point", "coordinates": [-99.179375332, 19.511604168]}}, {"type": "Feature", "properties": {"id": "(-99.17015, 19.31219)", "nombre": "Av. Aztecas", "sistema": "RTP", "alcaldia_municipio": "Coyoacán", "bv_baseline": 0.060857, "bv_metro": 0.031069, "rank_baseline": 78.0, "rank_metro": 243.0, "delta_metro_plot": -0.029788000000000002, "delta_metro_pct": -48.94753274068719, "es_nodo_anillo": false, "tipo_cambio": "pierde"}, "geometry": {"type": "Point", "coordinates": [-99.17015, 19.31219]}}, {"type": "Feature", "properties": {"id": "(-99.19203, 19.42576)", "nombre": "Auditorio", "sistema": "METRO", "alcaldia_municipio": "Miguel Hidalgo", "bv_baseline": 0.051601, "bv_metro": 0.030902, "rank_baseline": 119.0, "rank_metro": 244.0, "delta_metro_plot": -0.020699000000000002, "delta_metro_pct": -40.11356369062615, "es_nodo_anillo": false, "tipo_cambio": "pierde"}, "geometry": {"type": "Point", "coordinates": [-99.19203, 19.42576]}}, {"type": "Feature", "properties": {"id": "(-99.1429, 19.36198)", "nombre": "Ermita", "sistema": "METRO", "alcaldia_municipio": "Benito Juárez", "bv_baseline": 0.056028, "bv_metro": 0.030834, "rank_baseline": 95.0, "rank_metro": 245.0, "delta_metro_plot": -0.025194, "delta_metro_pct": -44.96680231312915, "es_nodo_anillo": false, "tipo_cambio": "pierde"}, "geometry": {"type": "Point", "coordinates": [-99.1429, 19.36198]}}, {"type": "Feature", "properties": {"id": "(-99.14002, 19.38005)", "nombre": "Nativitas", "sistema": "METRO", "alcaldia_municipio": "Benito Juárez", "bv_baseline": 0.055611, "bv_metro": 0.03055, "rank_baseline": 99.0, "rank_metro": 247.0, "delta_metro_plot": -0.025061, "delta_metro_pct": -45.064825304346265, "es_nodo_anillo": false, "tipo_cambio": "pierde"}, "geometry": {"type": "Point", "coordinates": [-99.14002, 19.38005]}}, {"type": "Feature", "properties": {"id": "(-99.10717, 19.25622)", "nombre": "Ramírez Castillo", "sistema": "RTP", "alcaldia_municipio": "Xochimilco", "bv_baseline": 0.012464, "bv_metro": 0.030053, "rank_baseline": 510.0, "rank_metro": 250.0, "delta_metro_plot": 0.017589, "delta_metro_pct": 141.1184210526316, "es_nodo_anillo": false, "tipo_cambio": "gana"}, "geometry": {"type": "Point", "coordinates": [-99.10717, 19.25622]}}, {"type": "Feature", "properties": {"id": "(-99.154068179, 19.514609462)", "nombre": "Fábricas/Periférico", "sistema": "METRO", "alcaldia_municipio": "Tlalnepantla de Baz", "bv_baseline": null, "bv_metro": 0.029972, "rank_baseline": null, "rank_metro": 252.0, "delta_metro_plot": 0.029972, "delta_metro_pct": null, "es_nodo_anillo": true, "tipo_cambio": "nodo_anillo"}, "geometry": {"type": "Point", "coordinates": [-99.154068179, 19.514609462]}}, {"type": "Feature", "properties": {"id": "(-99.11541, 19.28972)", "nombre": "Anillo Periférico Canal de Garay - Cafetales", "sistema": "RTP", "alcaldia_municipio": "Tlalpan", "bv_baseline": 0.00018, "bv_metro": 0.029775, "rank_baseline": 7843.0, "rank_metro": 253.0, "delta_metro_plot": 0.029595, "delta_metro_pct": 16441.666666666664, "es_nodo_anillo": false, "tipo_cambio": "gana"}, "geometry": {"type": "Point", "coordinates": [-99.11541, 19.28972]}}, {"type": "Feature", "properties": {"id": "(-99.19177, 19.44501)", "nombre": "San Joaquín", "sistema": "METRO", "alcaldia_municipio": "Miguel Hidalgo", "bv_baseline": 0.041586, "bv_metro": 0.028828, "rank_baseline": 158.0, "rank_metro": 255.0, "delta_metro_plot": -0.012757999999999999, "delta_metro_pct": -30.678593757514545, "es_nodo_anillo": false, "tipo_cambio": "pierde"}, "geometry": {"type": "Point", "coordinates": [-99.19177, 19.44501]}}, {"type": "Feature", "properties": {"id": "(-99.14471, 19.48934)", "nombre": "Instituto del Petróleo", "sistema": "METRO", "alcaldia_municipio": "Gustavo A. Madero", "bv_baseline": 0.057335, "bv_metro": 0.028471, "rank_baseline": 89.0, "rank_metro": 256.0, "delta_metro_plot": -0.028863999999999997, "delta_metro_pct": -50.342722595273386, "es_nodo_anillo": false, "tipo_cambio": "pierde"}, "geometry": {"type": "Point", "coordinates": [-99.14471, 19.48934]}}, {"type": "Feature", "properties": {"id": "(-99.06138, 19.46167)", "nombre": "Villa de Aragón", "sistema": "METRO", "alcaldia_municipio": "Gustavo A. Madero", "bv_baseline": 0.003076, "bv_metro": 0.028203, "rank_baseline": 2052.0, "rank_metro": 258.0, "delta_metro_plot": 0.025127, "delta_metro_pct": 816.8725617685305, "es_nodo_anillo": false, "tipo_cambio": "gana"}, "geometry": {"type": "Point", "coordinates": [-99.06138, 19.46167]}}, {"type": "Feature", "properties": {"id": "(-99.18581, 19.39149)", "nombre": "San Pedro de los Pinos", "sistema": "METRO", "alcaldia_municipio": "Benito Juárez", "bv_baseline": 0.008691, "bv_metro": 0.027853, "rank_baseline": 727.0, "rank_metro": 260.0, "delta_metro_plot": 0.019162, "delta_metro_pct": 220.48095731216196, "es_nodo_anillo": false, "tipo_cambio": "gana"}, "geometry": {"type": "Point", "coordinates": [-99.18581, 19.39149]}}, {"type": "Feature", "properties": {"id": "(-99.13931, 19.32749)", "nombre": "Xotepingo", "sistema": "TL", "alcaldia_municipio": "Coyoacán", "bv_baseline": 0.07014, "bv_metro": 0.027456, "rank_baseline": 54.0, "rank_metro": 261.0, "delta_metro_plot": -0.04268399999999999, "delta_metro_pct": -60.855431993156536, "es_nodo_anillo": false, "tipo_cambio": "pierde"}, "geometry": {"type": "Point", "coordinates": [-99.13931, 19.32749]}}, {"type": "Feature", "properties": {"id": "(-99.108475, 19.25661)", "nombre": "Francisco Goytia y Gladiolas", "sistema": "CC", "alcaldia_municipio": "Xochimilco", "bv_baseline": 0.049806, "bv_metro": 0.027277, "rank_baseline": 129.0, "rank_metro": 262.0, "delta_metro_plot": -0.022529000000000004, "delta_metro_pct": -45.23350600329278, "es_nodo_anillo": false, "tipo_cambio": "pierde"}, "geometry": {"type": "Point", "coordinates": [-99.108475, 19.25661]}}, {"type": "Feature", "properties": {"id": "(-99.17421, 19.32478)", "nombre": "Paradero Metro Universidad lado poniente", "sistema": "RTP", "alcaldia_municipio": "Coyoacán", "bv_baseline": 0.058145, "bv_metro": 0.027089, "rank_baseline": 85.0, "rank_metro": 264.0, "delta_metro_plot": -0.031056000000000004, "delta_metro_pct": -53.411299337862246, "es_nodo_anillo": false, "tipo_cambio": "pierde"}, "geometry": {"type": "Point", "coordinates": [-99.17421, 19.32478]}}, {"type": "Feature", "properties": {"id": "(-99.17394, 19.32435)", "nombre": "Universidad", "sistema": "METRO", "alcaldia_municipio": "Coyoacán", "bv_baseline": 0.056979, "bv_metro": 0.026841, "rank_baseline": 91.0, "rank_metro": 265.0, "delta_metro_plot": -0.030138, "delta_metro_pct": -52.893171168325175, "es_nodo_anillo": false, "tipo_cambio": "pierde"}, "geometry": {"type": "Point", "coordinates": [-99.17394, 19.32435]}}, {"type": "Feature", "properties": {"id": "(-99.04896, 19.48575)", "nombre": "Impulsora", "sistema": "METRO", "alcaldia_municipio": "Nezahualcóyotl", "bv_baseline": 0.001131, "bv_metro": 0.026837, "rank_baseline": 3883.0, "rank_metro": 266.0, "delta_metro_plot": 0.025706, "delta_metro_pct": 2272.855879752431, "es_nodo_anillo": false, "tipo_cambio": "gana"}, "geometry": {"type": "Point", "coordinates": [-99.04896, 19.48575]}}, {"type": "Feature", "properties": {"id": "(-99.10623, 19.255912)", "nombre": "Francisco Goytia y Deportivo Xochimilco", "sistema": "CC", "alcaldia_municipio": "Xochimilco", "bv_baseline": 0.046955, "bv_metro": 0.026533, "rank_baseline": 138.0, "rank_metro": 267.0, "delta_metro_plot": -0.020421999999999996, "delta_metro_pct": -43.492705782131814, "es_nodo_anillo": false, "tipo_cambio": "pierde"}, "geometry": {"type": "Point", "coordinates": [-99.10623, 19.255912]}}, {"type": "Feature", "properties": {"id": "(-99.15998, 19.30068)", "nombre": "Periferico - Puente Estadio Azteca", "sistema": "CC", "alcaldia_municipio": "Coyoacán", "bv_baseline": 0.002525, "bv_metro": 0.026242, "rank_baseline": 2388.0, "rank_metro": 268.0, "delta_metro_plot": 0.023717000000000002, "delta_metro_pct": 939.2871287128714, "es_nodo_anillo": false, "tipo_cambio": "gana"}, "geometry": {"type": "Point", "coordinates": [-99.15998, 19.30068]}}, {"type": "Feature", "properties": {"id": "(-99.14921, 19.50068)", "nombre": "Politécnico", "sistema": "METRO", "alcaldia_municipio": "Gustavo A. Madero", "bv_baseline": 0.054919, "bv_metro": 0.026173, "rank_baseline": 103.0, "rank_metro": 270.0, "delta_metro_plot": -0.028746000000000004, "delta_metro_pct": -52.34254083286295, "es_nodo_anillo": false, "tipo_cambio": "pierde"}, "geometry": {"type": "Point", "coordinates": [-99.14921, 19.50068]}}, {"type": "Feature", "properties": {"id": "(-99.12555, 19.26792)", "nombre": "La Noria", "sistema": "TL", "alcaldia_municipio": "Xochimilco", "bv_baseline": 0.045262, "bv_metro": 0.026123, "rank_baseline": 145.0, "rank_metro": 271.0, "delta_metro_plot": -0.019138999999999996, "delta_metro_pct": -42.28491891653042, "es_nodo_anillo": false, "tipo_cambio": "pierde"}, "geometry": {"type": "Point", "coordinates": [-99.12555, 19.26792]}}, {"type": "Feature", "properties": {"id": "(-99.18877, 19.39547)", "nombre": "11 de Abril", "sistema": "RTP", "alcaldia_municipio": "Benito Juárez", "bv_baseline": 0.000616, "bv_metro": 0.026044, "rank_baseline": 5304.0, "rank_metro": 272.0, "delta_metro_plot": 0.025428000000000003, "delta_metro_pct": 4127.922077922078, "es_nodo_anillo": false, "tipo_cambio": "gana"}, "geometry": {"type": "Point", "coordinates": [-99.18877, 19.39547]}}, {"type": "Feature", "properties": {"id": "(-99.108483, 19.261934)", "nombre": "Gladiolas y Girasol", "sistema": "CC", "alcaldia_municipio": "Xochimilco", "bv_baseline": 0.045958, "bv_metro": 0.026021, "rank_baseline": 142.0, "rank_metro": 273.0, "delta_metro_plot": -0.019937, "delta_metro_pct": -43.38091300752861, "es_nodo_anillo": false, "tipo_cambio": "pierde"}, "geometry": {"type": "Point", "coordinates": [-99.108483, 19.261934]}}, {"type": "Feature", "properties": {"id": "(-99.188613, 19.391179)", "nombre": "Periferico", "sistema": "CC", "alcaldia_municipio": "Benito Juárez", "bv_baseline": 0.003808, "bv_metro": 0.025369, "rank_baseline": 1713.0, "rank_metro": 277.0, "delta_metro_plot": 0.021561, "delta_metro_pct": 566.2027310924369, "es_nodo_anillo": false, "tipo_cambio": "gana"}, "geometry": {"type": "Point", "coordinates": [-99.188613, 19.391179]}}, {"type": "Feature", "properties": {"id": "(-99.185973, 19.391556)", "nombre": "San Pedro de los Pinos", "sistema": "CC", "alcaldia_municipio": "Benito Juárez", "bv_baseline": 0.004057, "bv_metro": 0.025244, "rank_baseline": 1598.0, "rank_metro": 278.0, "delta_metro_plot": 0.021186999999999998, "delta_metro_pct": 522.2331772245501, "es_nodo_anillo": false, "tipo_cambio": "gana"}, "geometry": {"type": "Point", "coordinates": [-99.185973, 19.391556]}}, {"type": "Feature", "properties": {"id": "(-99.11354, 19.45514)", "nombre": "Consulado", "sistema": "METRO", "alcaldia_municipio": "Gustavo A. Madero", "bv_baseline": 0.039149, "bv_metro": 0.025009, "rank_baseline": 169.0, "rank_metro": 280.0, "delta_metro_plot": -0.014140000000000003, "delta_metro_pct": -36.118419372142334, "es_nodo_anillo": false, "tipo_cambio": "pierde"}, "geometry": {"type": "Point", "coordinates": [-99.11354, 19.45514]}}, {"type": "Feature", "properties": {"id": "(-99.09621, 19.45126)", "nombre": "Aragón", "sistema": "METRO", "alcaldia_municipio": "Gustavo A. Madero", "bv_baseline": 0.035889, "bv_metro": 0.024783, "rank_baseline": 181.0, "rank_metro": 283.0, "delta_metro_plot": -0.011105999999999998, "delta_metro_pct": -30.945415029674827, "es_nodo_anillo": false, "tipo_cambio": "pierde"}, "geometry": {"type": "Point", "coordinates": [-99.09621, 19.45126]}}, {"type": "Feature", "properties": {"id": "(-99.053908, 19.49352)", "nombre": "Av. Valle de Santiago y Anillo Periférico Blvd.", "sistema": "CC", "alcaldia_municipio": "Nezahualcóyotl", "bv_baseline": 0.002996, "bv_metro": 0.02411, "rank_baseline": 2114.0, "rank_metro": 287.0, "delta_metro_plot": 0.021114, "delta_metro_pct": 704.7396528704941, "es_nodo_anillo": false, "tipo_cambio": "gana"}, "geometry": {"type": "Point", "coordinates": [-99.053908, 19.49352]}}, {"type": "Feature", "properties": {"id": "(-99.11949, 19.45887)", "nombre": "Valle Gómez", "sistema": "METRO", "alcaldia_municipio": "Gustavo A. Madero", "bv_baseline": 0.038901, "bv_metro": 0.023458, "rank_baseline": 171.0, "rank_metro": 292.0, "delta_metro_plot": -0.015442999999999998, "delta_metro_pct": -39.698208272280915, "es_nodo_anillo": false, "tipo_cambio": "pierde"}, "geometry": {"type": "Point", "coordinates": [-99.11949, 19.45887]}}, {"type": "Feature", "properties": {"id": "(-99.11723, 19.28817)", "nombre": "Anillo Periférico Blvd. Adolfo Ruiz Cortines - Cafetales", "sistema": "RTP", "alcaldia_municipio": "Xochimilco", "bv_baseline": 0.002496, "bv_metro": 0.023249, "rank_baseline": 2403.0, "rank_metro": 293.0, "delta_metro_plot": 0.020753, "delta_metro_pct": 831.4503205128206, "es_nodo_anillo": false, "tipo_cambio": "gana"}, "geometry": {"type": "Point", "coordinates": [-99.11723, 19.28817]}}, {"type": "Feature", "properties": {"id": "(-99.14062, 19.33171)", "nombre": "La Virgen", "sistema": "TL", "alcaldia_municipio": "Coyoacán", "bv_baseline": 0.05642, "bv_metro": 0.022265, "rank_baseline": 93.0, "rank_metro": 302.0, "delta_metro_plot": -0.034155, "delta_metro_pct": -60.53704360155973, "es_nodo_anillo": false, "tipo_cambio": "pierde"}, "geometry": {"type": "Point", "coordinates": [-99.14062, 19.33171]}}, {"type": "Feature", "properties": {"id": "(-99.14494, 19.35276)", "nombre": "Calz. de Tlalpan - Metro General Anaya", "sistema": "RTP", "alcaldia_municipio": "Coyoacán", "bv_baseline": 0.051517, "bv_metro": 0.021901, "rank_baseline": 120.0, "rank_metro": 303.0, "delta_metro_plot": -0.029616, "delta_metro_pct": -57.48781955471009, "es_nodo_anillo": false, "tipo_cambio": "pierde"}, "geometry": {"type": "Point", "coordinates": [-99.14494, 19.35276]}}, {"type": "Feature", "properties": {"id": "(-99.10426, 19.25495)", "nombre": "Francisco Goytia - 5 de Mayo", "sistema": "RTP", "alcaldia_municipio": "Xochimilco", "bv_baseline": 0.005491, "bv_metro": 0.021539, "rank_baseline": 1137.0, "rank_metro": 306.0, "delta_metro_plot": 0.016048, "delta_metro_pct": 292.2600619195046, "es_nodo_anillo": false, "tipo_cambio": "gana"}, "geometry": {"type": "Point", "coordinates": [-99.10426, 19.25495]}}, {"type": "Feature", "properties": {"id": "(-99.14448, 19.34565)", "nombre": "Cerro de Jesús", "sistema": "RTP", "alcaldia_municipio": "Coyoacán", "bv_baseline": 0.051094, "bv_metro": 0.021513, "rank_baseline": 121.0, "rank_metro": 307.0, "delta_metro_plot": -0.029581, "delta_metro_pct": -57.89525188867577, "es_nodo_anillo": false, "tipo_cambio": "pierde"}, "geometry": {"type": "Point", "coordinates": [-99.14448, 19.34565]}}, {"type": "Feature", "properties": {"id": "(-99.14501, 19.34825)", "nombre": "Calz. de Tlalpan - Patinadores", "sistema": "RTP", "alcaldia_municipio": "Coyoacán", "bv_baseline": 0.050685, "bv_metro": 0.021165, "rank_baseline": 126.0, "rank_metro": 310.0, "delta_metro_plot": -0.02952, "delta_metro_pct": -58.242083456643975, "es_nodo_anillo": false, "tipo_cambio": "pierde"}, "geometry": {"type": "Point", "coordinates": [-99.14501, 19.34825]}}, {"type": "Feature", "properties": {"id": "(-99.1524, 19.29084)", "nombre": "Anillo Periférico Blvd. Adolfo Ruiz Cortines - Cardiología", "sistema": "RTP", "alcaldia_municipio": "Tlalpan", "bv_baseline": 2.5e-05, "bv_metro": 0.021153, "rank_baseline": 9360.0, "rank_metro": 311.0, "delta_metro_plot": 0.021128, "delta_metro_pct": 84512.0, "es_nodo_anillo": false, "tipo_cambio": "gana"}, "geometry": {"type": "Point", "coordinates": [-99.1524, 19.29084]}}, {"type": "Feature", "properties": {"id": "(-99.14065, 19.47907)", "nombre": "Autobuses del Norte", "sistema": "METRO", "alcaldia_municipio": "Gustavo A. Madero", "bv_baseline": 0.039184, "bv_metro": 0.021049, "rank_baseline": 168.0, "rank_metro": 314.0, "delta_metro_plot": -0.018135, "delta_metro_pct": -46.28164556962025, "es_nodo_anillo": false, "tipo_cambio": "pierde"}, "geometry": {"type": "Point", "coordinates": [-99.14065, 19.47907]}}, {"type": "Feature", "properties": {"id": "(-99.06957, 19.40462)", "nombre": "Agrícola Oriental", "sistema": "METRO", "alcaldia_municipio": "Iztacalco", "bv_baseline": 0.0367, "bv_metro": 0.020692, "rank_baseline": 179.0, "rank_metro": 316.0, "delta_metro_plot": -0.016008000000000005, "delta_metro_pct": -43.61852861035423, "es_nodo_anillo": false, "tipo_cambio": "pierde"}, "geometry": {"type": "Point", "coordinates": [-99.06957, 19.40462]}}, {"type": "Feature", "properties": {"id": "(-99.14706, 19.30183)", "nombre": "Estadio Azteca", "sistema": "TL", "alcaldia_municipio": "Coyoacán", "bv_baseline": 0.051087, "bv_metro": 0.020591, "rank_baseline": 122.0, "rank_metro": 318.0, "delta_metro_plot": -0.030496, "delta_metro_pct": -59.69424706872589, "es_nodo_anillo": false, "tipo_cambio": "pierde"}, "geometry": {"type": "Point", "coordinates": [-99.14706, 19.30183]}}, {"type": "Feature", "properties": {"id": "(-99.13454, 19.41602)", "nombre": "San Antonio Abad", "sistema": "METRO", "alcaldia_municipio": "Cuauhtémoc", "bv_baseline": 0.031038, "bv_metro": 0.020038, "rank_baseline": 207.0, "rank_metro": 323.0, "delta_metro_plot": -0.011, "delta_metro_pct": -35.44042786262001, "es_nodo_anillo": false, "tipo_cambio": "pierde"}, "geometry": {"type": "Point", "coordinates": [-99.13454, 19.41602]}}, {"type": "Feature", "properties": {"id": "(-99.15902, 19.29272)", "nombre": "Chimalcoyotl", "sistema": "RTP", "alcaldia_municipio": "Tlalpan", "bv_baseline": 0.009078, "bv_metro": 0.019684, "rank_baseline": 696.0, "rank_metro": 327.0, "delta_metro_plot": 0.010606, "delta_metro_pct": 116.83190129984578, "es_nodo_anillo": false, "tipo_cambio": "gana"}, "geometry": {"type": "Point", "coordinates": [-99.15902, 19.29272]}}, {"type": "Feature", "properties": {"id": "(-99.137226, 19.46991)", "nombre": "CETRAM La Raza BASE", "sistema": "CC", "alcaldia_municipio": "Gustavo A. Madero", "bv_baseline": 0.031958, "bv_metro": 0.019614, "rank_baseline": 202.0, "rank_metro": 328.0, "delta_metro_plot": -0.012344, "delta_metro_pct": -38.625696226297016, "es_nodo_anillo": false, "tipo_cambio": "pierde"}, "geometry": {"type": "Point", "coordinates": [-99.137226, 19.46991]}}, {"type": "Feature", "properties": {"id": "(-99.19163, 19.42555)", "nombre": "Paseo de la Reforma - Ruben Dario y Calz. Chivatito", "sistema": "RTP", "alcaldia_municipio": "Miguel Hidalgo", "bv_baseline": 0.030948, "bv_metro": 0.019299, "rank_baseline": 208.0, "rank_metro": 333.0, "delta_metro_plot": -0.011649, "delta_metro_pct": -37.640558355951924, "es_nodo_anillo": false, "tipo_cambio": "pierde"}, "geometry": {"type": "Point", "coordinates": [-99.19163, 19.42555]}}, {"type": "Feature", "properties": {"id": "(-99.11124, 19.26074)", "nombre": "Francisco Goitia", "sistema": "TL", "alcaldia_municipio": "Xochimilco", "bv_baseline": 0.034785, "bv_metro": 0.019002, "rank_baseline": 183.0, "rank_metro": 336.0, "delta_metro_plot": -0.015783000000000002, "delta_metro_pct": -45.3730056058646, "es_nodo_anillo": false, "tipo_cambio": "pierde"}, "geometry": {"type": "Point", "coordinates": [-99.11124, 19.26074]}}, {"type": "Feature", "properties": {"id": "(-99.13453, 19.51785)", "nombre": "Acueducto", "sistema": "RTP", "alcaldia_municipio": "Gustavo A. Madero", "bv_baseline": 0.0017, "bv_metro": 0.018675, "rank_baseline": 3068.0, "rank_metro": 340.0, "delta_metro_plot": 0.016975, "delta_metro_pct": 998.529411764706, "es_nodo_anillo": false, "tipo_cambio": "gana"}, "geometry": {"type": "Point", "coordinates": [-99.13453, 19.51785]}}, {"type": "Feature", "properties": {"id": "(-99.15125, 19.36195)", "nombre": "Popocatépetl", "sistema": "TROLE", "alcaldia_municipio": "Benito Juárez", "bv_baseline": 0.041537, "bv_metro": 0.018284, "rank_baseline": 159.0, "rank_metro": 346.0, "delta_metro_plot": -0.023252999999999996, "delta_metro_pct": -55.98141416086862, "es_nodo_anillo": false, "tipo_cambio": "pierde"}, "geometry": {"type": "Point", "coordinates": [-99.15125, 19.36195]}}, {"type": "Feature", "properties": {"id": "(-99.14307, 19.3072)", "nombre": "El Vergel", "sistema": "TL", "alcaldia_municipio": "Coyoacán", "bv_baseline": 0.052132, "bv_metro": 0.017742, "rank_baseline": 115.0, "rank_metro": 352.0, "delta_metro_plot": -0.03439, "delta_metro_pct": -65.96716028542929, "es_nodo_anillo": false, "tipo_cambio": "pierde"}, "geometry": {"type": "Point", "coordinates": [-99.14307, 19.3072]}}, {"type": "Feature", "properties": {"id": "(-99.11674, 19.26817)", "nombre": "Prol. División del Norte - Condominios San Marcos", "sistema": "RTP", "alcaldia_municipio": "Xochimilco", "bv_baseline": 0.002401, "bv_metro": 0.017567, "rank_baseline": 2470.0, "rank_metro": 355.0, "delta_metro_plot": 0.015165999999999999, "delta_metro_pct": 631.6534777176176, "es_nodo_anillo": false, "tipo_cambio": "gana"}, "geometry": {"type": "Point", "coordinates": [-99.11674, 19.26817]}}, {"type": "Feature", "properties": {"id": "(-99.14517, 19.35339)", "nombre": "20 de Agosto y Calz. de Tlalpan", "sistema": "RTP", "alcaldia_municipio": "Coyoacán", "bv_baseline": 0.04019, "bv_metro": 0.017362, "rank_baseline": 165.0, "rank_metro": 358.0, "delta_metro_plot": -0.022827999999999998, "delta_metro_pct": -56.80019905449117, "es_nodo_anillo": false, "tipo_cambio": "pierde"}, "geometry": {"type": "Point", "coordinates": [-99.14517, 19.35339]}}, {"type": "Feature", "properties": {"id": "(-99.13816, 19.32379)", "nombre": "Nezahualpilli", "sistema": "TL", "alcaldia_municipio": "Coyoacán", "bv_baseline": 0.041429, "bv_metro": 0.017168, "rank_baseline": 160.0, "rank_metro": 361.0, "delta_metro_plot": -0.024261, "delta_metro_pct": -58.560428685220494, "es_nodo_anillo": false, "tipo_cambio": "pierde"}, "geometry": {"type": "Point", "coordinates": [-99.13816, 19.32379]}}, {"type": "Feature", "properties": {"id": "(-99.10253, 19.29445)", "nombre": "Anillo Periférico Canal de Garay - Canal Nacional", "sistema": "RTP", "alcaldia_municipio": "Xochimilco", "bv_baseline": 0.004847, "bv_metro": 0.016764, "rank_baseline": 1307.0, "rank_metro": 365.0, "delta_metro_plot": 0.011917, "delta_metro_pct": 245.863420672581, "es_nodo_anillo": false, "tipo_cambio": "gana"}, "geometry": {"type": "Point", "coordinates": [-99.10253, 19.29445]}}, {"type": "Feature", "properties": {"id": "(-99.13879, 19.31795)", "nombre": "Registro Federal", "sistema": "TL", "alcaldia_municipio": "Coyoacán", "bv_baseline": 0.03374, "bv_metro": 0.016492, "rank_baseline": 192.0, "rank_metro": 371.0, "delta_metro_plot": -0.017248, "delta_metro_pct": -51.120331950207465, "es_nodo_anillo": false, "tipo_cambio": "pierde"}, "geometry": {"type": "Point", "coordinates": [-99.13879, 19.31795]}}, {"type": "Feature", "properties": {"id": "(-99.11589, 19.28924)", "nombre": "Anillo Periférico Canal de Garay - Cafetales", "sistema": "RTP", "alcaldia_municipio": "Tlalpan", "bv_baseline": 0.000758, "bv_metro": 0.016388, "rank_baseline": 4781.0, "rank_metro": 375.0, "delta_metro_plot": 0.015629999999999998, "delta_metro_pct": 2062.0052770448547, "es_nodo_anillo": false, "tipo_cambio": "gana"}, "geometry": {"type": "Point", "coordinates": [-99.11589, 19.28924]}}, {"type": "Feature", "properties": {"id": "(-99.14497, 19.34591)", "nombre": "Calz. de Tlalpan - Parque San Andres", "sistema": "RTP", "alcaldia_municipio": "Coyoacán", "bv_baseline": 0.039076, "bv_metro": 0.016363, "rank_baseline": 170.0, "rank_metro": 376.0, "delta_metro_plot": -0.022713, "delta_metro_pct": -58.12519193366773, "es_nodo_anillo": false, "tipo_cambio": "pierde"}, "geometry": {"type": "Point", "coordinates": [-99.14497, 19.34591]}}, {"type": "Feature", "properties": {"id": "(-99.055006, 19.4917)", "nombre": "Av. Valle de Santiago y Av. Valle del Volga", "sistema": "CC", "alcaldia_municipio": "Nezahualcóyotl", "bv_baseline": 0.003819, "bv_metro": 0.016002, "rank_baseline": 1709.0, "rank_metro": 384.0, "delta_metro_plot": 0.012183, "delta_metro_pct": 319.0102120974077, "es_nodo_anillo": false, "tipo_cambio": "gana"}, "geometry": {"type": "Point", "coordinates": [-99.055006, 19.4917]}}, {"type": "Feature", "properties": {"id": "(-99.18823, 19.45938)", "nombre": "Tacuba", "sistema": "METRO", "alcaldia_municipio": "Miguel Hidalgo", "bv_baseline": 0.025854, "bv_metro": 0.015757, "rank_baseline": 227.0, "rank_metro": 390.0, "delta_metro_plot": -0.010096999999999998, "delta_metro_pct": -39.05391815579794, "es_nodo_anillo": false, "tipo_cambio": "pierde"}, "geometry": {"type": "Point", "coordinates": [-99.18823, 19.45938]}}, {"type": "Feature", "properties": {"id": "(-99.078912, 19.450941)", "nombre": "Av. Oceanía y Metro Deportivo Oceanía", "sistema": "CC", "alcaldia_municipio": "Gustavo A. Madero", "bv_baseline": 0.033733, "bv_metro": 0.015169, "rank_baseline": 193.0, "rank_metro": 398.0, "delta_metro_plot": -0.018563999999999997, "delta_metro_pct": -55.03216434945009, "es_nodo_anillo": false, "tipo_cambio": "pierde"}, "geometry": {"type": "Point", "coordinates": [-99.078912, 19.450941]}}, {"type": "Feature", "properties": {"id": "(-99.1431, 19.51797)", "nombre": "Prolongación Río San Joaquin", "sistema": "RTP", "alcaldia_municipio": "Gustavo A. Madero", "bv_baseline": 0.002249, "bv_metro": 0.014829, "rank_baseline": 2579.0, "rank_metro": 403.0, "delta_metro_plot": 0.012580000000000001, "delta_metro_pct": 559.3597154290795, "es_nodo_anillo": false, "tipo_cambio": "gana"}, "geometry": {"type": "Point", "coordinates": [-99.1431, 19.51797]}}, {"type": "Feature", "properties": {"id": "(-99.147477, 19.342344)", "nombre": "Central", "sistema": "TROLE", "alcaldia_municipio": "Coyoacán", "bv_baseline": 0.040758, "bv_metro": 0.01467, "rank_baseline": 161.0, "rank_metro": 408.0, "delta_metro_plot": -0.026088, "delta_metro_pct": -64.00706609745326, "es_nodo_anillo": false, "tipo_cambio": "pierde"}, "geometry": {"type": "Point", "coordinates": [-99.147477, 19.342344]}}, {"type": "Feature", "properties": {"id": "(-99.20339, 19.42716)", "nombre": "Paseo de la Reforma - Fuente de Petróleos", "sistema": "CC", "alcaldia_municipio": "Miguel Hidalgo", "bv_baseline": 0.000849, "bv_metro": 0.014091, "rank_baseline": 4518.0, "rank_metro": 426.0, "delta_metro_plot": 0.013241999999999999, "delta_metro_pct": 1559.7173144876322, "es_nodo_anillo": false, "tipo_cambio": "gana"}, "geometry": {"type": "Point", "coordinates": [-99.20339, 19.42716]}}, {"type": "Feature", "properties": {"id": "(-99.11134, 19.34798)", "nombre": "Pueblo los Reyes", "sistema": "MB", "alcaldia_municipio": "Iztapalapa", "bv_baseline": 0.037433, "bv_metro": 0.014067, "rank_baseline": 174.0, "rank_metro": 428.0, "delta_metro_plot": -0.023366, "delta_metro_pct": -62.42085860069992, "es_nodo_anillo": false, "tipo_cambio": "pierde"}, "geometry": {"type": "Point", "coordinates": [-99.11134, 19.34798]}}, {"type": "Feature", "properties": {"id": "(-99.15943, 19.3038)", "nombre": "Iman - Diamantes", "sistema": "CC", "alcaldia_municipio": "Coyoacán", "bv_baseline": 0.003012, "bv_metro": 0.014045, "rank_baseline": 2100.0, "rank_metro": 429.0, "delta_metro_plot": 0.011033000000000001, "delta_metro_pct": 366.30146082337325, "es_nodo_anillo": false, "tipo_cambio": "gana"}, "geometry": {"type": "Point", "coordinates": [-99.15943, 19.3038]}}, {"type": "Feature", "properties": {"id": "(-99.14987, 19.34589)", "nombre": "América", "sistema": "TROLE", "alcaldia_municipio": "Coyoacán", "bv_baseline": 0.039725, "bv_metro": 0.013949, "rank_baseline": 166.0, "rank_metro": 431.0, "delta_metro_plot": -0.025776000000000004, "delta_metro_pct": -64.8860918816866, "es_nodo_anillo": false, "tipo_cambio": "pierde"}, "geometry": {"type": "Point", "coordinates": [-99.14987, 19.34589]}}, {"type": "Feature", "properties": {"id": "(-99.15505, 19.29513)", "nombre": "Periférico - Calz. de Tlalpan", "sistema": "CC", "alcaldia_municipio": "Tlalpan", "bv_baseline": 0.000806, "bv_metro": 0.013949, "rank_baseline": 4667.0, "rank_metro": 431.0, "delta_metro_plot": 0.013143, "delta_metro_pct": 1630.6451612903227, "es_nodo_anillo": false, "tipo_cambio": "gana"}, "geometry": {"type": "Point", "coordinates": [-99.15505, 19.29513]}}, {"type": "Feature", "properties": {"id": "(-99.15075, 19.34978)", "nombre": "Irlanda", "sistema": "TROLE", "alcaldia_municipio": "Coyoacán", "bv_baseline": 0.039431, "bv_metro": 0.013904, "rank_baseline": 167.0, "rank_metro": 434.0, "delta_metro_plot": -0.025527, "delta_metro_pct": -64.73840379396921, "es_nodo_anillo": false, "tipo_cambio": "pierde"}, "geometry": {"type": "Point", "coordinates": [-99.15075, 19.34978]}}, {"type": "Feature", "properties": {"id": "(-99.1335, 19.40856)", "nombre": "Calz. Chabacano - José Antonio Torres", "sistema": "RTP", "alcaldia_municipio": "Cuauhtémoc", "bv_baseline": 0.0239, "bv_metro": 0.013876, "rank_baseline": 242.0, "rank_metro": 435.0, "delta_metro_plot": -0.010024000000000002, "delta_metro_pct": -41.94142259414227, "es_nodo_anillo": false, "tipo_cambio": "pierde"}, "geometry": {"type": "Point", "coordinates": [-99.1335, 19.40856]}}, {"type": "Feature", "properties": {"id": "(-99.11244, 19.34313)", "nombre": "Barrio San Antonio", "sistema": "MB", "alcaldia_municipio": "Iztapalapa", "bv_baseline": 0.037234, "bv_metro": 0.013866, "rank_baseline": 175.0, "rank_metro": 437.0, "delta_metro_plot": -0.023368000000000003, "delta_metro_pct": -62.75984315410646, "es_nodo_anillo": false, "tipo_cambio": "pierde"}, "geometry": {"type": "Point", "coordinates": [-99.11244, 19.34313]}}, {"type": "Feature", "properties": {"id": "(-99.13547, 19.40863)", "nombre": "Calz. San Antonio Abad - Calz. Chabacano", "sistema": "RTP", "alcaldia_municipio": "Cuauhtémoc", "bv_baseline": 0.023839, "bv_metro": 0.013783, "rank_baseline": 243.0, "rank_metro": 440.0, "delta_metro_plot": -0.010055999999999999, "delta_metro_pct": -42.18297747388732, "es_nodo_anillo": false, "tipo_cambio": "pierde"}, "geometry": {"type": "Point", "coordinates": [-99.13547, 19.40863]}}, {"type": "Feature", "properties": {"id": "(-99.11315, 19.33372)", "nombre": "Cafetales", "sistema": "MB", "alcaldia_municipio": "Coyoacán", "bv_baseline": 0.03702, "bv_metro": 0.013662, "rank_baseline": 176.0, "rank_metro": 447.0, "delta_metro_plot": -0.023357999999999997, "delta_metro_pct": -63.09562398703404, "es_nodo_anillo": false, "tipo_cambio": "pierde"}, "geometry": {"type": "Point", "coordinates": [-99.11315, 19.33372]}}, {"type": "Feature", "properties": {"id": "(-99.11354, 19.32921)", "nombre": "ESIME Culhuacán", "sistema": "MB", "alcaldia_municipio": "Coyoacán", "bv_baseline": 0.036928, "bv_metro": 0.013578, "rank_baseline": 177.0, "rank_metro": 449.0, "delta_metro_plot": -0.023350000000000003, "delta_metro_pct": -63.23115251299827, "es_nodo_anillo": false, "tipo_cambio": "pierde"}, "geometry": {"type": "Point", "coordinates": [-99.11354, 19.32921]}}, {"type": "Feature", "properties": {"id": "(-99.10549, 19.25575)", "nombre": "Francisco Goitia", "sistema": "RTP", "alcaldia_municipio": "Xochimilco", "bv_baseline": 0.002695, "bv_metro": 0.012739, "rank_baseline": 2281.0, "rank_metro": 479.0, "delta_metro_plot": 0.010044, "delta_metro_pct": 372.69016697588137, "es_nodo_anillo": false, "tipo_cambio": "gana"}, "geometry": {"type": "Point", "coordinates": [-99.10549, 19.25575]}}, {"type": "Feature", "properties": {"id": "(-99.12066, 19.28675)", "nombre": "Anillo Periférico Blvd. Adolfo Ruiz Cortines - Río Buenaventura", "sistema": "RTP", "alcaldia_municipio": "Xochimilco", "bv_baseline": 0.002351, "bv_metro": 0.012555, "rank_baseline": 2507.0, "rank_metro": 483.0, "delta_metro_plot": 0.010204000000000001, "delta_metro_pct": 434.0280731603574, "es_nodo_anillo": false, "tipo_cambio": "gana"}, "geometry": {"type": "Point", "coordinates": [-99.12066, 19.28675]}}, {"type": "Feature", "properties": {"id": "(-99.10568, 19.25757)", "nombre": "Cuitlahuac", "sistema": "RTP", "alcaldia_municipio": "Xochimilco", "bv_baseline": 0.002336, "bv_metro": 0.012383, "rank_baseline": 2522.0, "rank_metro": 491.0, "delta_metro_plot": 0.010047, "delta_metro_pct": 430.09417808219183, "es_nodo_anillo": false, "tipo_cambio": "gana"}, "geometry": {"type": "Point", "coordinates": [-99.10568, 19.25757]}}, {"type": "Feature", "properties": {"id": "(-99.16022, 19.29152)", "nombre": "Tlalpan - San Fernando Hospital General", "sistema": "CC", "alcaldia_municipio": "Tlalpan", "bv_baseline": 0.000749, "bv_metro": 0.012262, "rank_baseline": 4843.0, "rank_metro": 497.0, "delta_metro_plot": 0.011513, "delta_metro_pct": 1537.1161548731643, "es_nodo_anillo": false, "tipo_cambio": "gana"}, "geometry": {"type": "Point", "coordinates": [-99.16022, 19.29152]}}, {"type": "Feature", "properties": {"id": "(-99.13274, 19.4775)", "nombre": "Av. Insurgentes Norte 2", "sistema": "RTP", "alcaldia_municipio": "Gustavo A. Madero", "bv_baseline": 0.029592, "bv_metro": 0.01213, "rank_baseline": 212.0, "rank_metro": 499.0, "delta_metro_plot": -0.017462, "delta_metro_pct": -59.00919167342524, "es_nodo_anillo": false, "tipo_cambio": "pierde"}, "geometry": {"type": "Point", "coordinates": [-99.13274, 19.4775]}}, {"type": "Feature", "properties": {"id": "(-99.14946, 19.34523)", "nombre": "América", "sistema": "TROLE", "alcaldia_municipio": "Coyoacán", "bv_baseline": 0.03681, "bv_metro": 0.012059, "rank_baseline": 178.0, "rank_metro": 501.0, "delta_metro_plot": -0.024751000000000002, "delta_metro_pct": -67.23988046726433, "es_nodo_anillo": false, "tipo_cambio": "pierde"}, "geometry": {"type": "Point", "coordinates": [-99.14946, 19.34523]}}, {"type": "Feature", "properties": {"id": "(-99.16889, 19.31135)", "nombre": "Totonacas", "sistema": "RTP", "alcaldia_municipio": "Coyoacán", "bv_baseline": 0.024259, "bv_metro": 0.011694, "rank_baseline": 238.0, "rank_metro": 519.0, "delta_metro_plot": -0.012565, "delta_metro_pct": -51.79521002514531, "es_nodo_anillo": false, "tipo_cambio": "pierde"}, "geometry": {"type": "Point", "coordinates": [-99.16889, 19.31135]}}, {"type": "Feature", "properties": {"id": "(-99.16586, 19.30932)", "nombre": "Planta de Asfalto No. 263", "sistema": "RTP", "alcaldia_municipio": "Coyoacán", "bv_baseline": 0.023159, "bv_metro": 0.011308, "rank_baseline": 258.0, "rank_metro": 537.0, "delta_metro_plot": -0.011850999999999999, "delta_metro_pct": -51.17233041150308, "es_nodo_anillo": false, "tipo_cambio": "pierde"}, "geometry": {"type": "Point", "coordinates": [-99.16586, 19.30932]}}, {"type": "Feature", "properties": {"id": "(-99.14756, 19.30154)", "nombre": "Calz. de Tlalpan - Estadio Azteca", "sistema": "RTP", "alcaldia_municipio": "Coyoacán", "bv_baseline": 0.024165, "bv_metro": 0.011011, "rank_baseline": 239.0, "rank_metro": 547.0, "delta_metro_plot": -0.013153999999999999, "delta_metro_pct": -54.43409890337264, "es_nodo_anillo": false, "tipo_cambio": "pierde"}, "geometry": {"type": "Point", "coordinates": [-99.14756, 19.30154]}}, {"type": "Feature", "properties": {"id": "(-99.15908, 19.29235)", "nombre": "Tlalpan - INER", "sistema": "CC", "alcaldia_municipio": "Tlalpan", "bv_baseline": 0.000491, "bv_metro": 0.010918, "rank_baseline": 5791.0, "rank_metro": 553.0, "delta_metro_plot": 0.010427, "delta_metro_pct": 2123.6252545824846, "es_nodo_anillo": false, "tipo_cambio": "gana"}, "geometry": {"type": "Point", "coordinates": [-99.15908, 19.29235]}}, {"type": "Feature", "properties": {"id": "(-99.11134, 19.35663)", "nombre": "Ermita Iztapalapa", "sistema": "MB", "alcaldia_municipio": "Iztapalapa", "bv_baseline": 0.027044, "bv_metro": 0.010713, "rank_baseline": 224.0, "rank_metro": 559.0, "delta_metro_plot": -0.016331, "delta_metro_pct": -60.386777103978694, "es_nodo_anillo": false, "tipo_cambio": "pierde"}, "geometry": {"type": "Point", "coordinates": [-99.11134, 19.35663]}}, {"type": "Feature", "properties": {"id": "(-99.19197, 19.44501)", "nombre": "Lago Hielmar - Lago Ginebra", "sistema": "CC", "alcaldia_municipio": "Miguel Hidalgo", "bv_baseline": 0.0208, "bv_metro": 0.010599, "rank_baseline": 286.0, "rank_metro": 569.0, "delta_metro_plot": -0.010200999999999998, "delta_metro_pct": -49.04326923076922, "es_nodo_anillo": false, "tipo_cambio": "pierde"}, "geometry": {"type": "Point", "coordinates": [-99.19197, 19.44501]}}, {"type": "Feature", "properties": {"id": "(-99.18938, 19.36148)", "nombre": "Metro Barranca del Muerto", "sistema": "RTP", "alcaldia_municipio": "Álvaro Obregón", "bv_baseline": 0.02211, "bv_metro": 0.009566, "rank_baseline": 267.0, "rank_metro": 619.0, "delta_metro_plot": -0.012544000000000001, "delta_metro_pct": -56.73450927182271, "es_nodo_anillo": false, "tipo_cambio": "pierde"}, "geometry": {"type": "Point", "coordinates": [-99.18938, 19.36148]}}, {"type": "Feature", "properties": {"id": "(-99.11266, 19.39026)", "nombre": "Oriente 116", "sistema": "MB", "alcaldia_municipio": "Iztacalco", "bv_baseline": 0.020346, "bv_metro": 0.008952, "rank_baseline": 292.0, "rank_metro": 645.0, "delta_metro_plot": -0.011394, "delta_metro_pct": -56.0011795930404, "es_nodo_anillo": false, "tipo_cambio": "pierde"}, "geometry": {"type": "Point", "coordinates": [-99.11266, 19.39026]}}, {"type": "Feature", "properties": {"id": "(-99.149177, 19.342584)", "nombre": "Division Del Norte", "sistema": "TROLE", "alcaldia_municipio": "Coyoacán", "bv_baseline": 0.021216, "bv_metro": 0.008234, "rank_baseline": 281.0, "rank_metro": 681.0, "delta_metro_plot": -0.012981999999999999, "delta_metro_pct": -61.189668174962286, "es_nodo_anillo": false, "tipo_cambio": "pierde"}, "geometry": {"type": "Point", "coordinates": [-99.149177, 19.342584]}}, {"type": "Feature", "properties": {"id": "(-99.113, 19.33876)", "nombre": "Calzada Taxqueña", "sistema": "MB", "alcaldia_municipio": "Iztapalapa", "bv_baseline": 0.023207, "bv_metro": 0.008205, "rank_baseline": 257.0, "rank_metro": 685.0, "delta_metro_plot": -0.015001999999999998, "delta_metro_pct": -64.6442883612703, "es_nodo_anillo": false, "tipo_cambio": "pierde"}, "geometry": {"type": "Point", "coordinates": [-99.113, 19.33876]}}, {"type": "Feature", "properties": {"id": "(-99.15029, 19.50472)", "nombre": "Eje Central y Othon de Mendizabal", "sistema": "CC", "alcaldia_municipio": "Gustavo A. Madero", "bv_baseline": 0.018408, "bv_metro": 0.008059, "rank_baseline": 318.0, "rank_metro": 693.0, "delta_metro_plot": -0.010349, "delta_metro_pct": -56.220121686223386, "es_nodo_anillo": false, "tipo_cambio": "pierde"}, "geometry": {"type": "Point", "coordinates": [-99.15029, 19.50472]}}, {"type": "Feature", "properties": {"id": "(-99.14722, 19.30194)", "nombre": "Tlalpan y Estadio Azteca", "sistema": "CC", "alcaldia_municipio": "Coyoacán", "bv_baseline": 0.021517, "bv_metro": 0.007893, "rank_baseline": 275.0, "rank_metro": 709.0, "delta_metro_plot": -0.013624, "delta_metro_pct": -63.317376957754334, "es_nodo_anillo": false, "tipo_cambio": "pierde"}, "geometry": {"type": "Point", "coordinates": [-99.14722, 19.30194]}}, {"type": "Feature", "properties": {"id": "(-99.20219, 19.34741)", "nombre": "Anillo Periférico Sur - Desierto de los Leones", "sistema": "RTP", "alcaldia_municipio": "Álvaro Obregón", "bv_baseline": 0.044982, "bv_metro": 0.007777, "rank_baseline": 147.0, "rank_metro": 721.0, "delta_metro_plot": -0.037205, "delta_metro_pct": -82.71086212262684, "es_nodo_anillo": false, "tipo_cambio": "pierde"}, "geometry": {"type": "Point", "coordinates": [-99.20219, 19.34741]}}, {"type": "Feature", "properties": {"id": "(-99.11028, 19.36126)", "nombre": "Atanasio G. Saravia", "sistema": "MB", "alcaldia_municipio": "Iztapalapa", "bv_baseline": 0.018651, "bv_metro": 0.007744, "rank_baseline": 313.0, "rank_metro": 725.0, "delta_metro_plot": -0.010907, "delta_metro_pct": -58.479438099833786, "es_nodo_anillo": false, "tipo_cambio": "pierde"}, "geometry": {"type": "Point", "coordinates": [-99.11028, 19.36126]}}, {"type": "Feature", "properties": {"id": "(-99.14859, 19.34274)", "nombre": "División del Norte", "sistema": "TROLE", "alcaldia_municipio": "Coyoacán", "bv_baseline": 0.021435, "bv_metro": 0.007363, "rank_baseline": 278.0, "rank_metro": 771.0, "delta_metro_plot": -0.014072, "delta_metro_pct": -65.64963844180079, "es_nodo_anillo": false, "tipo_cambio": "pierde"}, "geometry": {"type": "Point", "coordinates": [-99.14859, 19.34274]}}, {"type": "Feature", "properties": {"id": "(-99.14943, 19.29993)", "nombre": "Tlalpan y Glorieta Huipulco", "sistema": "CC", "alcaldia_municipio": "Coyoacán", "bv_baseline": 0.02008, "bv_metro": 0.007358, "rank_baseline": 297.0, "rank_metro": 772.0, "delta_metro_plot": -0.012722, "delta_metro_pct": -63.35657370517928, "es_nodo_anillo": false, "tipo_cambio": "pierde"}, "geometry": {"type": "Point", "coordinates": [-99.14943, 19.29993]}}, {"type": "Feature", "properties": {"id": "(-99.15154, 19.35175)", "nombre": "Hidalgo", "sistema": "TROLE", "alcaldia_municipio": "Coyoacán", "bv_baseline": 0.019615, "bv_metro": 0.006928, "rank_baseline": 302.0, "rank_metro": 826.0, "delta_metro_plot": -0.012687, "delta_metro_pct": -64.68009176650521, "es_nodo_anillo": false, "tipo_cambio": "pierde"}, "geometry": {"type": "Point", "coordinates": [-99.15154, 19.35175]}}, {"type": "Feature", "properties": {"id": "(-99.21157, 19.3305)", "nombre": "Av. San Jerónimo - Anillo Periférico", "sistema": "RTP", "alcaldia_municipio": "La Magdalena Contreras", "bv_baseline": 0.043918, "bv_metro": 0.006736, "rank_baseline": 150.0, "rank_metro": 839.0, "delta_metro_plot": -0.037182, "delta_metro_pct": -84.66232524249739, "es_nodo_anillo": false, "tipo_cambio": "pierde"}, "geometry": {"type": "Point", "coordinates": [-99.21157, 19.3305]}}, {"type": "Feature", "properties": {"id": "(-99.18101, 19.33657)", "nombre": "Odontología", "sistema": "RTP", "alcaldia_municipio": "Coyoacán", "bv_baseline": 0.016864, "bv_metro": 0.006552, "rank_baseline": 342.0, "rank_metro": 861.0, "delta_metro_plot": -0.010312000000000002, "delta_metro_pct": -61.148007590132835, "es_nodo_anillo": false, "tipo_cambio": "pierde"}, "geometry": {"type": "Point", "coordinates": [-99.18101, 19.33657]}}, {"type": "Feature", "properties": {"id": "(-99.22031, 19.31223)", "nombre": "Hospital Ángeles", "sistema": "RTP", "alcaldia_municipio": "La Magdalena Contreras", "bv_baseline": 0.021497, "bv_metro": 0.006219, "rank_baseline": 276.0, "rank_metro": 927.0, "delta_metro_plot": -0.015278, "delta_metro_pct": -71.07038191375541, "es_nodo_anillo": false, "tipo_cambio": "pierde"}, "geometry": {"type": "Point", "coordinates": [-99.22031, 19.31223]}}, {"type": "Feature", "properties": {"id": "(-99.13442, 19.5045)", "nombre": "Palmas", "sistema": "RTP", "alcaldia_municipio": "Gustavo A. Madero", "bv_baseline": 0.017062, "bv_metro": 0.006077, "rank_baseline": 338.0, "rank_metro": 952.0, "delta_metro_plot": -0.010985000000000002, "delta_metro_pct": -64.38283905755482, "es_nodo_anillo": false, "tipo_cambio": "pierde"}, "geometry": {"type": "Point", "coordinates": [-99.13442, 19.5045]}}, {"type": "Feature", "properties": {"id": "(-99.18924, 19.36319)", "nombre": "Barranca del Muerto", "sistema": "RTP", "alcaldia_municipio": "Benito Juárez", "bv_baseline": 0.051679, "bv_metro": 0.00596, "rank_baseline": 117.0, "rank_metro": 980.0, "delta_metro_plot": -0.045719, "delta_metro_pct": -88.46726910350432, "es_nodo_anillo": false, "tipo_cambio": "pierde"}, "geometry": {"type": "Point", "coordinates": [-99.18924, 19.36319]}}, {"type": "Feature", "properties": {"id": "(-99.20203, 19.3479)", "nombre": "Camino al Desierto de los Leones", "sistema": "RTP", "alcaldia_municipio": "Álvaro Obregón", "bv_baseline": 0.052863, "bv_metro": 0.005952, "rank_baseline": 110.0, "rank_metro": 982.0, "delta_metro_plot": -0.046911, "delta_metro_pct": -88.74070711083367, "es_nodo_anillo": false, "tipo_cambio": "pierde"}, "geometry": {"type": "Point", "coordinates": [-99.20203, 19.3479]}}, {"type": "Feature", "properties": {"id": "(-99.141393, 19.34183)", "nombre": "Calzada de Tlalpan - Av. De las Torres", "sistema": "CC", "alcaldia_municipio": "Coyoacán", "bv_baseline": 0.019389, "bv_metro": 0.005951, "rank_baseline": 304.0, "rank_metro": 983.0, "delta_metro_plot": -0.013438, "delta_metro_pct": -69.30733921295581, "es_nodo_anillo": false, "tipo_cambio": "pierde"}, "geometry": {"type": "Point", "coordinates": [-99.141393, 19.34183]}}, {"type": "Feature", "properties": {"id": "(-99.07922, 19.475728)", "nombre": "Puerto Tampico y José Loreto Fabela", "sistema": "CC", "alcaldia_municipio": "Gustavo A. Madero", "bv_baseline": 0.024828, "bv_metro": 0.005789, "rank_baseline": 234.0, "rank_metro": 1014.0, "delta_metro_plot": -0.019039, "delta_metro_pct": -76.6835830513936, "es_nodo_anillo": false, "tipo_cambio": "pierde"}, "geometry": {"type": "Point", "coordinates": [-99.07922, 19.475728]}}, {"type": "Feature", "properties": {"id": "(-99.10602, 19.25226)", "nombre": "Base Deportivo Xochimilco", "sistema": "CC", "alcaldia_municipio": "Xochimilco", "bv_baseline": 0.017733, "bv_metro": 0.005622, "rank_baseline": 327.0, "rank_metro": 1056.0, "delta_metro_plot": -0.012110999999999999, "delta_metro_pct": -68.29639654880731, "es_nodo_anillo": false, "tipo_cambio": "pierde"}, "geometry": {"type": "Point", "coordinates": [-99.10602, 19.25226]}}, {"type": "Feature", "properties": {"id": "(-99.1736, 19.32959)", "nombre": "Jilotzingo", "sistema": "RTP", "alcaldia_municipio": "Coyoacán", "bv_baseline": 0.018774, "bv_metro": 0.005542, "rank_baseline": 309.0, "rank_metro": 1083.0, "delta_metro_plot": -0.013231999999999999, "delta_metro_pct": -70.48045168850538, "es_nodo_anillo": false, "tipo_cambio": "pierde"}, "geometry": {"type": "Point", "coordinates": [-99.1736, 19.32959]}}, {"type": "Feature", "properties": {"id": "(-99.19011, 19.3633)", "nombre": "Tiburcio Sanchez de la Barquera", "sistema": "RTP", "alcaldia_municipio": "Benito Juárez", "bv_baseline": 0.051631, "bv_metro": 0.005506, "rank_baseline": 118.0, "rank_metro": 1095.0, "delta_metro_plot": -0.046125000000000006, "delta_metro_pct": -89.33586411264551, "es_nodo_anillo": false, "tipo_cambio": "pierde"}, "geometry": {"type": "Point", "coordinates": [-99.19011, 19.3633]}}, {"type": "Feature", "properties": {"id": "(-99.17364, 19.32333)", "nombre": "Cetram Universidad anden B", "sistema": "RTP", "alcaldia_municipio": "Coyoacán", "bv_baseline": 0.018731, "bv_metro": 0.005503, "rank_baseline": 310.0, "rank_metro": 1096.0, "delta_metro_plot": -0.013228, "delta_metro_pct": -70.620895841119, "es_nodo_anillo": false, "tipo_cambio": "pierde"}, "geometry": {"type": "Point", "coordinates": [-99.17364, 19.32333]}}, {"type": "Feature", "properties": {"id": "(-99.140243, 19.34316)", "nombre": "CETRAM STC Metro Tasqueña", "sistema": "CC", "alcaldia_municipio": "Coyoacán", "bv_baseline": 0.032308, "bv_metro": 0.005274, "rank_baseline": 198.0, "rank_metro": 1136.0, "delta_metro_plot": -0.027034000000000002, "delta_metro_pct": -83.6758697536214, "es_nodo_anillo": false, "tipo_cambio": "pierde"}, "geometry": {"type": "Point", "coordinates": [-99.140243, 19.34316]}}, {"type": "Feature", "properties": {"id": "(-99.14048, 19.34368)", "nombre": "Tasqueña", "sistema": "TL", "alcaldia_municipio": "Coyoacán", "bv_baseline": 0.032284, "bv_metro": 0.005259, "rank_baseline": 199.0, "rank_metro": 1139.0, "delta_metro_plot": -0.027025, "delta_metro_pct": -83.71019700161071, "es_nodo_anillo": false, "tipo_cambio": "pierde"}, "geometry": {"type": "Point", "coordinates": [-99.14048, 19.34368]}}, {"type": "Feature", "properties": {"id": "(-99.192304, 19.360656)", "nombre": "Andes", "sistema": "CC", "alcaldia_municipio": "Álvaro Obregón", "bv_baseline": 0.023324, "bv_metro": 0.004934, "rank_baseline": 250.0, "rank_metro": 1225.0, "delta_metro_plot": -0.01839, "delta_metro_pct": -78.84582404390328, "es_nodo_anillo": false, "tipo_cambio": "pierde"}, "geometry": {"type": "Point", "coordinates": [-99.192304, 19.360656]}}, {"type": "Feature", "properties": {"id": "(-99.19615, 19.44342)", "nombre": "Av. Río San Joaquin - Lago Erne", "sistema": "CC", "alcaldia_municipio": "Miguel Hidalgo", "bv_baseline": 0.015431, "bv_metro": 0.004919, "rank_baseline": 375.0, "rank_metro": 1230.0, "delta_metro_plot": -0.010512, "delta_metro_pct": -68.12261032985549, "es_nodo_anillo": false, "tipo_cambio": "pierde"}, "geometry": {"type": "Point", "coordinates": [-99.19615, 19.44342]}}, {"type": "Feature", "properties": {"id": "(-99.18987, 19.33857)", "nombre": "Av. Insurgentes", "sistema": "RTP", "alcaldia_municipio": "Coyoacán", "bv_baseline": 0.014597, "bv_metro": 0.004471, "rank_baseline": 408.0, "rank_metro": 1335.0, "delta_metro_plot": -0.010126, "delta_metro_pct": -69.37041857916009, "es_nodo_anillo": false, "tipo_cambio": "pierde"}, "geometry": {"type": "Point", "coordinates": [-99.18987, 19.33857]}}, {"type": "Feature", "properties": {"id": "(-99.12018, 19.27406)", "nombre": "Av. de la Noria y Preparatoria 1", "sistema": "RTP", "alcaldia_municipio": "Xochimilco", "bv_baseline": 0.023209, "bv_metro": 0.004152, "rank_baseline": 256.0, "rank_metro": 1448.0, "delta_metro_plot": -0.019057, "delta_metro_pct": -82.1103882114697, "es_nodo_anillo": false, "tipo_cambio": "pierde"}, "geometry": {"type": "Point", "coordinates": [-99.12018, 19.27406]}}, {"type": "Feature", "properties": {"id": "(-99.11179, 19.30681)", "nombre": "Vista Hermosa", "sistema": "MB", "alcaldia_municipio": "Coyoacán", "bv_baseline": 0.024047, "bv_metro": 0.003985, "rank_baseline": 240.0, "rank_metro": 1503.0, "delta_metro_plot": -0.020062, "delta_metro_pct": -83.42828627271594, "es_nodo_anillo": false, "tipo_cambio": "pierde"}, "geometry": {"type": "Point", "coordinates": [-99.11179, 19.30681]}}, {"type": "Feature", "properties": {"id": "(-99.11354, 19.30091)", "nombre": "Calzada del Hueso", "sistema": "MB", "alcaldia_municipio": "Coyoacán", "bv_baseline": 0.023905, "bv_metro": 0.003886, "rank_baseline": 241.0, "rank_metro": 1526.0, "delta_metro_plot": -0.020019, "delta_metro_pct": -83.74398661367916, "es_nodo_anillo": false, "tipo_cambio": "pierde"}, "geometry": {"type": "Point", "coordinates": [-99.11354, 19.30091]}}, {"type": "Feature", "properties": {"id": "(-99.11449, 19.29541)", "nombre": "Cañaverales", "sistema": "MB", "alcaldia_municipio": "Tlalpan", "bv_baseline": 0.023771, "bv_metro": 0.003804, "rank_baseline": 246.0, "rank_metro": 1558.0, "delta_metro_plot": -0.019967, "delta_metro_pct": -83.99730764376761, "es_nodo_anillo": false, "tipo_cambio": "pierde"}, "geometry": {"type": "Point", "coordinates": [-99.11449, 19.29541]}}, {"type": "Feature", "properties": {"id": "(-99.12051, 19.27351)", "nombre": "Preparatoria 1", "sistema": "MB", "alcaldia_municipio": "Xochimilco", "bv_baseline": 0.023287, "bv_metro": 0.00377, "rank_baseline": 251.0, "rank_metro": 1568.0, "delta_metro_plot": -0.019517, "delta_metro_pct": -83.8107098381071, "es_nodo_anillo": false, "tipo_cambio": "pierde"}, "geometry": {"type": "Point", "coordinates": [-99.12051, 19.27351]}}, {"type": "Feature", "properties": {"id": "(-99.1168, 19.28104)", "nombre": "Circuito Cuemanco", "sistema": "MB", "alcaldia_municipio": "Xochimilco", "bv_baseline": 0.023523, "bv_metro": 0.003745, "rank_baseline": 249.0, "rank_metro": 1576.0, "delta_metro_plot": -0.019777999999999997, "delta_metro_pct": -84.0794116396718, "es_nodo_anillo": false, "tipo_cambio": "pierde"}, "geometry": {"type": "Point", "coordinates": [-99.1168, 19.28104]}}, {"type": "Feature", "properties": {"id": "(-99.141447, 19.341575)", "nombre": "Cerro Huitzilac", "sistema": "TROLE", "alcaldia_municipio": "Coyoacán", "bv_baseline": 0.016076, "bv_metro": 0.003647, "rank_baseline": 357.0, "rank_metro": 1610.0, "delta_metro_plot": -0.012428999999999999, "delta_metro_pct": -77.31400845981587, "es_nodo_anillo": false, "tipo_cambio": "pierde"}, "geometry": {"type": "Point", "coordinates": [-99.141447, 19.341575]}}, {"type": "Feature", "properties": {"id": "(-99.19509, 19.3583)", "nombre": "Periférico - Las Aguilas", "sistema": "CC", "alcaldia_municipio": "Álvaro Obregón", "bv_baseline": 0.025534, "bv_metro": 0.003241, "rank_baseline": 229.0, "rank_metro": 1808.0, "delta_metro_plot": -0.022293, "delta_metro_pct": -87.30711991853998, "es_nodo_anillo": false, "tipo_cambio": "pierde"}, "geometry": {"type": "Point", "coordinates": [-99.19509, 19.3583]}}, {"type": "Feature", "properties": {"id": "(-99.19005, 19.356)", "nombre": "Roberto Boker", "sistema": "RTP", "alcaldia_municipio": "Álvaro Obregón", "bv_baseline": 0.014413, "bv_metro": 0.00322, "rank_baseline": 415.0, "rank_metro": 1819.0, "delta_metro_plot": -0.011193, "delta_metro_pct": -77.65905779504614, "es_nodo_anillo": false, "tipo_cambio": "pierde"}, "geometry": {"type": "Point", "coordinates": [-99.19005, 19.356]}}, {"type": "Feature", "properties": {"id": "(-99.19902, 19.35556)", "nombre": "Periférico - Las Flores", "sistema": "CC", "alcaldia_municipio": "Álvaro Obregón", "bv_baseline": 0.023779, "bv_metro": 0.003111, "rank_baseline": 245.0, "rank_metro": 1874.0, "delta_metro_plot": -0.020668000000000002, "delta_metro_pct": -86.91702762942091, "es_nodo_anillo": false, "tipo_cambio": "pierde"}, "geometry": {"type": "Point", "coordinates": [-99.19902, 19.35556]}}, {"type": "Feature", "properties": {"id": "(-99.20338, 19.34044)", "nombre": "Anillo Periférico Sur - Av. Toluca", "sistema": "RTP", "alcaldia_municipio": "Álvaro Obregón", "bv_baseline": 0.04606, "bv_metro": 0.002415, "rank_baseline": 141.0, "rank_metro": 2287.0, "delta_metro_plot": -0.043644999999999996, "delta_metro_pct": -94.75683890577507, "es_nodo_anillo": false, "tipo_cambio": "pierde"}, "geometry": {"type": "Point", "coordinates": [-99.20338, 19.34044]}}, {"type": "Feature", "properties": {"id": "(-99.11549, 19.28522)", "nombre": "Muyuguarda", "sistema": "MB", "alcaldia_municipio": "Xochimilco", "bv_baseline": 0.016265, "bv_metro": 0.002098, "rank_baseline": 352.0, "rank_metro": 2529.0, "delta_metro_plot": -0.014167000000000003, "delta_metro_pct": -87.10113741162006, "es_nodo_anillo": false, "tipo_cambio": "pierde"}, "geometry": {"type": "Point", "coordinates": [-99.11549, 19.28522]}}, {"type": "Feature", "properties": {"id": "(-99.11809, 19.27747)", "nombre": "DIF Xochimilco", "sistema": "MB", "alcaldia_municipio": "Xochimilco", "bv_baseline": 0.016146, "bv_metro": 0.002094, "rank_baseline": 355.0, "rank_metro": 2535.0, "delta_metro_plot": -0.014052, "delta_metro_pct": -87.03084355258268, "es_nodo_anillo": false, "tipo_cambio": "pierde"}, "geometry": {"type": "Point", "coordinates": [-99.11809, 19.27747]}}, {"type": "Feature", "properties": {"id": "(-99.21116, 19.3315)", "nombre": "Anillo Periférico Sur - San Jerónimo", "sistema": "RTP", "alcaldia_municipio": "La Magdalena Contreras", "bv_baseline": 0.042857, "bv_metro": 0.001957, "rank_baseline": 153.0, "rank_metro": 2670.0, "delta_metro_plot": -0.0409, "delta_metro_pct": -95.43365144550482, "es_nodo_anillo": false, "tipo_cambio": "pierde"}, "geometry": {"type": "Point", "coordinates": [-99.21116, 19.3315]}}, {"type": "Feature", "properties": {"id": "(-99.19096, 19.36316)", "nombre": "Anillo  Periférico Sur - Barranca del Muerto", "sistema": "RTP", "alcaldia_municipio": "Álvaro Obregón", "bv_baseline": 0.047632, "bv_metro": 0.001897, "rank_baseline": 134.0, "rank_metro": 2724.0, "delta_metro_plot": -0.045735, "delta_metro_pct": -96.01738327175009, "es_nodo_anillo": false, "tipo_cambio": "pierde"}, "geometry": {"type": "Point", "coordinates": [-99.19096, 19.36316]}}, {"type": "Feature", "properties": {"id": "(-99.139594, 19.342846)", "nombre": "Tasqueña", "sistema": "TROLE", "alcaldia_municipio": "Coyoacán", "bv_baseline": 0.013449, "bv_metro": 0.001425, "rank_baseline": 469.0, "rank_metro": 3283.0, "delta_metro_plot": -0.012024, "delta_metro_pct": -89.40441668525541, "es_nodo_anillo": false, "tipo_cambio": "pierde"}, "geometry": {"type": "Point", "coordinates": [-99.139594, 19.342846]}}, {"type": "Feature", "properties": {"id": "(-99.21293, 19.32702)", "nombre": "Cerrada Redención", "sistema": "RTP", "alcaldia_municipio": "La Magdalena Contreras", "bv_baseline": 0.047434, "bv_metro": 0.000898, "rank_baseline": 137.0, "rank_metro": 4289.0, "delta_metro_plot": -0.046535999999999994, "delta_metro_pct": -98.10684319264661, "es_nodo_anillo": false, "tipo_cambio": "pierde"}, "geometry": {"type": "Point", "coordinates": [-99.21293, 19.32702]}}, {"type": "Feature", "properties": {"id": "(-99.20069, 19.34941)", "nombre": "Anillo Periférico", "sistema": "RTP", "alcaldia_municipio": "Álvaro Obregón", "bv_baseline": 0.050233, "bv_metro": 0.000827, "rank_baseline": 127.0, "rank_metro": 4501.0, "delta_metro_plot": -0.049406, "delta_metro_pct": -98.35367188899727, "es_nodo_anillo": false, "tipo_cambio": "pierde"}, "geometry": {"type": "Point", "coordinates": [-99.20069, 19.34941]}}, {"type": "Feature", "properties": {"id": "(-99.18914, 19.36147)", "nombre": "Barranca del Muerto", "sistema": "RTP", "alcaldia_municipio": "Álvaro Obregón", "bv_baseline": 0.044714, "bv_metro": 0.000817, "rank_baseline": 148.0, "rank_metro": 4531.0, "delta_metro_plot": -0.043897, "delta_metro_pct": -98.1728317752829, "es_nodo_anillo": false, "tipo_cambio": "pierde"}, "geometry": {"type": "Point", "coordinates": [-99.18914, 19.36147]}}, {"type": "Feature", "properties": {"id": "(-99.19856, 19.35676)", "nombre": "Periférico - Las Flores", "sistema": "CC", "alcaldia_municipio": "Álvaro Obregón", "bv_baseline": 0.021624, "bv_metro": 0.000709, "rank_baseline": 272.0, "rank_metro": 4875.0, "delta_metro_plot": -0.020915, "delta_metro_pct": -96.72123566407694, "es_nodo_anillo": false, "tipo_cambio": "pierde"}, "geometry": {"type": "Point", "coordinates": [-99.19856, 19.35676]}}, {"type": "Feature", "properties": {"id": "(-99.15596, 19.29549)", "nombre": "Anillo Periférico Blvd. Adolfo Ruiz Cortines - Tlalpan", "sistema": "RTP", "alcaldia_municipio": "Tlalpan", "bv_baseline": 0.015019, "bv_metro": 0.000623, "rank_baseline": 387.0, "rank_metro": 5198.0, "delta_metro_plot": -0.014395999999999999, "delta_metro_pct": -95.8519209001931, "es_nodo_anillo": false, "tipo_cambio": "pierde"}, "geometry": {"type": "Point", "coordinates": [-99.15596, 19.29549]}}, {"type": "Feature", "properties": {"id": "(-99.19894, 19.35569)", "nombre": "Anillo Periférico Sur - Av.  las Flores", "sistema": "RTP", "alcaldia_municipio": "Álvaro Obregón", "bv_baseline": 0.045628, "bv_metro": 0.000606, "rank_baseline": 144.0, "rank_metro": 5256.0, "delta_metro_plot": -0.045022, "delta_metro_pct": -98.67186815113527, "es_nodo_anillo": false, "tipo_cambio": "pierde"}, "geometry": {"type": "Point", "coordinates": [-99.19894, 19.35569]}}, {"type": "Feature", "properties": {"id": "(-99.21892, 19.32252)", "nombre": "Luis Cabrera", "sistema": "RTP", "alcaldia_municipio": "La Magdalena Contreras", "bv_baseline": 0.04615, "bv_metro": 0.000519, "rank_baseline": 140.0, "rank_metro": 5626.0, "delta_metro_plot": -0.045631, "delta_metro_pct": -98.87540628385699, "es_nodo_anillo": false, "tipo_cambio": "pierde"}, "geometry": {"type": "Point", "coordinates": [-99.21892, 19.32252]}}, {"type": "Feature", "properties": {"id": "(-99.199966, 19.353917)", "nombre": "Jardin", "sistema": "CC", "alcaldia_municipio": "Álvaro Obregón", "bv_baseline": 0.022952, "bv_metro": 0.000508, "rank_baseline": 259.0, "rank_metro": 5658.0, "delta_metro_plot": -0.022444, "delta_metro_pct": -97.78668525618681, "es_nodo_anillo": false, "tipo_cambio": "pierde"}, "geometry": {"type": "Point", "coordinates": [-99.199966, 19.353917]}}, {"type": "Feature", "properties": {"id": "(-99.19855, 19.3567)", "nombre": "Anillo Periférico Sur - Las Flores", "sistema": "RTP", "alcaldia_municipio": "Álvaro Obregón", "bv_baseline": 0.045234, "bv_metro": 0.000487, "rank_baseline": 146.0, "rank_metro": 5730.0, "delta_metro_plot": -0.044747, "delta_metro_pct": -98.92337622142637, "es_nodo_anillo": false, "tipo_cambio": "pierde"}, "geometry": {"type": "Point", "coordinates": [-99.19855, 19.3567]}}, {"type": "Feature", "properties": {"id": "(-99.21518, 19.32513)", "nombre": "Anillo Periférico - DIF", "sistema": "RTP", "alcaldia_municipio": "La Magdalena Contreras", "bv_baseline": 0.04062, "bv_metro": 0.000368, "rank_baseline": 163.0, "rank_metro": 6334.0, "delta_metro_plot": -0.040252, "delta_metro_pct": -99.09404234367305, "es_nodo_anillo": false, "tipo_cambio": "pierde"}, "geometry": {"type": "Point", "coordinates": [-99.21518, 19.32513]}}, {"type": "Feature", "properties": {"id": "(-99.21173, 19.32923)", "nombre": "Anillo Periférico Blvd. Adolfo Ruiz Cortines - Tarasquillo", "sistema": "RTP", "alcaldia_municipio": "La Magdalena Contreras", "bv_baseline": 0.043376, "bv_metro": 0.000335, "rank_baseline": 152.0, "rank_metro": 6497.0, "delta_metro_plot": -0.043040999999999996, "delta_metro_pct": -99.22768351161933, "es_nodo_anillo": false, "tipo_cambio": "pierde"}, "geometry": {"type": "Point", "coordinates": [-99.21173, 19.32923]}}, {"type": "Feature", "properties": {"id": "(-99.06643, 19.33046)", "nombre": "Anillo Periférico Canal de Garay - Mercado Bella Vista", "sistema": "RTP", "alcaldia_municipio": "Iztapalapa", "bv_baseline": 0.010838, "bv_metro": 0.000322, "rank_baseline": 589.0, "rank_metro": 6575.0, "delta_metro_plot": -0.010516000000000001, "delta_metro_pct": -97.02897213508028, "es_nodo_anillo": false, "tipo_cambio": "pierde"}, "geometry": {"type": "Point", "coordinates": [-99.06643, 19.33046]}}, {"type": "Feature", "properties": {"id": "(-99.15715, 19.29703)", "nombre": "Anillo Periférico Blvd. Adolfo Ruiz Cortines - Renato Leduc", "sistema": "RTP", "alcaldia_municipio": "Tlalpan", "bv_baseline": 0.014365, "bv_metro": 0.000209, "rank_baseline": 419.0, "rank_metro": 7422.0, "delta_metro_plot": -0.014155999999999998, "delta_metro_pct": -98.54507483466759, "es_nodo_anillo": false, "tipo_cambio": "pierde"}, "geometry": {"type": "Point", "coordinates": [-99.15715, 19.29703]}}, {"type": "Feature", "properties": {"id": "(-99.20126, 19.34854)", "nombre": "Anillo Periférico Sur - Altavista", "sistema": "RTP", "alcaldia_municipio": "Álvaro Obregón", "bv_baseline": 0.048957, "bv_metro": 0.000139, "rank_baseline": 131.0, "rank_metro": 8119.0, "delta_metro_plot": -0.048818, "delta_metro_pct": -99.7160773740221, "es_nodo_anillo": false, "tipo_cambio": "pierde"}, "geometry": {"type": "Point", "coordinates": [-99.20126, 19.34854]}}, {"type": "Feature", "properties": {"id": "(-99.20265, 19.34458)", "nombre": "Televisa - San Ángel", "sistema": "RTP", "alcaldia_municipio": "Álvaro Obregón", "bv_baseline": 0.041788, "bv_metro": 9.9e-05, "rank_baseline": 157.0, "rank_metro": 8480.0, "delta_metro_plot": -0.041689, "delta_metro_pct": -99.76308988226285, "es_nodo_anillo": false, "tipo_cambio": "pierde"}, "geometry": {"type": "Point", "coordinates": [-99.20265, 19.34458]}}, {"type": "Feature", "properties": {"id": "(-99.17609, 19.30297)", "nombre": "Anillo Periférico Blvd. Adolfo Ruiz Cortines - Sala Ollin Yoliztli", "sistema": "RTP", "alcaldia_municipio": "Tlalpan", "bv_baseline": 0.013955, "bv_metro": 6.4e-05, "rank_baseline": 439.0, "rank_metro": 9093.0, "delta_metro_plot": -0.013891, "delta_metro_pct": -99.54138301683984, "es_nodo_anillo": false, "tipo_cambio": "pierde"}, "geometry": {"type": "Point", "coordinates": [-99.17609, 19.30297]}}, {"type": "Feature", "properties": {"id": "(-99.17234, 19.3024)", "nombre": "Anillo Periférico Blvd. Adolfo Ruiz Cortines - Oriente 4", "sistema": "RTP", "alcaldia_municipio": "Tlalpan", "bv_baseline": 0.014031, "bv_metro": 6.4e-05, "rank_baseline": 437.0, "rank_metro": 9093.0, "delta_metro_plot": -0.013967, "delta_metro_pct": -99.54386715130782, "es_nodo_anillo": false, "tipo_cambio": "pierde"}, "geometry": {"type": "Point", "coordinates": [-99.17234, 19.3024]}}, {"type": "Feature", "properties": {"id": "(-99.06459, 19.33437)", "nombre": "Anillo Periférico Canal de Garay - Iztacihuatl", "sistema": "RTP", "alcaldia_municipio": "Iztapalapa", "bv_baseline": 0.010847, "bv_metro": 6.4e-05, "rank_baseline": 588.0, "rank_metro": 9093.0, "delta_metro_plot": -0.010783000000000001, "delta_metro_pct": -99.40997510832487, "es_nodo_anillo": false, "tipo_cambio": "pierde"}, "geometry": {"type": "Point", "coordinates": [-99.06459, 19.33437]}}, {"type": "Feature", "properties": {"id": "(-99.16887, 19.30246)", "nombre": "Anillo Periférico Blvd. Adolfo Ruiz Cortines - Paris 1900", "sistema": "RTP", "alcaldia_municipio": "Coyoacán", "bv_baseline": 0.011372, "bv_metro": 2.3e-05, "rank_baseline": 566.0, "rank_metro": 9458.0, "delta_metro_plot": -0.011349, "delta_metro_pct": -99.79774885684137, "es_nodo_anillo": false, "tipo_cambio": "pierde"}, "geometry": {"type": "Point", "coordinates": [-99.16887, 19.30246]}}]}